Copyright 1986-2022 Xilinx, Inc. All Rights Reserved. Copyright 2022-2024 Advanced Micro Devices, Inc. All Rights Reserved.
---------------------------------------------------------------------------------------------------------------------------------------------------------------------------------------------------------------------------------------------------
| Tool Version : Vivado v.2024.2 (win64) Build 5239630 Fri Nov 08 22:35:27 MST 2024
| Date         : Wed Jan  7 13:48:25 2026
| Host         : DESKTOP-6GKB5CJ running 64-bit major release  (build 9200)
| Command      : report_timing_summary -max_paths 10 -report_unconstrained -file fpga_mnist_wrapper_timing_summary_routed.rpt -pb fpga_mnist_wrapper_timing_summary_routed.pb -rpx fpga_mnist_wrapper_timing_summary_routed.rpx -warn_on_violation
| Design       : fpga_mnist_wrapper
| Device       : 7a35t-cpg236
| Speed File   : -1  PRODUCTION 1.23 2018-06-13
| Design State : Routed
---------------------------------------------------------------------------------------------------------------------------------------------------------------------------------------------------------------------------------------------------

Timing Summary Report

------------------------------------------------------------------------------------------------
| Timer Settings
| --------------
------------------------------------------------------------------------------------------------

  Enable Multi Corner Analysis               :  Yes
  Enable Pessimism Removal                   :  Yes
  Pessimism Removal Resolution               :  Nearest Common Node
  Enable Input Delay Default Clock           :  No
  Enable Preset / Clear Arcs                 :  No
  Disable Flight Delays                      :  No
  Ignore I/O Paths                           :  No
  Timing Early Launch at Borrowing Latches   :  No
  Borrow Time for Max Delay Exceptions       :  Yes
  Merge Timing Exceptions                    :  Yes
  Inter-SLR Compensation                     :  Conservative

  Corner  Analyze    Analyze    
  Name    Max Paths  Min Paths  
  ------  ---------  ---------  
  Slow    Yes        Yes        
  Fast    Yes        Yes        


------------------------------------------------------------------------------------------------
| Report Methodology
| ------------------
------------------------------------------------------------------------------------------------

Rule       Severity  Description                    Violations  
---------  --------  -----------------------------  ----------  
TIMING-18  Warning   Missing input or output delay  10          

Note: This report is based on the most recent report_methodology run and may not be up-to-date. Run report_methodology on the current design for the latest report.



check_timing report

Table of Contents
-----------------
1. checking no_clock (0)
2. checking constant_clock (0)
3. checking pulse_width_clock (0)
4. checking unconstrained_internal_endpoints (0)
5. checking no_input_delay (2)
6. checking no_output_delay (8)
7. checking multiple_clock (0)
8. checking generated_clocks (0)
9. checking loops (0)
10. checking partial_input_delay (0)
11. checking partial_output_delay (0)
12. checking latch_loops (0)

1. checking no_clock (0)
------------------------
 There are 0 register/latch pins with no clock.


2. checking constant_clock (0)
------------------------------
 There are 0 register/latch pins with constant_clock.


3. checking pulse_width_clock (0)
---------------------------------
 There are 0 register/latch pins which need pulse_width check


4. checking unconstrained_internal_endpoints (0)
------------------------------------------------
 There are 0 pins that are not constrained for maximum delay.

 There are 0 pins that are not constrained for maximum delay due to constant clock.


5. checking no_input_delay (2)
------------------------------
 There are 2 input ports with no input delay specified. (HIGH)

 There are 0 input ports with no input delay but user has a false path constraint.


6. checking no_output_delay (8)
-------------------------------
 There are 8 ports with no output delay specified. (HIGH)

 There are 0 ports with no output delay but user has a false path constraint

 There are 0 ports with no output delay but with a timing clock defined on it or propagating through it


7. checking multiple_clock (0)
------------------------------
 There are 0 register/latch pins with multiple clocks.


8. checking generated_clocks (0)
--------------------------------
 There are 0 generated clocks that are not connected to a clock source.


9. checking loops (0)
---------------------
 There are 0 combinational loops in the design.


10. checking partial_input_delay (0)
------------------------------------
 There are 0 input ports with partial input delay specified.


11. checking partial_output_delay (0)
-------------------------------------
 There are 0 ports with partial output delay specified.


12. checking latch_loops (0)
----------------------------
 There are 0 combinational latch loops in the design through latch input



------------------------------------------------------------------------------------------------
| Design Timing Summary
| ---------------------
------------------------------------------------------------------------------------------------

    WNS(ns)      TNS(ns)  TNS Failing Endpoints  TNS Total Endpoints      WHS(ns)      THS(ns)  THS Failing Endpoints  THS Total Endpoints     WPWS(ns)     TPWS(ns)  TPWS Failing Endpoints  TPWS Total Endpoints  
    -------      -------  ---------------------  -------------------      -------      -------  ---------------------  -------------------     --------     --------  ----------------------  --------------------  
      2.095        0.000                      0                 5706        0.027        0.000                      0                 5706        3.000        0.000                       0                  2179  


All user specified timing constraints are met.


------------------------------------------------------------------------------------------------
| Clock Summary
| -------------
------------------------------------------------------------------------------------------------

Clock                              Waveform(ns)       Period(ns)      Frequency(MHz)
-----                              ------------       ----------      --------------
sys_clock                          {0.000 5.000}      10.000          100.000         
  clk_out1_fpga_mnist_clk_wiz_0_0  {0.000 5.000}      10.000          100.000         
  clkfbout_fpga_mnist_clk_wiz_0_0  {0.000 5.000}      10.000          100.000         


------------------------------------------------------------------------------------------------
| Intra Clock Table
| -----------------
------------------------------------------------------------------------------------------------

Clock                                  WNS(ns)      TNS(ns)  TNS Failing Endpoints  TNS Total Endpoints      WHS(ns)      THS(ns)  THS Failing Endpoints  THS Total Endpoints     WPWS(ns)     TPWS(ns)  TPWS Failing Endpoints  TPWS Total Endpoints  
-----                                  -------      -------  ---------------------  -------------------      -------      -------  ---------------------  -------------------     --------     --------  ----------------------  --------------------  
sys_clock                                                                                                                                                                            3.000        0.000                       0                     1  
  clk_out1_fpga_mnist_clk_wiz_0_0        2.095        0.000                      0                 5218        0.027        0.000                      0                 5218        3.750        0.000                       0                  2175  
  clkfbout_fpga_mnist_clk_wiz_0_0                                                                                                                                                    7.845        0.000                       0                     3  


------------------------------------------------------------------------------------------------
| Inter Clock Table
| -----------------
------------------------------------------------------------------------------------------------

From Clock    To Clock          WNS(ns)      TNS(ns)  TNS Failing Endpoints  TNS Total Endpoints      WHS(ns)      THS(ns)  THS Failing Endpoints  THS Total Endpoints  
----------    --------          -------      -------  ---------------------  -------------------      -------      -------  ---------------------  -------------------  


------------------------------------------------------------------------------------------------
| Other Path Groups Table
| -----------------------
------------------------------------------------------------------------------------------------

Path Group                       From Clock                       To Clock                             WNS(ns)      TNS(ns)  TNS Failing Endpoints  TNS Total Endpoints      WHS(ns)      THS(ns)  THS Failing Endpoints  THS Total Endpoints  
----------                       ----------                       --------                             -------      -------  ---------------------  -------------------      -------      -------  ---------------------  -------------------  
**async_default**                clk_out1_fpga_mnist_clk_wiz_0_0  clk_out1_fpga_mnist_clk_wiz_0_0        3.782        0.000                      0                  488        1.429        0.000                      0                  488  


------------------------------------------------------------------------------------------------
| User Ignored Path Table
| -----------------------
------------------------------------------------------------------------------------------------

Path Group                       From Clock                       To Clock                       
----------                       ----------                       --------                       
(none)                                                            clk_out1_fpga_mnist_clk_wiz_0_0  
(none)                           clk_out1_fpga_mnist_clk_wiz_0_0  clk_out1_fpga_mnist_clk_wiz_0_0  


------------------------------------------------------------------------------------------------
| Unconstrained Path Table
| ------------------------
------------------------------------------------------------------------------------------------

Path Group                       From Clock                       To Clock                       
----------                       ----------                       --------                       
(none)                           clk_out1_fpga_mnist_clk_wiz_0_0                                   
(none)                           clkfbout_fpga_mnist_clk_wiz_0_0                                   
(none)                                                            clk_out1_fpga_mnist_clk_wiz_0_0  


------------------------------------------------------------------------------------------------
| Timing Details
| --------------
------------------------------------------------------------------------------------------------


---------------------------------------------------------------------------------------------------
From Clock:  sys_clock
  To Clock:  sys_clock

Setup :           NA  Failing Endpoints,  Worst Slack           NA  ,  Total Violation           NA
Hold  :           NA  Failing Endpoints,  Worst Slack           NA  ,  Total Violation           NA
PW    :            0  Failing Endpoints,  Worst Slack        3.000ns,  Total Violation        0.000ns
---------------------------------------------------------------------------------------------------


Pulse Width Checks
--------------------------------------------------------------------------------------
Clock Name:         sys_clock
Waveform(ns):       { 0.000 5.000 }
Period(ns):         10.000
Sources:            { sys_clock }

Check Type        Corner  Lib Pin            Reference Pin  Required(ns)  Actual(ns)  Slack(ns)  Location         Pin
Min Period        n/a     MMCME2_ADV/CLKIN1  n/a            1.249         10.000      8.751      MMCME2_ADV_X1Y0  fpga_mnist_i/clk_wiz_0/inst/mmcm_adv_inst/CLKIN1
Max Period        n/a     MMCME2_ADV/CLKIN1  n/a            100.000       10.000      90.000     MMCME2_ADV_X1Y0  fpga_mnist_i/clk_wiz_0/inst/mmcm_adv_inst/CLKIN1
Low Pulse Width   Slow    MMCME2_ADV/CLKIN1  n/a            2.000         5.000       3.000      MMCME2_ADV_X1Y0  fpga_mnist_i/clk_wiz_0/inst/mmcm_adv_inst/CLKIN1
Low Pulse Width   Fast    MMCME2_ADV/CLKIN1  n/a            2.000         5.000       3.000      MMCME2_ADV_X1Y0  fpga_mnist_i/clk_wiz_0/inst/mmcm_adv_inst/CLKIN1
High Pulse Width  Slow    MMCME2_ADV/CLKIN1  n/a            2.000         5.000       3.000      MMCME2_ADV_X1Y0  fpga_mnist_i/clk_wiz_0/inst/mmcm_adv_inst/CLKIN1
High Pulse Width  Fast    MMCME2_ADV/CLKIN1  n/a            2.000         5.000       3.000      MMCME2_ADV_X1Y0  fpga_mnist_i/clk_wiz_0/inst/mmcm_adv_inst/CLKIN1



---------------------------------------------------------------------------------------------------
From Clock:  clk_out1_fpga_mnist_clk_wiz_0_0
  To Clock:  clk_out1_fpga_mnist_clk_wiz_0_0

Setup :            0  Failing Endpoints,  Worst Slack        2.095ns,  Total Violation        0.000ns
Hold  :            0  Failing Endpoints,  Worst Slack        0.027ns,  Total Violation        0.000ns
PW    :            0  Failing Endpoints,  Worst Slack        3.750ns,  Total Violation        0.000ns
---------------------------------------------------------------------------------------------------


Max Delay Paths
--------------------------------------------------------------------------------------
Slack (MET) :             2.095ns  (required time - arrival time)
  Source:                 <hidden>
                            (rising edge-triggered cell FDRE clocked by clk_out1_fpga_mnist_clk_wiz_0_0  {rise@0.000ns fall@5.000ns period=10.000ns})
  Destination:            <hidden>
                            (rising edge-triggered cell FDRE clocked by clk_out1_fpga_mnist_clk_wiz_0_0  {rise@0.000ns fall@5.000ns period=10.000ns})
  Path Group:             clk_out1_fpga_mnist_clk_wiz_0_0
  Path Type:              Setup (Max at Slow Process Corner)
  Requirement:            10.000ns  (clk_out1_fpga_mnist_clk_wiz_0_0 rise@10.000ns - clk_out1_fpga_mnist_clk_wiz_0_0 rise@0.000ns)
  Data Path Delay:        6.975ns  (logic 0.743ns (10.652%)  route 6.232ns (89.348%))
  Logic Levels:           1  (LUT2=1)
  Clock Path Skew:        -0.123ns (DCD - SCD + CPR)
    Destination Clock Delay (DCD):    -1.563ns = ( 8.437 - 10.000 ) 
    Source Clock Delay      (SCD):    -0.877ns
    Clock Pessimism Removal (CPR):    0.564ns
  Clock Uncertainty:      0.074ns  ((TSJ^2 + DJ^2)^1/2) / 2 + PE
    Total System Jitter     (TSJ):    0.071ns
    Discrete Jitter          (DJ):    0.131ns
    Phase Error              (PE):    0.000ns

    Location             Delay type                Incr(ns)  Path(ns)    Netlist Resource(s)
  -------------------------------------------------------------------    -------------------
                         (clock clk_out1_fpga_mnist_clk_wiz_0_0 rise edge)
                                                      0.000     0.000 r  
    W5                                                0.000     0.000 r  sys_clock (IN)
                         net (fo=0)                   0.000     0.000    fpga_mnist_i/clk_wiz_0/inst/clk_in1
    W5                   IBUF (Prop_ibuf_I_O)         1.458     1.458 r  fpga_mnist_i/clk_wiz_0/inst/clkin1_ibufg/O
                         net (fo=1, routed)           1.233     2.691    fpga_mnist_i/clk_wiz_0/inst/clk_in1_fpga_mnist_clk_wiz_0_0
    MMCME2_ADV_X1Y0      MMCME2_ADV (Prop_mmcme2_adv_CLKIN1_CLKOUT0)
                                                     -6.961    -4.269 r  fpga_mnist_i/clk_wiz_0/inst/mmcm_adv_inst/CLKOUT0
                         net (fo=1, routed)           1.661    -2.608    fpga_mnist_i/clk_wiz_0/inst/clk_out1_fpga_mnist_clk_wiz_0_0
    BUFGCTRL_X0Y0        BUFG (Prop_bufg_I_O)         0.096    -2.512 r  fpga_mnist_i/clk_wiz_0/inst/clkout1_buf/O
                         net (fo=2173, routed)        1.635    -0.877    <hidden>
    SLICE_X58Y10         FDRE                                         r  <hidden>
  -------------------------------------------------------------------    -------------------
    SLICE_X58Y10         FDRE (Prop_fdre_C_Q)         0.419    -0.458 r  <hidden>
                         net (fo=538, routed)         3.153     2.695    <hidden>
    SLICE_X59Y24         LUT2 (Prop_lut2_I0_O)        0.324     3.019 r  <hidden>
                         net (fo=32, routed)          3.079     6.099    <hidden>
    SLICE_X42Y23         FDRE                                         r  <hidden>
  -------------------------------------------------------------------    -------------------

                         (clock clk_out1_fpga_mnist_clk_wiz_0_0 rise edge)
                                                     10.000    10.000 r  
    W5                                                0.000    10.000 r  sys_clock (IN)
                         net (fo=0)                   0.000    10.000    fpga_mnist_i/clk_wiz_0/inst/clk_in1
    W5                   IBUF (Prop_ibuf_I_O)         1.388    11.388 r  fpga_mnist_i/clk_wiz_0/inst/clkin1_ibufg/O
                         net (fo=1, routed)           1.162    12.550    fpga_mnist_i/clk_wiz_0/inst/clk_in1_fpga_mnist_clk_wiz_0_0
    MMCME2_ADV_X1Y0      MMCME2_ADV (Prop_mmcme2_adv_CLKIN1_CLKOUT0)
                                                     -7.217     5.332 r  fpga_mnist_i/clk_wiz_0/inst/mmcm_adv_inst/CLKOUT0
                         net (fo=1, routed)           1.581     6.914    fpga_mnist_i/clk_wiz_0/inst/clk_out1_fpga_mnist_clk_wiz_0_0
    BUFGCTRL_X0Y0        BUFG (Prop_bufg_I_O)         0.091     7.005 r  fpga_mnist_i/clk_wiz_0/inst/clkout1_buf/O
                         net (fo=2173, routed)        1.432     8.437    <hidden>
    SLICE_X42Y23         FDRE                                         r  <hidden>
                         clock pessimism              0.564     9.000    
                         clock uncertainty           -0.074     8.926    
    SLICE_X42Y23         FDRE (Setup_fdre_C_R)       -0.732     8.194    <hidden>
  -------------------------------------------------------------------
                         required time                          8.194    
                         arrival time                          -6.099    
  -------------------------------------------------------------------
                         slack                                  2.095    

Slack (MET) :             2.095ns  (required time - arrival time)
  Source:                 <hidden>
                            (rising edge-triggered cell FDRE clocked by clk_out1_fpga_mnist_clk_wiz_0_0  {rise@0.000ns fall@5.000ns period=10.000ns})
  Destination:            <hidden>
                            (rising edge-triggered cell FDRE clocked by clk_out1_fpga_mnist_clk_wiz_0_0  {rise@0.000ns fall@5.000ns period=10.000ns})
  Path Group:             clk_out1_fpga_mnist_clk_wiz_0_0
  Path Type:              Setup (Max at Slow Process Corner)
  Requirement:            10.000ns  (clk_out1_fpga_mnist_clk_wiz_0_0 rise@10.000ns - clk_out1_fpga_mnist_clk_wiz_0_0 rise@0.000ns)
  Data Path Delay:        6.975ns  (logic 0.743ns (10.652%)  route 6.232ns (89.348%))
  Logic Levels:           1  (LUT2=1)
  Clock Path Skew:        -0.123ns (DCD - SCD + CPR)
    Destination Clock Delay (DCD):    -1.563ns = ( 8.437 - 10.000 ) 
    Source Clock Delay      (SCD):    -0.877ns
    Clock Pessimism Removal (CPR):    0.564ns
  Clock Uncertainty:      0.074ns  ((TSJ^2 + DJ^2)^1/2) / 2 + PE
    Total System Jitter     (TSJ):    0.071ns
    Discrete Jitter          (DJ):    0.131ns
    Phase Error              (PE):    0.000ns

    Location             Delay type                Incr(ns)  Path(ns)    Netlist Resource(s)
  -------------------------------------------------------------------    -------------------
                         (clock clk_out1_fpga_mnist_clk_wiz_0_0 rise edge)
                                                      0.000     0.000 r  
    W5                                                0.000     0.000 r  sys_clock (IN)
                         net (fo=0)                   0.000     0.000    fpga_mnist_i/clk_wiz_0/inst/clk_in1
    W5                   IBUF (Prop_ibuf_I_O)         1.458     1.458 r  fpga_mnist_i/clk_wiz_0/inst/clkin1_ibufg/O
                         net (fo=1, routed)           1.233     2.691    fpga_mnist_i/clk_wiz_0/inst/clk_in1_fpga_mnist_clk_wiz_0_0
    MMCME2_ADV_X1Y0      MMCME2_ADV (Prop_mmcme2_adv_CLKIN1_CLKOUT0)
                                                     -6.961    -4.269 r  fpga_mnist_i/clk_wiz_0/inst/mmcm_adv_inst/CLKOUT0
                         net (fo=1, routed)           1.661    -2.608    fpga_mnist_i/clk_wiz_0/inst/clk_out1_fpga_mnist_clk_wiz_0_0
    BUFGCTRL_X0Y0        BUFG (Prop_bufg_I_O)         0.096    -2.512 r  fpga_mnist_i/clk_wiz_0/inst/clkout1_buf/O
                         net (fo=2173, routed)        1.635    -0.877    <hidden>
    SLICE_X58Y10         FDRE                                         r  <hidden>
  -------------------------------------------------------------------    -------------------
    SLICE_X58Y10         FDRE (Prop_fdre_C_Q)         0.419    -0.458 r  <hidden>
                         net (fo=538, routed)         3.153     2.695    <hidden>
    SLICE_X59Y24         LUT2 (Prop_lut2_I0_O)        0.324     3.019 r  <hidden>
                         net (fo=32, routed)          3.079     6.099    <hidden>
    SLICE_X42Y23         FDRE                                         r  <hidden>
  -------------------------------------------------------------------    -------------------

                         (clock clk_out1_fpga_mnist_clk_wiz_0_0 rise edge)
                                                     10.000    10.000 r  
    W5                                                0.000    10.000 r  sys_clock (IN)
                         net (fo=0)                   0.000    10.000    fpga_mnist_i/clk_wiz_0/inst/clk_in1
    W5                   IBUF (Prop_ibuf_I_O)         1.388    11.388 r  fpga_mnist_i/clk_wiz_0/inst/clkin1_ibufg/O
                         net (fo=1, routed)           1.162    12.550    fpga_mnist_i/clk_wiz_0/inst/clk_in1_fpga_mnist_clk_wiz_0_0
    MMCME2_ADV_X1Y0      MMCME2_ADV (Prop_mmcme2_adv_CLKIN1_CLKOUT0)
                                                     -7.217     5.332 r  fpga_mnist_i/clk_wiz_0/inst/mmcm_adv_inst/CLKOUT0
                         net (fo=1, routed)           1.581     6.914    fpga_mnist_i/clk_wiz_0/inst/clk_out1_fpga_mnist_clk_wiz_0_0
    BUFGCTRL_X0Y0        BUFG (Prop_bufg_I_O)         0.091     7.005 r  fpga_mnist_i/clk_wiz_0/inst/clkout1_buf/O
                         net (fo=2173, routed)        1.432     8.437    <hidden>
    SLICE_X42Y23         FDRE                                         r  <hidden>
                         clock pessimism              0.564     9.000    
                         clock uncertainty           -0.074     8.926    
    SLICE_X42Y23         FDRE (Setup_fdre_C_R)       -0.732     8.194    <hidden>
  -------------------------------------------------------------------
                         required time                          8.194    
                         arrival time                          -6.099    
  -------------------------------------------------------------------
                         slack                                  2.095    

Slack (MET) :             2.190ns  (required time - arrival time)
  Source:                 <hidden>
                            (rising edge-triggered cell FDRE clocked by clk_out1_fpga_mnist_clk_wiz_0_0  {rise@0.000ns fall@5.000ns period=10.000ns})
  Destination:            <hidden>
                            (rising edge-triggered cell FDRE clocked by clk_out1_fpga_mnist_clk_wiz_0_0  {rise@0.000ns fall@5.000ns period=10.000ns})
  Path Group:             clk_out1_fpga_mnist_clk_wiz_0_0
  Path Type:              Setup (Max at Slow Process Corner)
  Requirement:            10.000ns  (clk_out1_fpga_mnist_clk_wiz_0_0 rise@10.000ns - clk_out1_fpga_mnist_clk_wiz_0_0 rise@0.000ns)
  Data Path Delay:        6.975ns  (logic 0.743ns (10.652%)  route 6.232ns (89.348%))
  Logic Levels:           1  (LUT2=1)
  Clock Path Skew:        -0.123ns (DCD - SCD + CPR)
    Destination Clock Delay (DCD):    -1.563ns = ( 8.437 - 10.000 ) 
    Source Clock Delay      (SCD):    -0.877ns
    Clock Pessimism Removal (CPR):    0.564ns
  Clock Uncertainty:      0.074ns  ((TSJ^2 + DJ^2)^1/2) / 2 + PE
    Total System Jitter     (TSJ):    0.071ns
    Discrete Jitter          (DJ):    0.131ns
    Phase Error              (PE):    0.000ns

    Location             Delay type                Incr(ns)  Path(ns)    Netlist Resource(s)
  -------------------------------------------------------------------    -------------------
                         (clock clk_out1_fpga_mnist_clk_wiz_0_0 rise edge)
                                                      0.000     0.000 r  
    W5                                                0.000     0.000 r  sys_clock (IN)
                         net (fo=0)                   0.000     0.000    fpga_mnist_i/clk_wiz_0/inst/clk_in1
    W5                   IBUF (Prop_ibuf_I_O)         1.458     1.458 r  fpga_mnist_i/clk_wiz_0/inst/clkin1_ibufg/O
                         net (fo=1, routed)           1.233     2.691    fpga_mnist_i/clk_wiz_0/inst/clk_in1_fpga_mnist_clk_wiz_0_0
    MMCME2_ADV_X1Y0      MMCME2_ADV (Prop_mmcme2_adv_CLKIN1_CLKOUT0)
                                                     -6.961    -4.269 r  fpga_mnist_i/clk_wiz_0/inst/mmcm_adv_inst/CLKOUT0
                         net (fo=1, routed)           1.661    -2.608    fpga_mnist_i/clk_wiz_0/inst/clk_out1_fpga_mnist_clk_wiz_0_0
    BUFGCTRL_X0Y0        BUFG (Prop_bufg_I_O)         0.096    -2.512 r  fpga_mnist_i/clk_wiz_0/inst/clkout1_buf/O
                         net (fo=2173, routed)        1.635    -0.877    <hidden>
    SLICE_X58Y10         FDRE                                         r  <hidden>
  -------------------------------------------------------------------    -------------------
    SLICE_X58Y10         FDRE (Prop_fdre_C_Q)         0.419    -0.458 r  <hidden>
                         net (fo=538, routed)         3.153     2.695    <hidden>
    SLICE_X59Y24         LUT2 (Prop_lut2_I0_O)        0.324     3.019 r  <hidden>
                         net (fo=32, routed)          3.079     6.099    <hidden>
    SLICE_X43Y23         FDRE                                         r  <hidden>
  -------------------------------------------------------------------    -------------------

                         (clock clk_out1_fpga_mnist_clk_wiz_0_0 rise edge)
                                                     10.000    10.000 r  
    W5                                                0.000    10.000 r  sys_clock (IN)
                         net (fo=0)                   0.000    10.000    fpga_mnist_i/clk_wiz_0/inst/clk_in1
    W5                   IBUF (Prop_ibuf_I_O)         1.388    11.388 r  fpga_mnist_i/clk_wiz_0/inst/clkin1_ibufg/O
                         net (fo=1, routed)           1.162    12.550    fpga_mnist_i/clk_wiz_0/inst/clk_in1_fpga_mnist_clk_wiz_0_0
    MMCME2_ADV_X1Y0      MMCME2_ADV (Prop_mmcme2_adv_CLKIN1_CLKOUT0)
                                                     -7.217     5.332 r  fpga_mnist_i/clk_wiz_0/inst/mmcm_adv_inst/CLKOUT0
                         net (fo=1, routed)           1.581     6.914    fpga_mnist_i/clk_wiz_0/inst/clk_out1_fpga_mnist_clk_wiz_0_0
    BUFGCTRL_X0Y0        BUFG (Prop_bufg_I_O)         0.091     7.005 r  fpga_mnist_i/clk_wiz_0/inst/clkout1_buf/O
                         net (fo=2173, routed)        1.432     8.437    <hidden>
    SLICE_X43Y23         FDRE                                         r  <hidden>
                         clock pessimism              0.564     9.000    
                         clock uncertainty           -0.074     8.926    
    SLICE_X43Y23         FDRE (Setup_fdre_C_R)       -0.637     8.289    <hidden>
  -------------------------------------------------------------------
                         required time                          8.289    
                         arrival time                          -6.099    
  -------------------------------------------------------------------
                         slack                                  2.190    

Slack (MET) :             2.190ns  (required time - arrival time)
  Source:                 <hidden>
                            (rising edge-triggered cell FDRE clocked by clk_out1_fpga_mnist_clk_wiz_0_0  {rise@0.000ns fall@5.000ns period=10.000ns})
  Destination:            <hidden>
                            (rising edge-triggered cell FDRE clocked by clk_out1_fpga_mnist_clk_wiz_0_0  {rise@0.000ns fall@5.000ns period=10.000ns})
  Path Group:             clk_out1_fpga_mnist_clk_wiz_0_0
  Path Type:              Setup (Max at Slow Process Corner)
  Requirement:            10.000ns  (clk_out1_fpga_mnist_clk_wiz_0_0 rise@10.000ns - clk_out1_fpga_mnist_clk_wiz_0_0 rise@0.000ns)
  Data Path Delay:        6.975ns  (logic 0.743ns (10.652%)  route 6.232ns (89.348%))
  Logic Levels:           1  (LUT2=1)
  Clock Path Skew:        -0.123ns (DCD - SCD + CPR)
    Destination Clock Delay (DCD):    -1.563ns = ( 8.437 - 10.000 ) 
    Source Clock Delay      (SCD):    -0.877ns
    Clock Pessimism Removal (CPR):    0.564ns
  Clock Uncertainty:      0.074ns  ((TSJ^2 + DJ^2)^1/2) / 2 + PE
    Total System Jitter     (TSJ):    0.071ns
    Discrete Jitter          (DJ):    0.131ns
    Phase Error              (PE):    0.000ns

    Location             Delay type                Incr(ns)  Path(ns)    Netlist Resource(s)
  -------------------------------------------------------------------    -------------------
                         (clock clk_out1_fpga_mnist_clk_wiz_0_0 rise edge)
                                                      0.000     0.000 r  
    W5                                                0.000     0.000 r  sys_clock (IN)
                         net (fo=0)                   0.000     0.000    fpga_mnist_i/clk_wiz_0/inst/clk_in1
    W5                   IBUF (Prop_ibuf_I_O)         1.458     1.458 r  fpga_mnist_i/clk_wiz_0/inst/clkin1_ibufg/O
                         net (fo=1, routed)           1.233     2.691    fpga_mnist_i/clk_wiz_0/inst/clk_in1_fpga_mnist_clk_wiz_0_0
    MMCME2_ADV_X1Y0      MMCME2_ADV (Prop_mmcme2_adv_CLKIN1_CLKOUT0)
                                                     -6.961    -4.269 r  fpga_mnist_i/clk_wiz_0/inst/mmcm_adv_inst/CLKOUT0
                         net (fo=1, routed)           1.661    -2.608    fpga_mnist_i/clk_wiz_0/inst/clk_out1_fpga_mnist_clk_wiz_0_0
    BUFGCTRL_X0Y0        BUFG (Prop_bufg_I_O)         0.096    -2.512 r  fpga_mnist_i/clk_wiz_0/inst/clkout1_buf/O
                         net (fo=2173, routed)        1.635    -0.877    <hidden>
    SLICE_X58Y10         FDRE                                         r  <hidden>
  -------------------------------------------------------------------    -------------------
    SLICE_X58Y10         FDRE (Prop_fdre_C_Q)         0.419    -0.458 r  <hidden>
                         net (fo=538, routed)         3.153     2.695    <hidden>
    SLICE_X59Y24         LUT2 (Prop_lut2_I0_O)        0.324     3.019 r  <hidden>
                         net (fo=32, routed)          3.079     6.099    <hidden>
    SLICE_X43Y23         FDRE                                         r  <hidden>
  -------------------------------------------------------------------    -------------------

                         (clock clk_out1_fpga_mnist_clk_wiz_0_0 rise edge)
                                                     10.000    10.000 r  
    W5                                                0.000    10.000 r  sys_clock (IN)
                         net (fo=0)                   0.000    10.000    fpga_mnist_i/clk_wiz_0/inst/clk_in1
    W5                   IBUF (Prop_ibuf_I_O)         1.388    11.388 r  fpga_mnist_i/clk_wiz_0/inst/clkin1_ibufg/O
                         net (fo=1, routed)           1.162    12.550    fpga_mnist_i/clk_wiz_0/inst/clk_in1_fpga_mnist_clk_wiz_0_0
    MMCME2_ADV_X1Y0      MMCME2_ADV (Prop_mmcme2_adv_CLKIN1_CLKOUT0)
                                                     -7.217     5.332 r  fpga_mnist_i/clk_wiz_0/inst/mmcm_adv_inst/CLKOUT0
                         net (fo=1, routed)           1.581     6.914    fpga_mnist_i/clk_wiz_0/inst/clk_out1_fpga_mnist_clk_wiz_0_0
    BUFGCTRL_X0Y0        BUFG (Prop_bufg_I_O)         0.091     7.005 r  fpga_mnist_i/clk_wiz_0/inst/clkout1_buf/O
                         net (fo=2173, routed)        1.432     8.437    <hidden>
    SLICE_X43Y23         FDRE                                         r  <hidden>
                         clock pessimism              0.564     9.000    
                         clock uncertainty           -0.074     8.926    
    SLICE_X43Y23         FDRE (Setup_fdre_C_R)       -0.637     8.289    <hidden>
  -------------------------------------------------------------------
                         required time                          8.289    
                         arrival time                          -6.099    
  -------------------------------------------------------------------
                         slack                                  2.190    

Slack (MET) :             2.190ns  (required time - arrival time)
  Source:                 <hidden>
                            (rising edge-triggered cell FDRE clocked by clk_out1_fpga_mnist_clk_wiz_0_0  {rise@0.000ns fall@5.000ns period=10.000ns})
  Destination:            <hidden>
                            (rising edge-triggered cell FDRE clocked by clk_out1_fpga_mnist_clk_wiz_0_0  {rise@0.000ns fall@5.000ns period=10.000ns})
  Path Group:             clk_out1_fpga_mnist_clk_wiz_0_0
  Path Type:              Setup (Max at Slow Process Corner)
  Requirement:            10.000ns  (clk_out1_fpga_mnist_clk_wiz_0_0 rise@10.000ns - clk_out1_fpga_mnist_clk_wiz_0_0 rise@0.000ns)
  Data Path Delay:        6.975ns  (logic 0.743ns (10.652%)  route 6.232ns (89.348%))
  Logic Levels:           1  (LUT2=1)
  Clock Path Skew:        -0.123ns (DCD - SCD + CPR)
    Destination Clock Delay (DCD):    -1.563ns = ( 8.437 - 10.000 ) 
    Source Clock Delay      (SCD):    -0.877ns
    Clock Pessimism Removal (CPR):    0.564ns
  Clock Uncertainty:      0.074ns  ((TSJ^2 + DJ^2)^1/2) / 2 + PE
    Total System Jitter     (TSJ):    0.071ns
    Discrete Jitter          (DJ):    0.131ns
    Phase Error              (PE):    0.000ns

    Location             Delay type                Incr(ns)  Path(ns)    Netlist Resource(s)
  -------------------------------------------------------------------    -------------------
                         (clock clk_out1_fpga_mnist_clk_wiz_0_0 rise edge)
                                                      0.000     0.000 r  
    W5                                                0.000     0.000 r  sys_clock (IN)
                         net (fo=0)                   0.000     0.000    fpga_mnist_i/clk_wiz_0/inst/clk_in1
    W5                   IBUF (Prop_ibuf_I_O)         1.458     1.458 r  fpga_mnist_i/clk_wiz_0/inst/clkin1_ibufg/O
                         net (fo=1, routed)           1.233     2.691    fpga_mnist_i/clk_wiz_0/inst/clk_in1_fpga_mnist_clk_wiz_0_0
    MMCME2_ADV_X1Y0      MMCME2_ADV (Prop_mmcme2_adv_CLKIN1_CLKOUT0)
                                                     -6.961    -4.269 r  fpga_mnist_i/clk_wiz_0/inst/mmcm_adv_inst/CLKOUT0
                         net (fo=1, routed)           1.661    -2.608    fpga_mnist_i/clk_wiz_0/inst/clk_out1_fpga_mnist_clk_wiz_0_0
    BUFGCTRL_X0Y0        BUFG (Prop_bufg_I_O)         0.096    -2.512 r  fpga_mnist_i/clk_wiz_0/inst/clkout1_buf/O
                         net (fo=2173, routed)        1.635    -0.877    <hidden>
    SLICE_X58Y10         FDRE                                         r  <hidden>
  -------------------------------------------------------------------    -------------------
    SLICE_X58Y10         FDRE (Prop_fdre_C_Q)         0.419    -0.458 r  <hidden>
                         net (fo=538, routed)         3.153     2.695    <hidden>
    SLICE_X59Y24         LUT2 (Prop_lut2_I0_O)        0.324     3.019 r  <hidden>
                         net (fo=32, routed)          3.079     6.099    <hidden>
    SLICE_X43Y23         FDRE                                         r  <hidden>
  -------------------------------------------------------------------    -------------------

                         (clock clk_out1_fpga_mnist_clk_wiz_0_0 rise edge)
                                                     10.000    10.000 r  
    W5                                                0.000    10.000 r  sys_clock (IN)
                         net (fo=0)                   0.000    10.000    fpga_mnist_i/clk_wiz_0/inst/clk_in1
    W5                   IBUF (Prop_ibuf_I_O)         1.388    11.388 r  fpga_mnist_i/clk_wiz_0/inst/clkin1_ibufg/O
                         net (fo=1, routed)           1.162    12.550    fpga_mnist_i/clk_wiz_0/inst/clk_in1_fpga_mnist_clk_wiz_0_0
    MMCME2_ADV_X1Y0      MMCME2_ADV (Prop_mmcme2_adv_CLKIN1_CLKOUT0)
                                                     -7.217     5.332 r  fpga_mnist_i/clk_wiz_0/inst/mmcm_adv_inst/CLKOUT0
                         net (fo=1, routed)           1.581     6.914    fpga_mnist_i/clk_wiz_0/inst/clk_out1_fpga_mnist_clk_wiz_0_0
    BUFGCTRL_X0Y0        BUFG (Prop_bufg_I_O)         0.091     7.005 r  fpga_mnist_i/clk_wiz_0/inst/clkout1_buf/O
                         net (fo=2173, routed)        1.432     8.437    <hidden>
    SLICE_X43Y23         FDRE                                         r  <hidden>
                         clock pessimism              0.564     9.000    
                         clock uncertainty           -0.074     8.926    
    SLICE_X43Y23         FDRE (Setup_fdre_C_R)       -0.637     8.289    <hidden>
  -------------------------------------------------------------------
                         required time                          8.289    
                         arrival time                          -6.099    
  -------------------------------------------------------------------
                         slack                                  2.190    

Slack (MET) :             2.190ns  (required time - arrival time)
  Source:                 <hidden>
                            (rising edge-triggered cell FDRE clocked by clk_out1_fpga_mnist_clk_wiz_0_0  {rise@0.000ns fall@5.000ns period=10.000ns})
  Destination:            <hidden>
                            (rising edge-triggered cell FDRE clocked by clk_out1_fpga_mnist_clk_wiz_0_0  {rise@0.000ns fall@5.000ns period=10.000ns})
  Path Group:             clk_out1_fpga_mnist_clk_wiz_0_0
  Path Type:              Setup (Max at Slow Process Corner)
  Requirement:            10.000ns  (clk_out1_fpga_mnist_clk_wiz_0_0 rise@10.000ns - clk_out1_fpga_mnist_clk_wiz_0_0 rise@0.000ns)
  Data Path Delay:        6.975ns  (logic 0.743ns (10.652%)  route 6.232ns (89.348%))
  Logic Levels:           1  (LUT2=1)
  Clock Path Skew:        -0.123ns (DCD - SCD + CPR)
    Destination Clock Delay (DCD):    -1.563ns = ( 8.437 - 10.000 ) 
    Source Clock Delay      (SCD):    -0.877ns
    Clock Pessimism Removal (CPR):    0.564ns
  Clock Uncertainty:      0.074ns  ((TSJ^2 + DJ^2)^1/2) / 2 + PE
    Total System Jitter     (TSJ):    0.071ns
    Discrete Jitter          (DJ):    0.131ns
    Phase Error              (PE):    0.000ns

    Location             Delay type                Incr(ns)  Path(ns)    Netlist Resource(s)
  -------------------------------------------------------------------    -------------------
                         (clock clk_out1_fpga_mnist_clk_wiz_0_0 rise edge)
                                                      0.000     0.000 r  
    W5                                                0.000     0.000 r  sys_clock (IN)
                         net (fo=0)                   0.000     0.000    fpga_mnist_i/clk_wiz_0/inst/clk_in1
    W5                   IBUF (Prop_ibuf_I_O)         1.458     1.458 r  fpga_mnist_i/clk_wiz_0/inst/clkin1_ibufg/O
                         net (fo=1, routed)           1.233     2.691    fpga_mnist_i/clk_wiz_0/inst/clk_in1_fpga_mnist_clk_wiz_0_0
    MMCME2_ADV_X1Y0      MMCME2_ADV (Prop_mmcme2_adv_CLKIN1_CLKOUT0)
                                                     -6.961    -4.269 r  fpga_mnist_i/clk_wiz_0/inst/mmcm_adv_inst/CLKOUT0
                         net (fo=1, routed)           1.661    -2.608    fpga_mnist_i/clk_wiz_0/inst/clk_out1_fpga_mnist_clk_wiz_0_0
    BUFGCTRL_X0Y0        BUFG (Prop_bufg_I_O)         0.096    -2.512 r  fpga_mnist_i/clk_wiz_0/inst/clkout1_buf/O
                         net (fo=2173, routed)        1.635    -0.877    <hidden>
    SLICE_X58Y10         FDRE                                         r  <hidden>
  -------------------------------------------------------------------    -------------------
    SLICE_X58Y10         FDRE (Prop_fdre_C_Q)         0.419    -0.458 r  <hidden>
                         net (fo=538, routed)         3.153     2.695    <hidden>
    SLICE_X59Y24         LUT2 (Prop_lut2_I0_O)        0.324     3.019 r  <hidden>
                         net (fo=32, routed)          3.079     6.099    <hidden>
    SLICE_X43Y23         FDRE                                         r  <hidden>
  -------------------------------------------------------------------    -------------------

                         (clock clk_out1_fpga_mnist_clk_wiz_0_0 rise edge)
                                                     10.000    10.000 r  
    W5                                                0.000    10.000 r  sys_clock (IN)
                         net (fo=0)                   0.000    10.000    fpga_mnist_i/clk_wiz_0/inst/clk_in1
    W5                   IBUF (Prop_ibuf_I_O)         1.388    11.388 r  fpga_mnist_i/clk_wiz_0/inst/clkin1_ibufg/O
                         net (fo=1, routed)           1.162    12.550    fpga_mnist_i/clk_wiz_0/inst/clk_in1_fpga_mnist_clk_wiz_0_0
    MMCME2_ADV_X1Y0      MMCME2_ADV (Prop_mmcme2_adv_CLKIN1_CLKOUT0)
                                                     -7.217     5.332 r  fpga_mnist_i/clk_wiz_0/inst/mmcm_adv_inst/CLKOUT0
                         net (fo=1, routed)           1.581     6.914    fpga_mnist_i/clk_wiz_0/inst/clk_out1_fpga_mnist_clk_wiz_0_0
    BUFGCTRL_X0Y0        BUFG (Prop_bufg_I_O)         0.091     7.005 r  fpga_mnist_i/clk_wiz_0/inst/clkout1_buf/O
                         net (fo=2173, routed)        1.432     8.437    <hidden>
    SLICE_X43Y23         FDRE                                         r  <hidden>
                         clock pessimism              0.564     9.000    
                         clock uncertainty           -0.074     8.926    
    SLICE_X43Y23         FDRE (Setup_fdre_C_R)       -0.637     8.289    <hidden>
  -------------------------------------------------------------------
                         required time                          8.289    
                         arrival time                          -6.099    
  -------------------------------------------------------------------
                         slack                                  2.190    

Slack (MET) :             2.242ns  (required time - arrival time)
  Source:                 <hidden>
                            (rising edge-triggered cell FDRE clocked by clk_out1_fpga_mnist_clk_wiz_0_0  {rise@0.000ns fall@5.000ns period=10.000ns})
  Destination:            <hidden>
                            (rising edge-triggered cell FDRE clocked by clk_out1_fpga_mnist_clk_wiz_0_0  {rise@0.000ns fall@5.000ns period=10.000ns})
  Path Group:             clk_out1_fpga_mnist_clk_wiz_0_0
  Path Type:              Setup (Max at Slow Process Corner)
  Requirement:            10.000ns  (clk_out1_fpga_mnist_clk_wiz_0_0 rise@10.000ns - clk_out1_fpga_mnist_clk_wiz_0_0 rise@0.000ns)
  Data Path Delay:        6.829ns  (logic 0.743ns (10.879%)  route 6.086ns (89.121%))
  Logic Levels:           1  (LUT2=1)
  Clock Path Skew:        -0.122ns (DCD - SCD + CPR)
    Destination Clock Delay (DCD):    -1.562ns = ( 8.438 - 10.000 ) 
    Source Clock Delay      (SCD):    -0.877ns
    Clock Pessimism Removal (CPR):    0.564ns
  Clock Uncertainty:      0.074ns  ((TSJ^2 + DJ^2)^1/2) / 2 + PE
    Total System Jitter     (TSJ):    0.071ns
    Discrete Jitter          (DJ):    0.131ns
    Phase Error              (PE):    0.000ns

    Location             Delay type                Incr(ns)  Path(ns)    Netlist Resource(s)
  -------------------------------------------------------------------    -------------------
                         (clock clk_out1_fpga_mnist_clk_wiz_0_0 rise edge)
                                                      0.000     0.000 r  
    W5                                                0.000     0.000 r  sys_clock (IN)
                         net (fo=0)                   0.000     0.000    fpga_mnist_i/clk_wiz_0/inst/clk_in1
    W5                   IBUF (Prop_ibuf_I_O)         1.458     1.458 r  fpga_mnist_i/clk_wiz_0/inst/clkin1_ibufg/O
                         net (fo=1, routed)           1.233     2.691    fpga_mnist_i/clk_wiz_0/inst/clk_in1_fpga_mnist_clk_wiz_0_0
    MMCME2_ADV_X1Y0      MMCME2_ADV (Prop_mmcme2_adv_CLKIN1_CLKOUT0)
                                                     -6.961    -4.269 r  fpga_mnist_i/clk_wiz_0/inst/mmcm_adv_inst/CLKOUT0
                         net (fo=1, routed)           1.661    -2.608    fpga_mnist_i/clk_wiz_0/inst/clk_out1_fpga_mnist_clk_wiz_0_0
    BUFGCTRL_X0Y0        BUFG (Prop_bufg_I_O)         0.096    -2.512 r  fpga_mnist_i/clk_wiz_0/inst/clkout1_buf/O
                         net (fo=2173, routed)        1.635    -0.877    <hidden>
    SLICE_X58Y10         FDRE                                         r  <hidden>
  -------------------------------------------------------------------    -------------------
    SLICE_X58Y10         FDRE (Prop_fdre_C_Q)         0.419    -0.458 r  <hidden>
                         net (fo=538, routed)         3.153     2.695    <hidden>
    SLICE_X59Y24         LUT2 (Prop_lut2_I0_O)        0.324     3.019 r  <hidden>
                         net (fo=32, routed)          2.933     5.953    <hidden>
    SLICE_X42Y22         FDRE                                         r  <hidden>
  -------------------------------------------------------------------    -------------------

                         (clock clk_out1_fpga_mnist_clk_wiz_0_0 rise edge)
                                                     10.000    10.000 r  
    W5                                                0.000    10.000 r  sys_clock (IN)
                         net (fo=0)                   0.000    10.000    fpga_mnist_i/clk_wiz_0/inst/clk_in1
    W5                   IBUF (Prop_ibuf_I_O)         1.388    11.388 r  fpga_mnist_i/clk_wiz_0/inst/clkin1_ibufg/O
                         net (fo=1, routed)           1.162    12.550    fpga_mnist_i/clk_wiz_0/inst/clk_in1_fpga_mnist_clk_wiz_0_0
    MMCME2_ADV_X1Y0      MMCME2_ADV (Prop_mmcme2_adv_CLKIN1_CLKOUT0)
                                                     -7.217     5.332 r  fpga_mnist_i/clk_wiz_0/inst/mmcm_adv_inst/CLKOUT0
                         net (fo=1, routed)           1.581     6.914    fpga_mnist_i/clk_wiz_0/inst/clk_out1_fpga_mnist_clk_wiz_0_0
    BUFGCTRL_X0Y0        BUFG (Prop_bufg_I_O)         0.091     7.005 r  fpga_mnist_i/clk_wiz_0/inst/clkout1_buf/O
                         net (fo=2173, routed)        1.433     8.438    <hidden>
    SLICE_X42Y22         FDRE                                         r  <hidden>
                         clock pessimism              0.564     9.001    
                         clock uncertainty           -0.074     8.927    
    SLICE_X42Y22         FDRE (Setup_fdre_C_R)       -0.732     8.195    <hidden>
  -------------------------------------------------------------------
                         required time                          8.195    
                         arrival time                          -5.953    
  -------------------------------------------------------------------
                         slack                                  2.242    

Slack (MET) :             2.242ns  (required time - arrival time)
  Source:                 <hidden>
                            (rising edge-triggered cell FDRE clocked by clk_out1_fpga_mnist_clk_wiz_0_0  {rise@0.000ns fall@5.000ns period=10.000ns})
  Destination:            <hidden>
                            (rising edge-triggered cell FDRE clocked by clk_out1_fpga_mnist_clk_wiz_0_0  {rise@0.000ns fall@5.000ns period=10.000ns})
  Path Group:             clk_out1_fpga_mnist_clk_wiz_0_0
  Path Type:              Setup (Max at Slow Process Corner)
  Requirement:            10.000ns  (clk_out1_fpga_mnist_clk_wiz_0_0 rise@10.000ns - clk_out1_fpga_mnist_clk_wiz_0_0 rise@0.000ns)
  Data Path Delay:        6.829ns  (logic 0.743ns (10.879%)  route 6.086ns (89.121%))
  Logic Levels:           1  (LUT2=1)
  Clock Path Skew:        -0.122ns (DCD - SCD + CPR)
    Destination Clock Delay (DCD):    -1.562ns = ( 8.438 - 10.000 ) 
    Source Clock Delay      (SCD):    -0.877ns
    Clock Pessimism Removal (CPR):    0.564ns
  Clock Uncertainty:      0.074ns  ((TSJ^2 + DJ^2)^1/2) / 2 + PE
    Total System Jitter     (TSJ):    0.071ns
    Discrete Jitter          (DJ):    0.131ns
    Phase Error              (PE):    0.000ns

    Location             Delay type                Incr(ns)  Path(ns)    Netlist Resource(s)
  -------------------------------------------------------------------    -------------------
                         (clock clk_out1_fpga_mnist_clk_wiz_0_0 rise edge)
                                                      0.000     0.000 r  
    W5                                                0.000     0.000 r  sys_clock (IN)
                         net (fo=0)                   0.000     0.000    fpga_mnist_i/clk_wiz_0/inst/clk_in1
    W5                   IBUF (Prop_ibuf_I_O)         1.458     1.458 r  fpga_mnist_i/clk_wiz_0/inst/clkin1_ibufg/O
                         net (fo=1, routed)           1.233     2.691    fpga_mnist_i/clk_wiz_0/inst/clk_in1_fpga_mnist_clk_wiz_0_0
    MMCME2_ADV_X1Y0      MMCME2_ADV (Prop_mmcme2_adv_CLKIN1_CLKOUT0)
                                                     -6.961    -4.269 r  fpga_mnist_i/clk_wiz_0/inst/mmcm_adv_inst/CLKOUT0
                         net (fo=1, routed)           1.661    -2.608    fpga_mnist_i/clk_wiz_0/inst/clk_out1_fpga_mnist_clk_wiz_0_0
    BUFGCTRL_X0Y0        BUFG (Prop_bufg_I_O)         0.096    -2.512 r  fpga_mnist_i/clk_wiz_0/inst/clkout1_buf/O
                         net (fo=2173, routed)        1.635    -0.877    <hidden>
    SLICE_X58Y10         FDRE                                         r  <hidden>
  -------------------------------------------------------------------    -------------------
    SLICE_X58Y10         FDRE (Prop_fdre_C_Q)         0.419    -0.458 r  <hidden>
                         net (fo=538, routed)         3.153     2.695    <hidden>
    SLICE_X59Y24         LUT2 (Prop_lut2_I0_O)        0.324     3.019 r  <hidden>
                         net (fo=32, routed)          2.933     5.953    <hidden>
    SLICE_X42Y22         FDRE                                         r  <hidden>
  -------------------------------------------------------------------    -------------------

                         (clock clk_out1_fpga_mnist_clk_wiz_0_0 rise edge)
                                                     10.000    10.000 r  
    W5                                                0.000    10.000 r  sys_clock (IN)
                         net (fo=0)                   0.000    10.000    fpga_mnist_i/clk_wiz_0/inst/clk_in1
    W5                   IBUF (Prop_ibuf_I_O)         1.388    11.388 r  fpga_mnist_i/clk_wiz_0/inst/clkin1_ibufg/O
                         net (fo=1, routed)           1.162    12.550    fpga_mnist_i/clk_wiz_0/inst/clk_in1_fpga_mnist_clk_wiz_0_0
    MMCME2_ADV_X1Y0      MMCME2_ADV (Prop_mmcme2_adv_CLKIN1_CLKOUT0)
                                                     -7.217     5.332 r  fpga_mnist_i/clk_wiz_0/inst/mmcm_adv_inst/CLKOUT0
                         net (fo=1, routed)           1.581     6.914    fpga_mnist_i/clk_wiz_0/inst/clk_out1_fpga_mnist_clk_wiz_0_0
    BUFGCTRL_X0Y0        BUFG (Prop_bufg_I_O)         0.091     7.005 r  fpga_mnist_i/clk_wiz_0/inst/clkout1_buf/O
                         net (fo=2173, routed)        1.433     8.438    <hidden>
    SLICE_X42Y22         FDRE                                         r  <hidden>
                         clock pessimism              0.564     9.001    
                         clock uncertainty           -0.074     8.927    
    SLICE_X42Y22         FDRE (Setup_fdre_C_R)       -0.732     8.195    <hidden>
  -------------------------------------------------------------------
                         required time                          8.195    
                         arrival time                          -5.953    
  -------------------------------------------------------------------
                         slack                                  2.242    

Slack (MET) :             2.242ns  (required time - arrival time)
  Source:                 <hidden>
                            (rising edge-triggered cell FDRE clocked by clk_out1_fpga_mnist_clk_wiz_0_0  {rise@0.000ns fall@5.000ns period=10.000ns})
  Destination:            <hidden>
                            (rising edge-triggered cell FDRE clocked by clk_out1_fpga_mnist_clk_wiz_0_0  {rise@0.000ns fall@5.000ns period=10.000ns})
  Path Group:             clk_out1_fpga_mnist_clk_wiz_0_0
  Path Type:              Setup (Max at Slow Process Corner)
  Requirement:            10.000ns  (clk_out1_fpga_mnist_clk_wiz_0_0 rise@10.000ns - clk_out1_fpga_mnist_clk_wiz_0_0 rise@0.000ns)
  Data Path Delay:        6.829ns  (logic 0.743ns (10.879%)  route 6.086ns (89.121%))
  Logic Levels:           1  (LUT2=1)
  Clock Path Skew:        -0.122ns (DCD - SCD + CPR)
    Destination Clock Delay (DCD):    -1.562ns = ( 8.438 - 10.000 ) 
    Source Clock Delay      (SCD):    -0.877ns
    Clock Pessimism Removal (CPR):    0.564ns
  Clock Uncertainty:      0.074ns  ((TSJ^2 + DJ^2)^1/2) / 2 + PE
    Total System Jitter     (TSJ):    0.071ns
    Discrete Jitter          (DJ):    0.131ns
    Phase Error              (PE):    0.000ns

    Location             Delay type                Incr(ns)  Path(ns)    Netlist Resource(s)
  -------------------------------------------------------------------    -------------------
                         (clock clk_out1_fpga_mnist_clk_wiz_0_0 rise edge)
                                                      0.000     0.000 r  
    W5                                                0.000     0.000 r  sys_clock (IN)
                         net (fo=0)                   0.000     0.000    fpga_mnist_i/clk_wiz_0/inst/clk_in1
    W5                   IBUF (Prop_ibuf_I_O)         1.458     1.458 r  fpga_mnist_i/clk_wiz_0/inst/clkin1_ibufg/O
                         net (fo=1, routed)           1.233     2.691    fpga_mnist_i/clk_wiz_0/inst/clk_in1_fpga_mnist_clk_wiz_0_0
    MMCME2_ADV_X1Y0      MMCME2_ADV (Prop_mmcme2_adv_CLKIN1_CLKOUT0)
                                                     -6.961    -4.269 r  fpga_mnist_i/clk_wiz_0/inst/mmcm_adv_inst/CLKOUT0
                         net (fo=1, routed)           1.661    -2.608    fpga_mnist_i/clk_wiz_0/inst/clk_out1_fpga_mnist_clk_wiz_0_0
    BUFGCTRL_X0Y0        BUFG (Prop_bufg_I_O)         0.096    -2.512 r  fpga_mnist_i/clk_wiz_0/inst/clkout1_buf/O
                         net (fo=2173, routed)        1.635    -0.877    <hidden>
    SLICE_X58Y10         FDRE                                         r  <hidden>
  -------------------------------------------------------------------    -------------------
    SLICE_X58Y10         FDRE (Prop_fdre_C_Q)         0.419    -0.458 r  <hidden>
                         net (fo=538, routed)         3.153     2.695    <hidden>
    SLICE_X59Y24         LUT2 (Prop_lut2_I0_O)        0.324     3.019 r  <hidden>
                         net (fo=32, routed)          2.933     5.953    <hidden>
    SLICE_X42Y22         FDRE                                         r  <hidden>
  -------------------------------------------------------------------    -------------------

                         (clock clk_out1_fpga_mnist_clk_wiz_0_0 rise edge)
                                                     10.000    10.000 r  
    W5                                                0.000    10.000 r  sys_clock (IN)
                         net (fo=0)                   0.000    10.000    fpga_mnist_i/clk_wiz_0/inst/clk_in1
    W5                   IBUF (Prop_ibuf_I_O)         1.388    11.388 r  fpga_mnist_i/clk_wiz_0/inst/clkin1_ibufg/O
                         net (fo=1, routed)           1.162    12.550    fpga_mnist_i/clk_wiz_0/inst/clk_in1_fpga_mnist_clk_wiz_0_0
    MMCME2_ADV_X1Y0      MMCME2_ADV (Prop_mmcme2_adv_CLKIN1_CLKOUT0)
                                                     -7.217     5.332 r  fpga_mnist_i/clk_wiz_0/inst/mmcm_adv_inst/CLKOUT0
                         net (fo=1, routed)           1.581     6.914    fpga_mnist_i/clk_wiz_0/inst/clk_out1_fpga_mnist_clk_wiz_0_0
    BUFGCTRL_X0Y0        BUFG (Prop_bufg_I_O)         0.091     7.005 r  fpga_mnist_i/clk_wiz_0/inst/clkout1_buf/O
                         net (fo=2173, routed)        1.433     8.438    <hidden>
    SLICE_X42Y22         FDRE                                         r  <hidden>
                         clock pessimism              0.564     9.001    
                         clock uncertainty           -0.074     8.927    
    SLICE_X42Y22         FDRE (Setup_fdre_C_R)       -0.732     8.195    <hidden>
  -------------------------------------------------------------------
                         required time                          8.195    
                         arrival time                          -5.953    
  -------------------------------------------------------------------
                         slack                                  2.242    

Slack (MET) :             2.392ns  (required time - arrival time)
  Source:                 <hidden>
                            (rising edge-triggered cell FDRE clocked by clk_out1_fpga_mnist_clk_wiz_0_0  {rise@0.000ns fall@5.000ns period=10.000ns})
  Destination:            <hidden>
                            (rising edge-triggered cell FDRE clocked by clk_out1_fpga_mnist_clk_wiz_0_0  {rise@0.000ns fall@5.000ns period=10.000ns})
  Path Group:             clk_out1_fpga_mnist_clk_wiz_0_0
  Path Type:              Setup (Max at Slow Process Corner)
  Requirement:            10.000ns  (clk_out1_fpga_mnist_clk_wiz_0_0 rise@10.000ns - clk_out1_fpga_mnist_clk_wiz_0_0 rise@0.000ns)
  Data Path Delay:        6.681ns  (logic 0.743ns (11.121%)  route 5.938ns (88.879%))
  Logic Levels:           1  (LUT2=1)
  Clock Path Skew:        -0.120ns (DCD - SCD + CPR)
    Destination Clock Delay (DCD):    -1.560ns = ( 8.440 - 10.000 ) 
    Source Clock Delay      (SCD):    -0.877ns
    Clock Pessimism Removal (CPR):    0.564ns
  Clock Uncertainty:      0.074ns  ((TSJ^2 + DJ^2)^1/2) / 2 + PE
    Total System Jitter     (TSJ):    0.071ns
    Discrete Jitter          (DJ):    0.131ns
    Phase Error              (PE):    0.000ns

    Location             Delay type                Incr(ns)  Path(ns)    Netlist Resource(s)
  -------------------------------------------------------------------    -------------------
                         (clock clk_out1_fpga_mnist_clk_wiz_0_0 rise edge)
                                                      0.000     0.000 r  
    W5                                                0.000     0.000 r  sys_clock (IN)
                         net (fo=0)                   0.000     0.000    fpga_mnist_i/clk_wiz_0/inst/clk_in1
    W5                   IBUF (Prop_ibuf_I_O)         1.458     1.458 r  fpga_mnist_i/clk_wiz_0/inst/clkin1_ibufg/O
                         net (fo=1, routed)           1.233     2.691    fpga_mnist_i/clk_wiz_0/inst/clk_in1_fpga_mnist_clk_wiz_0_0
    MMCME2_ADV_X1Y0      MMCME2_ADV (Prop_mmcme2_adv_CLKIN1_CLKOUT0)
                                                     -6.961    -4.269 r  fpga_mnist_i/clk_wiz_0/inst/mmcm_adv_inst/CLKOUT0
                         net (fo=1, routed)           1.661    -2.608    fpga_mnist_i/clk_wiz_0/inst/clk_out1_fpga_mnist_clk_wiz_0_0
    BUFGCTRL_X0Y0        BUFG (Prop_bufg_I_O)         0.096    -2.512 r  fpga_mnist_i/clk_wiz_0/inst/clkout1_buf/O
                         net (fo=2173, routed)        1.635    -0.877    <hidden>
    SLICE_X58Y10         FDRE                                         r  <hidden>
  -------------------------------------------------------------------    -------------------
    SLICE_X58Y10         FDRE (Prop_fdre_C_Q)         0.419    -0.458 r  <hidden>
                         net (fo=538, routed)         3.153     2.695    <hidden>
    SLICE_X59Y24         LUT2 (Prop_lut2_I0_O)        0.324     3.019 r  <hidden>
                         net (fo=32, routed)          2.785     5.805    <hidden>
    SLICE_X42Y21         FDRE                                         r  <hidden>
  -------------------------------------------------------------------    -------------------

                         (clock clk_out1_fpga_mnist_clk_wiz_0_0 rise edge)
                                                     10.000    10.000 r  
    W5                                                0.000    10.000 r  sys_clock (IN)
                         net (fo=0)                   0.000    10.000    fpga_mnist_i/clk_wiz_0/inst/clk_in1
    W5                   IBUF (Prop_ibuf_I_O)         1.388    11.388 r  fpga_mnist_i/clk_wiz_0/inst/clkin1_ibufg/O
                         net (fo=1, routed)           1.162    12.550    fpga_mnist_i/clk_wiz_0/inst/clk_in1_fpga_mnist_clk_wiz_0_0
    MMCME2_ADV_X1Y0      MMCME2_ADV (Prop_mmcme2_adv_CLKIN1_CLKOUT0)
                                                     -7.217     5.332 r  fpga_mnist_i/clk_wiz_0/inst/mmcm_adv_inst/CLKOUT0
                         net (fo=1, routed)           1.581     6.914    fpga_mnist_i/clk_wiz_0/inst/clk_out1_fpga_mnist_clk_wiz_0_0
    BUFGCTRL_X0Y0        BUFG (Prop_bufg_I_O)         0.091     7.005 r  fpga_mnist_i/clk_wiz_0/inst/clkout1_buf/O
                         net (fo=2173, routed)        1.435     8.440    <hidden>
    SLICE_X42Y21         FDRE                                         r  <hidden>
                         clock pessimism              0.564     9.003    
                         clock uncertainty           -0.074     8.929    
    SLICE_X42Y21         FDRE (Setup_fdre_C_R)       -0.732     8.197    <hidden>
  -------------------------------------------------------------------
                         required time                          8.197    
                         arrival time                          -5.805    
  -------------------------------------------------------------------
                         slack                                  2.392    





Min Delay Paths
--------------------------------------------------------------------------------------
Slack (MET) :             0.027ns  (arrival time - required time)
  Source:                 fpga_mnist_i/mnist_accel_0/inst/mnist_accel_slave_lite_v1_0_S_AXI_inst/top_mnist_fpga_instance/fc2_fsm/fc2_out_reg[3][12]/C
                            (rising edge-triggered cell FDRE clocked by clk_out1_fpga_mnist_clk_wiz_0_0  {rise@0.000ns fall@5.000ns period=10.000ns})
  Destination:            fpga_mnist_i/mnist_accel_0/inst/mnist_accel_slave_lite_v1_0_S_AXI_inst/top_mnist_fpga_instance/fc2_out_latched_reg[3][12]/D
                            (rising edge-triggered cell FDCE clocked by clk_out1_fpga_mnist_clk_wiz_0_0  {rise@0.000ns fall@5.000ns period=10.000ns})
  Path Group:             clk_out1_fpga_mnist_clk_wiz_0_0
  Path Type:              Hold (Min at Fast Process Corner)
  Requirement:            0.000ns  (clk_out1_fpga_mnist_clk_wiz_0_0 rise@0.000ns - clk_out1_fpga_mnist_clk_wiz_0_0 rise@0.000ns)
  Data Path Delay:        0.353ns  (logic 0.141ns (39.899%)  route 0.212ns (60.101%))
  Logic Levels:           0  
  Clock Path Skew:        0.263ns (DCD - SCD - CPR)
    Destination Clock Delay (DCD):    -0.858ns
    Source Clock Delay      (SCD):    -0.617ns
    Clock Pessimism Removal (CPR):    -0.503ns

    Location             Delay type                Incr(ns)  Path(ns)    Netlist Resource(s)
  -------------------------------------------------------------------    -------------------
                         (clock clk_out1_fpga_mnist_clk_wiz_0_0 rise edge)
                                                      0.000     0.000 r  
    W5                                                0.000     0.000 r  sys_clock (IN)
                         net (fo=0)                   0.000     0.000    fpga_mnist_i/clk_wiz_0/inst/clk_in1
    W5                   IBUF (Prop_ibuf_I_O)         0.226     0.226 r  fpga_mnist_i/clk_wiz_0/inst/clkin1_ibufg/O
                         net (fo=1, routed)           0.440     0.667    fpga_mnist_i/clk_wiz_0/inst/clk_in1_fpga_mnist_clk_wiz_0_0
    MMCME2_ADV_X1Y0      MMCME2_ADV (Prop_mmcme2_adv_CLKIN1_CLKOUT0)
                                                     -2.360    -1.693 r  fpga_mnist_i/clk_wiz_0/inst/mmcm_adv_inst/CLKOUT0
                         net (fo=1, routed)           0.486    -1.207    fpga_mnist_i/clk_wiz_0/inst/clk_out1_fpga_mnist_clk_wiz_0_0
    BUFGCTRL_X0Y0        BUFG (Prop_bufg_I_O)         0.026    -1.181 r  fpga_mnist_i/clk_wiz_0/inst/clkout1_buf/O
                         net (fo=2173, routed)        0.564    -0.617    fpga_mnist_i/mnist_accel_0/inst/mnist_accel_slave_lite_v1_0_S_AXI_inst/top_mnist_fpga_instance/fc2_fsm/s_axi_aclk
    SLICE_X36Y1          FDRE                                         r  fpga_mnist_i/mnist_accel_0/inst/mnist_accel_slave_lite_v1_0_S_AXI_inst/top_mnist_fpga_instance/fc2_fsm/fc2_out_reg[3][12]/C
  -------------------------------------------------------------------    -------------------
    SLICE_X36Y1          FDRE (Prop_fdre_C_Q)         0.141    -0.476 r  fpga_mnist_i/mnist_accel_0/inst/mnist_accel_slave_lite_v1_0_S_AXI_inst/top_mnist_fpga_instance/fc2_fsm/fc2_out_reg[3][12]/Q
                         net (fo=1, routed)           0.212    -0.264    fpga_mnist_i/mnist_accel_0/inst/mnist_accel_slave_lite_v1_0_S_AXI_inst/top_mnist_fpga_instance/fc2_out[3]_3[12]
    SLICE_X34Y2          FDCE                                         r  fpga_mnist_i/mnist_accel_0/inst/mnist_accel_slave_lite_v1_0_S_AXI_inst/top_mnist_fpga_instance/fc2_out_latched_reg[3][12]/D
  -------------------------------------------------------------------    -------------------

                         (clock clk_out1_fpga_mnist_clk_wiz_0_0 rise edge)
                                                      0.000     0.000 r  
    W5                                                0.000     0.000 r  sys_clock (IN)
                         net (fo=0)                   0.000     0.000    fpga_mnist_i/clk_wiz_0/inst/clk_in1
    W5                   IBUF (Prop_ibuf_I_O)         0.414     0.414 r  fpga_mnist_i/clk_wiz_0/inst/clkin1_ibufg/O
                         net (fo=1, routed)           0.480     0.894    fpga_mnist_i/clk_wiz_0/inst/clk_in1_fpga_mnist_clk_wiz_0_0
    MMCME2_ADV_X1Y0      MMCME2_ADV (Prop_mmcme2_adv_CLKIN1_CLKOUT0)
                                                     -3.142    -2.248 r  fpga_mnist_i/clk_wiz_0/inst/mmcm_adv_inst/CLKOUT0
                         net (fo=1, routed)           0.530    -1.718    fpga_mnist_i/clk_wiz_0/inst/clk_out1_fpga_mnist_clk_wiz_0_0
    BUFGCTRL_X0Y0        BUFG (Prop_bufg_I_O)         0.029    -1.689 r  fpga_mnist_i/clk_wiz_0/inst/clkout1_buf/O
                         net (fo=2173, routed)        0.832    -0.858    fpga_mnist_i/mnist_accel_0/inst/mnist_accel_slave_lite_v1_0_S_AXI_inst/top_mnist_fpga_instance/s_axi_aclk
    SLICE_X34Y2          FDCE                                         r  fpga_mnist_i/mnist_accel_0/inst/mnist_accel_slave_lite_v1_0_S_AXI_inst/top_mnist_fpga_instance/fc2_out_latched_reg[3][12]/C
                         clock pessimism              0.503    -0.354    
    SLICE_X34Y2          FDCE (Hold_fdce_C_D)         0.063    -0.291    fpga_mnist_i/mnist_accel_0/inst/mnist_accel_slave_lite_v1_0_S_AXI_inst/top_mnist_fpga_instance/fc2_out_latched_reg[3][12]
  -------------------------------------------------------------------
                         required time                          0.291    
                         arrival time                          -0.264    
  -------------------------------------------------------------------
                         slack                                  0.027    

Slack (MET) :             0.031ns  (arrival time - required time)
  Source:                 <hidden>
                            (rising edge-triggered cell FDCE clocked by clk_out1_fpga_mnist_clk_wiz_0_0  {rise@0.000ns fall@5.000ns period=10.000ns})
  Destination:            <hidden>
                            (rising edge-triggered cell FDRE clocked by clk_out1_fpga_mnist_clk_wiz_0_0  {rise@0.000ns fall@5.000ns period=10.000ns})
  Path Group:             clk_out1_fpga_mnist_clk_wiz_0_0
  Path Type:              Hold (Min at Fast Process Corner)
  Requirement:            0.000ns  (clk_out1_fpga_mnist_clk_wiz_0_0 rise@0.000ns - clk_out1_fpga_mnist_clk_wiz_0_0 rise@0.000ns)
  Data Path Delay:        0.414ns  (logic 0.247ns (59.620%)  route 0.167ns (40.380%))
  Logic Levels:           1  (LUT1=1)
  Clock Path Skew:        0.263ns (DCD - SCD - CPR)
    Destination Clock Delay (DCD):    -0.870ns
    Source Clock Delay      (SCD):    -0.629ns
    Clock Pessimism Removal (CPR):    -0.503ns

    Location             Delay type                Incr(ns)  Path(ns)    Netlist Resource(s)
  -------------------------------------------------------------------    -------------------
                         (clock clk_out1_fpga_mnist_clk_wiz_0_0 rise edge)
                                                      0.000     0.000 r  
    W5                                                0.000     0.000 r  sys_clock (IN)
                         net (fo=0)                   0.000     0.000    fpga_mnist_i/clk_wiz_0/inst/clk_in1
    W5                   IBUF (Prop_ibuf_I_O)         0.226     0.226 r  fpga_mnist_i/clk_wiz_0/inst/clkin1_ibufg/O
                         net (fo=1, routed)           0.440     0.667    fpga_mnist_i/clk_wiz_0/inst/clk_in1_fpga_mnist_clk_wiz_0_0
    MMCME2_ADV_X1Y0      MMCME2_ADV (Prop_mmcme2_adv_CLKIN1_CLKOUT0)
                                                     -2.360    -1.693 r  fpga_mnist_i/clk_wiz_0/inst/mmcm_adv_inst/CLKOUT0
                         net (fo=1, routed)           0.486    -1.207    fpga_mnist_i/clk_wiz_0/inst/clk_out1_fpga_mnist_clk_wiz_0_0
    BUFGCTRL_X0Y0        BUFG (Prop_bufg_I_O)         0.026    -1.181 r  fpga_mnist_i/clk_wiz_0/inst/clkout1_buf/O
                         net (fo=2173, routed)        0.552    -0.629    <hidden>
    SLICE_X34Y21         FDCE                                         r  <hidden>
  -------------------------------------------------------------------    -------------------
    SLICE_X34Y21         FDCE (Prop_fdce_C_Q)         0.148    -0.481 f  <hidden>
                         net (fo=1, routed)           0.167    -0.314    <hidden>
    SLICE_X38Y21         LUT1 (Prop_lut1_I0_O)        0.099    -0.215 r  <hidden>
                         net (fo=1, routed)           0.000    -0.215    <hidden>
    SLICE_X38Y21         FDRE                                         r  <hidden>
  -------------------------------------------------------------------    -------------------

                         (clock clk_out1_fpga_mnist_clk_wiz_0_0 rise edge)
                                                      0.000     0.000 r  
    W5                                                0.000     0.000 r  sys_clock (IN)
                         net (fo=0)                   0.000     0.000    fpga_mnist_i/clk_wiz_0/inst/clk_in1
    W5                   IBUF (Prop_ibuf_I_O)         0.414     0.414 r  fpga_mnist_i/clk_wiz_0/inst/clkin1_ibufg/O
                         net (fo=1, routed)           0.480     0.894    fpga_mnist_i/clk_wiz_0/inst/clk_in1_fpga_mnist_clk_wiz_0_0
    MMCME2_ADV_X1Y0      MMCME2_ADV (Prop_mmcme2_adv_CLKIN1_CLKOUT0)
                                                     -3.142    -2.248 r  fpga_mnist_i/clk_wiz_0/inst/mmcm_adv_inst/CLKOUT0
                         net (fo=1, routed)           0.530    -1.718    fpga_mnist_i/clk_wiz_0/inst/clk_out1_fpga_mnist_clk_wiz_0_0
    BUFGCTRL_X0Y0        BUFG (Prop_bufg_I_O)         0.029    -1.689 r  fpga_mnist_i/clk_wiz_0/inst/clkout1_buf/O
                         net (fo=2173, routed)        0.820    -0.870    <hidden>
    SLICE_X38Y21         FDRE                                         r  <hidden>
                         clock pessimism              0.503    -0.366    
    SLICE_X38Y21         FDRE (Hold_fdre_C_D)         0.120    -0.246    <hidden>
  -------------------------------------------------------------------
                         required time                          0.246    
                         arrival time                          -0.215    
  -------------------------------------------------------------------
                         slack                                  0.031    

Slack (MET) :             0.067ns  (arrival time - required time)
  Source:                 <hidden>
                            (rising edge-triggered cell FDCE clocked by clk_out1_fpga_mnist_clk_wiz_0_0  {rise@0.000ns fall@5.000ns period=10.000ns})
  Destination:            <hidden>
                            (rising edge-triggered cell FDRE clocked by clk_out1_fpga_mnist_clk_wiz_0_0  {rise@0.000ns fall@5.000ns period=10.000ns})
  Path Group:             clk_out1_fpga_mnist_clk_wiz_0_0
  Path Type:              Hold (Min at Fast Process Corner)
  Requirement:            0.000ns  (clk_out1_fpga_mnist_clk_wiz_0_0 rise@0.000ns - clk_out1_fpga_mnist_clk_wiz_0_0 rise@0.000ns)
  Data Path Delay:        0.419ns  (logic 0.247ns (58.958%)  route 0.172ns (41.042%))
  Logic Levels:           1  (LUT1=1)
  Clock Path Skew:        0.260ns (DCD - SCD - CPR)
    Destination Clock Delay (DCD):    -0.873ns
    Source Clock Delay      (SCD):    -0.629ns
    Clock Pessimism Removal (CPR):    -0.503ns

    Location             Delay type                Incr(ns)  Path(ns)    Netlist Resource(s)
  -------------------------------------------------------------------    -------------------
                         (clock clk_out1_fpga_mnist_clk_wiz_0_0 rise edge)
                                                      0.000     0.000 r  
    W5                                                0.000     0.000 r  sys_clock (IN)
                         net (fo=0)                   0.000     0.000    fpga_mnist_i/clk_wiz_0/inst/clk_in1
    W5                   IBUF (Prop_ibuf_I_O)         0.226     0.226 r  fpga_mnist_i/clk_wiz_0/inst/clkin1_ibufg/O
                         net (fo=1, routed)           0.440     0.667    fpga_mnist_i/clk_wiz_0/inst/clk_in1_fpga_mnist_clk_wiz_0_0
    MMCME2_ADV_X1Y0      MMCME2_ADV (Prop_mmcme2_adv_CLKIN1_CLKOUT0)
                                                     -2.360    -1.693 r  fpga_mnist_i/clk_wiz_0/inst/mmcm_adv_inst/CLKOUT0
                         net (fo=1, routed)           0.486    -1.207    fpga_mnist_i/clk_wiz_0/inst/clk_out1_fpga_mnist_clk_wiz_0_0
    BUFGCTRL_X0Y0        BUFG (Prop_bufg_I_O)         0.026    -1.181 r  fpga_mnist_i/clk_wiz_0/inst/clkout1_buf/O
                         net (fo=2173, routed)        0.552    -0.629    <hidden>
    SLICE_X34Y22         FDCE                                         r  <hidden>
  -------------------------------------------------------------------    -------------------
    SLICE_X34Y22         FDCE (Prop_fdce_C_Q)         0.148    -0.481 f  <hidden>
                         net (fo=2, routed)           0.172    -0.309    <hidden>
    SLICE_X36Y23         LUT1 (Prop_lut1_I0_O)        0.099    -0.210 r  <hidden>
                         net (fo=1, routed)           0.000    -0.210    <hidden>
    SLICE_X36Y23         FDRE                                         r  <hidden>
  -------------------------------------------------------------------    -------------------

                         (clock clk_out1_fpga_mnist_clk_wiz_0_0 rise edge)
                                                      0.000     0.000 r  
    W5                                                0.000     0.000 r  sys_clock (IN)
                         net (fo=0)                   0.000     0.000    fpga_mnist_i/clk_wiz_0/inst/clk_in1
    W5                   IBUF (Prop_ibuf_I_O)         0.414     0.414 r  fpga_mnist_i/clk_wiz_0/inst/clkin1_ibufg/O
                         net (fo=1, routed)           0.480     0.894    fpga_mnist_i/clk_wiz_0/inst/clk_in1_fpga_mnist_clk_wiz_0_0
    MMCME2_ADV_X1Y0      MMCME2_ADV (Prop_mmcme2_adv_CLKIN1_CLKOUT0)
                                                     -3.142    -2.248 r  fpga_mnist_i/clk_wiz_0/inst/mmcm_adv_inst/CLKOUT0
                         net (fo=1, routed)           0.530    -1.718    fpga_mnist_i/clk_wiz_0/inst/clk_out1_fpga_mnist_clk_wiz_0_0
    BUFGCTRL_X0Y0        BUFG (Prop_bufg_I_O)         0.029    -1.689 r  fpga_mnist_i/clk_wiz_0/inst/clkout1_buf/O
                         net (fo=2173, routed)        0.817    -0.873    <hidden>
    SLICE_X36Y23         FDRE                                         r  <hidden>
                         clock pessimism              0.503    -0.369    
    SLICE_X36Y23         FDRE (Hold_fdre_C_D)         0.092    -0.277    <hidden>
  -------------------------------------------------------------------
                         required time                          0.277    
                         arrival time                          -0.210    
  -------------------------------------------------------------------
                         slack                                  0.067    

Slack (MET) :             0.072ns  (arrival time - required time)
  Source:                 fpga_mnist_i/axi_smc/inst/clk_map/psr_aclk/U0/EXT_LPF/ACTIVE_LOW_AUX.ACT_LO_AUX/GENERATE_LEVEL_P_S_CDC.SINGLE_BIT.CROSS_PLEVEL_IN2SCNDRY_s_level_out_d4/C
                            (rising edge-triggered cell FDRE clocked by clk_out1_fpga_mnist_clk_wiz_0_0  {rise@0.000ns fall@5.000ns period=10.000ns})
  Destination:            fpga_mnist_i/axi_smc/inst/clk_map/psr_aclk/U0/EXT_LPF/lpf_asr_reg/D
                            (rising edge-triggered cell FDRE clocked by clk_out1_fpga_mnist_clk_wiz_0_0  {rise@0.000ns fall@5.000ns period=10.000ns})
  Path Group:             clk_out1_fpga_mnist_clk_wiz_0_0
  Path Type:              Hold (Min at Fast Process Corner)
  Requirement:            0.000ns  (clk_out1_fpga_mnist_clk_wiz_0_0 rise@0.000ns - clk_out1_fpga_mnist_clk_wiz_0_0 rise@0.000ns)
  Data Path Delay:        0.406ns  (logic 0.141ns (34.737%)  route 0.265ns (65.263%))
  Logic Levels:           0  
  Clock Path Skew:        0.259ns (DCD - SCD - CPR)
    Destination Clock Delay (DCD):    -0.864ns
    Source Clock Delay      (SCD):    -0.619ns
    Clock Pessimism Removal (CPR):    -0.503ns

    Location             Delay type                Incr(ns)  Path(ns)    Netlist Resource(s)
  -------------------------------------------------------------------    -------------------
                         (clock clk_out1_fpga_mnist_clk_wiz_0_0 rise edge)
                                                      0.000     0.000 r  
    W5                                                0.000     0.000 r  sys_clock (IN)
                         net (fo=0)                   0.000     0.000    fpga_mnist_i/clk_wiz_0/inst/clk_in1
    W5                   IBUF (Prop_ibuf_I_O)         0.226     0.226 r  fpga_mnist_i/clk_wiz_0/inst/clkin1_ibufg/O
                         net (fo=1, routed)           0.440     0.667    fpga_mnist_i/clk_wiz_0/inst/clk_in1_fpga_mnist_clk_wiz_0_0
    MMCME2_ADV_X1Y0      MMCME2_ADV (Prop_mmcme2_adv_CLKIN1_CLKOUT0)
                                                     -2.360    -1.693 r  fpga_mnist_i/clk_wiz_0/inst/mmcm_adv_inst/CLKOUT0
                         net (fo=1, routed)           0.486    -1.207    fpga_mnist_i/clk_wiz_0/inst/clk_out1_fpga_mnist_clk_wiz_0_0
    BUFGCTRL_X0Y0        BUFG (Prop_bufg_I_O)         0.026    -1.181 r  fpga_mnist_i/clk_wiz_0/inst/clkout1_buf/O
                         net (fo=2173, routed)        0.562    -0.619    fpga_mnist_i/axi_smc/inst/clk_map/psr_aclk/U0/EXT_LPF/ACTIVE_LOW_AUX.ACT_LO_AUX/aclk
    SLICE_X36Y9          FDRE                                         r  fpga_mnist_i/axi_smc/inst/clk_map/psr_aclk/U0/EXT_LPF/ACTIVE_LOW_AUX.ACT_LO_AUX/GENERATE_LEVEL_P_S_CDC.SINGLE_BIT.CROSS_PLEVEL_IN2SCNDRY_s_level_out_d4/C
  -------------------------------------------------------------------    -------------------
    SLICE_X36Y9          FDRE (Prop_fdre_C_Q)         0.141    -0.478 r  fpga_mnist_i/axi_smc/inst/clk_map/psr_aclk/U0/EXT_LPF/ACTIVE_LOW_AUX.ACT_LO_AUX/GENERATE_LEVEL_P_S_CDC.SINGLE_BIT.CROSS_PLEVEL_IN2SCNDRY_s_level_out_d4/Q
                         net (fo=1, routed)           0.265    -0.213    fpga_mnist_i/axi_smc/inst/clk_map/psr_aclk/U0/EXT_LPF/p_0_in
    SLICE_X35Y13         FDRE                                         r  fpga_mnist_i/axi_smc/inst/clk_map/psr_aclk/U0/EXT_LPF/lpf_asr_reg/D
  -------------------------------------------------------------------    -------------------

                         (clock clk_out1_fpga_mnist_clk_wiz_0_0 rise edge)
                                                      0.000     0.000 r  
    W5                                                0.000     0.000 r  sys_clock (IN)
                         net (fo=0)                   0.000     0.000    fpga_mnist_i/clk_wiz_0/inst/clk_in1
    W5                   IBUF (Prop_ibuf_I_O)         0.414     0.414 r  fpga_mnist_i/clk_wiz_0/inst/clkin1_ibufg/O
                         net (fo=1, routed)           0.480     0.894    fpga_mnist_i/clk_wiz_0/inst/clk_in1_fpga_mnist_clk_wiz_0_0
    MMCME2_ADV_X1Y0      MMCME2_ADV (Prop_mmcme2_adv_CLKIN1_CLKOUT0)
                                                     -3.142    -2.248 r  fpga_mnist_i/clk_wiz_0/inst/mmcm_adv_inst/CLKOUT0
                         net (fo=1, routed)           0.530    -1.718    fpga_mnist_i/clk_wiz_0/inst/clk_out1_fpga_mnist_clk_wiz_0_0
    BUFGCTRL_X0Y0        BUFG (Prop_bufg_I_O)         0.029    -1.689 r  fpga_mnist_i/clk_wiz_0/inst/clkout1_buf/O
                         net (fo=2173, routed)        0.826    -0.864    fpga_mnist_i/axi_smc/inst/clk_map/psr_aclk/U0/EXT_LPF/aclk
    SLICE_X35Y13         FDRE                                         r  fpga_mnist_i/axi_smc/inst/clk_map/psr_aclk/U0/EXT_LPF/lpf_asr_reg/C
                         clock pessimism              0.503    -0.360    
    SLICE_X35Y13         FDRE (Hold_fdre_C_D)         0.075    -0.285    fpga_mnist_i/axi_smc/inst/clk_map/psr_aclk/U0/EXT_LPF/lpf_asr_reg
  -------------------------------------------------------------------
                         required time                          0.285    
                         arrival time                          -0.213    
  -------------------------------------------------------------------
                         slack                                  0.072    

Slack (MET) :             0.098ns  (arrival time - required time)
  Source:                 <hidden>
                            (rising edge-triggered cell FDCE clocked by clk_out1_fpga_mnist_clk_wiz_0_0  {rise@0.000ns fall@5.000ns period=10.000ns})
  Destination:            <hidden>
                            (rising edge-triggered cell FDRE clocked by clk_out1_fpga_mnist_clk_wiz_0_0  {rise@0.000ns fall@5.000ns period=10.000ns})
  Path Group:             clk_out1_fpga_mnist_clk_wiz_0_0
  Path Type:              Hold (Min at Fast Process Corner)
  Requirement:            0.000ns  (clk_out1_fpga_mnist_clk_wiz_0_0 rise@0.000ns - clk_out1_fpga_mnist_clk_wiz_0_0 rise@0.000ns)
  Data Path Delay:        0.379ns  (logic 0.148ns (39.067%)  route 0.231ns (60.933%))
  Logic Levels:           0  
  Clock Path Skew:        0.260ns (DCD - SCD - CPR)
    Destination Clock Delay (DCD):    -0.873ns
    Source Clock Delay      (SCD):    -0.629ns
    Clock Pessimism Removal (CPR):    -0.503ns

    Location             Delay type                Incr(ns)  Path(ns)    Netlist Resource(s)
  -------------------------------------------------------------------    -------------------
                         (clock clk_out1_fpga_mnist_clk_wiz_0_0 rise edge)
                                                      0.000     0.000 r  
    W5                                                0.000     0.000 r  sys_clock (IN)
                         net (fo=0)                   0.000     0.000    fpga_mnist_i/clk_wiz_0/inst/clk_in1
    W5                   IBUF (Prop_ibuf_I_O)         0.226     0.226 r  fpga_mnist_i/clk_wiz_0/inst/clkin1_ibufg/O
                         net (fo=1, routed)           0.440     0.667    fpga_mnist_i/clk_wiz_0/inst/clk_in1_fpga_mnist_clk_wiz_0_0
    MMCME2_ADV_X1Y0      MMCME2_ADV (Prop_mmcme2_adv_CLKIN1_CLKOUT0)
                                                     -2.360    -1.693 r  fpga_mnist_i/clk_wiz_0/inst/mmcm_adv_inst/CLKOUT0
                         net (fo=1, routed)           0.486    -1.207    fpga_mnist_i/clk_wiz_0/inst/clk_out1_fpga_mnist_clk_wiz_0_0
    BUFGCTRL_X0Y0        BUFG (Prop_bufg_I_O)         0.026    -1.181 r  fpga_mnist_i/clk_wiz_0/inst/clkout1_buf/O
                         net (fo=2173, routed)        0.552    -0.629    <hidden>
    SLICE_X34Y22         FDCE                                         r  <hidden>
  -------------------------------------------------------------------    -------------------
    SLICE_X34Y22         FDCE (Prop_fdce_C_Q)         0.148    -0.481 r  <hidden>
                         net (fo=2, routed)           0.231    -0.251    <hidden>
    SLICE_X37Y23         FDRE                                         r  <hidden>
  -------------------------------------------------------------------    -------------------

                         (clock clk_out1_fpga_mnist_clk_wiz_0_0 rise edge)
                                                      0.000     0.000 r  
    W5                                                0.000     0.000 r  sys_clock (IN)
                         net (fo=0)                   0.000     0.000    fpga_mnist_i/clk_wiz_0/inst/clk_in1
    W5                   IBUF (Prop_ibuf_I_O)         0.414     0.414 r  fpga_mnist_i/clk_wiz_0/inst/clkin1_ibufg/O
                         net (fo=1, routed)           0.480     0.894    fpga_mnist_i/clk_wiz_0/inst/clk_in1_fpga_mnist_clk_wiz_0_0
    MMCME2_ADV_X1Y0      MMCME2_ADV (Prop_mmcme2_adv_CLKIN1_CLKOUT0)
                                                     -3.142    -2.248 r  fpga_mnist_i/clk_wiz_0/inst/mmcm_adv_inst/CLKOUT0
                         net (fo=1, routed)           0.530    -1.718    fpga_mnist_i/clk_wiz_0/inst/clk_out1_fpga_mnist_clk_wiz_0_0
    BUFGCTRL_X0Y0        BUFG (Prop_bufg_I_O)         0.029    -1.689 r  fpga_mnist_i/clk_wiz_0/inst/clkout1_buf/O
                         net (fo=2173, routed)        0.817    -0.873    <hidden>
    SLICE_X37Y23         FDRE                                         r  <hidden>
                         clock pessimism              0.503    -0.369    
    SLICE_X37Y23         FDRE (Hold_fdre_C_D)         0.021    -0.348    <hidden>
  -------------------------------------------------------------------
                         required time                          0.348    
                         arrival time                          -0.251    
  -------------------------------------------------------------------
                         slack                                  0.098    

Slack (MET) :             0.121ns  (arrival time - required time)
  Source:                 fpga_mnist_i/mnist_accel_0/inst/mnist_accel_slave_lite_v1_0_S_AXI_inst/top_mnist_fpga_instance/fc2_out_latched_reg[0][12]/C
                            (rising edge-triggered cell FDCE clocked by clk_out1_fpga_mnist_clk_wiz_0_0  {rise@0.000ns fall@5.000ns period=10.000ns})
  Destination:            fpga_mnist_i/mnist_accel_0/inst/mnist_accel_slave_lite_v1_0_S_AXI_inst/top_mnist_fpga_instance/u_argmax/max_val_reg[12]/D
                            (rising edge-triggered cell FDCE clocked by clk_out1_fpga_mnist_clk_wiz_0_0  {rise@0.000ns fall@5.000ns period=10.000ns})
  Path Group:             clk_out1_fpga_mnist_clk_wiz_0_0
  Path Type:              Hold (Min at Fast Process Corner)
  Requirement:            0.000ns  (clk_out1_fpga_mnist_clk_wiz_0_0 rise@0.000ns - clk_out1_fpga_mnist_clk_wiz_0_0 rise@0.000ns)
  Data Path Delay:        0.478ns  (logic 0.186ns (38.939%)  route 0.292ns (61.061%))
  Logic Levels:           1  (LUT4=1)
  Clock Path Skew:        0.266ns (DCD - SCD - CPR)
    Destination Clock Delay (DCD):    -0.856ns
    Source Clock Delay      (SCD):    -0.618ns
    Clock Pessimism Removal (CPR):    -0.503ns

    Location             Delay type                Incr(ns)  Path(ns)    Netlist Resource(s)
  -------------------------------------------------------------------    -------------------
                         (clock clk_out1_fpga_mnist_clk_wiz_0_0 rise edge)
                                                      0.000     0.000 r  
    W5                                                0.000     0.000 r  sys_clock (IN)
                         net (fo=0)                   0.000     0.000    fpga_mnist_i/clk_wiz_0/inst/clk_in1
    W5                   IBUF (Prop_ibuf_I_O)         0.226     0.226 r  fpga_mnist_i/clk_wiz_0/inst/clkin1_ibufg/O
                         net (fo=1, routed)           0.440     0.667    fpga_mnist_i/clk_wiz_0/inst/clk_in1_fpga_mnist_clk_wiz_0_0
    MMCME2_ADV_X1Y0      MMCME2_ADV (Prop_mmcme2_adv_CLKIN1_CLKOUT0)
                                                     -2.360    -1.693 r  fpga_mnist_i/clk_wiz_0/inst/mmcm_adv_inst/CLKOUT0
                         net (fo=1, routed)           0.486    -1.207    fpga_mnist_i/clk_wiz_0/inst/clk_out1_fpga_mnist_clk_wiz_0_0
    BUFGCTRL_X0Y0        BUFG (Prop_bufg_I_O)         0.026    -1.181 r  fpga_mnist_i/clk_wiz_0/inst/clkout1_buf/O
                         net (fo=2173, routed)        0.563    -0.618    fpga_mnist_i/mnist_accel_0/inst/mnist_accel_slave_lite_v1_0_S_AXI_inst/top_mnist_fpga_instance/s_axi_aclk
    SLICE_X35Y2          FDCE                                         r  fpga_mnist_i/mnist_accel_0/inst/mnist_accel_slave_lite_v1_0_S_AXI_inst/top_mnist_fpga_instance/fc2_out_latched_reg[0][12]/C
  -------------------------------------------------------------------    -------------------
    SLICE_X35Y2          FDCE (Prop_fdce_C_Q)         0.141    -0.477 r  fpga_mnist_i/mnist_accel_0/inst/mnist_accel_slave_lite_v1_0_S_AXI_inst/top_mnist_fpga_instance/fc2_out_latched_reg[0][12]/Q
                         net (fo=2, routed)           0.292    -0.186    fpga_mnist_i/mnist_accel_0/inst/mnist_accel_slave_lite_v1_0_S_AXI_inst/top_mnist_fpga_instance/u_argmax/max_val_reg[31]_0[12]
    SLICE_X41Y2          LUT4 (Prop_lut4_I0_O)        0.045    -0.141 r  fpga_mnist_i/mnist_accel_0/inst/mnist_accel_slave_lite_v1_0_S_AXI_inst/top_mnist_fpga_instance/u_argmax/max_val[12]_i_1/O
                         net (fo=1, routed)           0.000    -0.141    fpga_mnist_i/mnist_accel_0/inst/mnist_accel_slave_lite_v1_0_S_AXI_inst/top_mnist_fpga_instance/u_argmax/max_val[12]_i_1_n_0
    SLICE_X41Y2          FDCE                                         r  fpga_mnist_i/mnist_accel_0/inst/mnist_accel_slave_lite_v1_0_S_AXI_inst/top_mnist_fpga_instance/u_argmax/max_val_reg[12]/D
  -------------------------------------------------------------------    -------------------

                         (clock clk_out1_fpga_mnist_clk_wiz_0_0 rise edge)
                                                      0.000     0.000 r  
    W5                                                0.000     0.000 r  sys_clock (IN)
                         net (fo=0)                   0.000     0.000    fpga_mnist_i/clk_wiz_0/inst/clk_in1
    W5                   IBUF (Prop_ibuf_I_O)         0.414     0.414 r  fpga_mnist_i/clk_wiz_0/inst/clkin1_ibufg/O
                         net (fo=1, routed)           0.480     0.894    fpga_mnist_i/clk_wiz_0/inst/clk_in1_fpga_mnist_clk_wiz_0_0
    MMCME2_ADV_X1Y0      MMCME2_ADV (Prop_mmcme2_adv_CLKIN1_CLKOUT0)
                                                     -3.142    -2.248 r  fpga_mnist_i/clk_wiz_0/inst/mmcm_adv_inst/CLKOUT0
                         net (fo=1, routed)           0.530    -1.718    fpga_mnist_i/clk_wiz_0/inst/clk_out1_fpga_mnist_clk_wiz_0_0
    BUFGCTRL_X0Y0        BUFG (Prop_bufg_I_O)         0.029    -1.689 r  fpga_mnist_i/clk_wiz_0/inst/clkout1_buf/O
                         net (fo=2173, routed)        0.834    -0.856    fpga_mnist_i/mnist_accel_0/inst/mnist_accel_slave_lite_v1_0_S_AXI_inst/top_mnist_fpga_instance/u_argmax/s_axi_aclk
    SLICE_X41Y2          FDCE                                         r  fpga_mnist_i/mnist_accel_0/inst/mnist_accel_slave_lite_v1_0_S_AXI_inst/top_mnist_fpga_instance/u_argmax/max_val_reg[12]/C
                         clock pessimism              0.503    -0.352    
    SLICE_X41Y2          FDCE (Hold_fdce_C_D)         0.091    -0.261    fpga_mnist_i/mnist_accel_0/inst/mnist_accel_slave_lite_v1_0_S_AXI_inst/top_mnist_fpga_instance/u_argmax/max_val_reg[12]
  -------------------------------------------------------------------
                         required time                          0.261    
                         arrival time                          -0.141    
  -------------------------------------------------------------------
                         slack                                  0.121    

Slack (MET) :             0.121ns  (arrival time - required time)
  Source:                 <hidden>
                            (rising edge-triggered cell FDRE clocked by clk_out1_fpga_mnist_clk_wiz_0_0  {rise@0.000ns fall@5.000ns period=10.000ns})
  Destination:            fpga_mnist_i/axi_uartlite_0/U0/UARTLITE_CORE_I/UARTLITE_TX_I/SRL_FIFO_I/I_SRL_FIFO_RBU_F/DYNSHREG_F_I/INFERRED_GEN.data_reg[15][7]_srl16/D
                            (rising edge-triggered cell SRL16E clocked by clk_out1_fpga_mnist_clk_wiz_0_0  {rise@0.000ns fall@5.000ns period=10.000ns})
  Path Group:             clk_out1_fpga_mnist_clk_wiz_0_0
  Path Type:              Hold (Min at Fast Process Corner)
  Requirement:            0.000ns  (clk_out1_fpga_mnist_clk_wiz_0_0 rise@0.000ns - clk_out1_fpga_mnist_clk_wiz_0_0 rise@0.000ns)
  Data Path Delay:        0.343ns  (logic 0.141ns (41.110%)  route 0.202ns (58.890%))
  Logic Levels:           0  
  Clock Path Skew:        0.039ns (DCD - SCD - CPR)
    Destination Clock Delay (DCD):    -0.855ns
    Source Clock Delay      (SCD):    -0.619ns
    Clock Pessimism Removal (CPR):    -0.274ns

    Location             Delay type                Incr(ns)  Path(ns)    Netlist Resource(s)
  -------------------------------------------------------------------    -------------------
                         (clock clk_out1_fpga_mnist_clk_wiz_0_0 rise edge)
                                                      0.000     0.000 r  
    W5                                                0.000     0.000 r  sys_clock (IN)
                         net (fo=0)                   0.000     0.000    fpga_mnist_i/clk_wiz_0/inst/clk_in1
    W5                   IBUF (Prop_ibuf_I_O)         0.226     0.226 r  fpga_mnist_i/clk_wiz_0/inst/clkin1_ibufg/O
                         net (fo=1, routed)           0.440     0.667    fpga_mnist_i/clk_wiz_0/inst/clk_in1_fpga_mnist_clk_wiz_0_0
    MMCME2_ADV_X1Y0      MMCME2_ADV (Prop_mmcme2_adv_CLKIN1_CLKOUT0)
                                                     -2.360    -1.693 r  fpga_mnist_i/clk_wiz_0/inst/mmcm_adv_inst/CLKOUT0
                         net (fo=1, routed)           0.486    -1.207    fpga_mnist_i/clk_wiz_0/inst/clk_out1_fpga_mnist_clk_wiz_0_0
    BUFGCTRL_X0Y0        BUFG (Prop_bufg_I_O)         0.026    -1.181 r  fpga_mnist_i/clk_wiz_0/inst/clkout1_buf/O
                         net (fo=2173, routed)        0.562    -0.619    <hidden>
    SLICE_X48Y13         FDRE                                         r  <hidden>
  -------------------------------------------------------------------    -------------------
    SLICE_X48Y13         FDRE (Prop_fdre_C_Q)         0.141    -0.478 r  <hidden>
                         net (fo=5, routed)           0.202    -0.276    fpga_mnist_i/axi_uartlite_0/U0/UARTLITE_CORE_I/UARTLITE_TX_I/SRL_FIFO_I/I_SRL_FIFO_RBU_F/DYNSHREG_F_I/s_axi_wdata[0]
    SLICE_X50Y10         SRL16E                                       r  fpga_mnist_i/axi_uartlite_0/U0/UARTLITE_CORE_I/UARTLITE_TX_I/SRL_FIFO_I/I_SRL_FIFO_RBU_F/DYNSHREG_F_I/INFERRED_GEN.data_reg[15][7]_srl16/D
  -------------------------------------------------------------------    -------------------

                         (clock clk_out1_fpga_mnist_clk_wiz_0_0 rise edge)
                                                      0.000     0.000 r  
    W5                                                0.000     0.000 r  sys_clock (IN)
                         net (fo=0)                   0.000     0.000    fpga_mnist_i/clk_wiz_0/inst/clk_in1
    W5                   IBUF (Prop_ibuf_I_O)         0.414     0.414 r  fpga_mnist_i/clk_wiz_0/inst/clkin1_ibufg/O
                         net (fo=1, routed)           0.480     0.894    fpga_mnist_i/clk_wiz_0/inst/clk_in1_fpga_mnist_clk_wiz_0_0
    MMCME2_ADV_X1Y0      MMCME2_ADV (Prop_mmcme2_adv_CLKIN1_CLKOUT0)
                                                     -3.142    -2.248 r  fpga_mnist_i/clk_wiz_0/inst/mmcm_adv_inst/CLKOUT0
                         net (fo=1, routed)           0.530    -1.718    fpga_mnist_i/clk_wiz_0/inst/clk_out1_fpga_mnist_clk_wiz_0_0
    BUFGCTRL_X0Y0        BUFG (Prop_bufg_I_O)         0.029    -1.689 r  fpga_mnist_i/clk_wiz_0/inst/clkout1_buf/O
                         net (fo=2173, routed)        0.835    -0.855    fpga_mnist_i/axi_uartlite_0/U0/UARTLITE_CORE_I/UARTLITE_TX_I/SRL_FIFO_I/I_SRL_FIFO_RBU_F/DYNSHREG_F_I/s_axi_aclk
    SLICE_X50Y10         SRL16E                                       r  fpga_mnist_i/axi_uartlite_0/U0/UARTLITE_CORE_I/UARTLITE_TX_I/SRL_FIFO_I/I_SRL_FIFO_RBU_F/DYNSHREG_F_I/INFERRED_GEN.data_reg[15][7]_srl16/CLK
                         clock pessimism              0.274    -0.580    
    SLICE_X50Y10         SRL16E (Hold_srl16e_CLK_D)
                                                      0.183    -0.397    fpga_mnist_i/axi_uartlite_0/U0/UARTLITE_CORE_I/UARTLITE_TX_I/SRL_FIFO_I/I_SRL_FIFO_RBU_F/DYNSHREG_F_I/INFERRED_GEN.data_reg[15][7]_srl16
  -------------------------------------------------------------------
                         required time                          0.397    
                         arrival time                          -0.276    
  -------------------------------------------------------------------
                         slack                                  0.121    

Slack (MET) :             0.122ns  (arrival time - required time)
  Source:                 <hidden>
                            (rising edge-triggered cell FDCE clocked by clk_out1_fpga_mnist_clk_wiz_0_0  {rise@0.000ns fall@5.000ns period=10.000ns})
  Destination:            <hidden>
                            (rising edge-triggered cell FDCE clocked by clk_out1_fpga_mnist_clk_wiz_0_0  {rise@0.000ns fall@5.000ns period=10.000ns})
  Path Group:             clk_out1_fpga_mnist_clk_wiz_0_0
  Path Type:              Hold (Min at Fast Process Corner)
  Requirement:            0.000ns  (clk_out1_fpga_mnist_clk_wiz_0_0 rise@0.000ns - clk_out1_fpga_mnist_clk_wiz_0_0 rise@0.000ns)
  Data Path Delay:        0.197ns  (logic 0.141ns (71.611%)  route 0.056ns (28.389%))
  Logic Levels:           0  
  Clock Path Skew:        0.000ns (DCD - SCD - CPR)
    Destination Clock Delay (DCD):    -0.867ns
    Source Clock Delay      (SCD):    -0.625ns
    Clock Pessimism Removal (CPR):    -0.241ns

    Location             Delay type                Incr(ns)  Path(ns)    Netlist Resource(s)
  -------------------------------------------------------------------    -------------------
                         (clock clk_out1_fpga_mnist_clk_wiz_0_0 rise edge)
                                                      0.000     0.000 r  
    W5                                                0.000     0.000 r  sys_clock (IN)
                         net (fo=0)                   0.000     0.000    fpga_mnist_i/clk_wiz_0/inst/clk_in1
    W5                   IBUF (Prop_ibuf_I_O)         0.226     0.226 r  fpga_mnist_i/clk_wiz_0/inst/clkin1_ibufg/O
                         net (fo=1, routed)           0.440     0.667    fpga_mnist_i/clk_wiz_0/inst/clk_in1_fpga_mnist_clk_wiz_0_0
    MMCME2_ADV_X1Y0      MMCME2_ADV (Prop_mmcme2_adv_CLKIN1_CLKOUT0)
                                                     -2.360    -1.693 r  fpga_mnist_i/clk_wiz_0/inst/mmcm_adv_inst/CLKOUT0
                         net (fo=1, routed)           0.486    -1.207    fpga_mnist_i/clk_wiz_0/inst/clk_out1_fpga_mnist_clk_wiz_0_0
    BUFGCTRL_X0Y0        BUFG (Prop_bufg_I_O)         0.026    -1.181 r  fpga_mnist_i/clk_wiz_0/inst/clkout1_buf/O
                         net (fo=2173, routed)        0.556    -0.625    <hidden>
    SLICE_X35Y17         FDCE                                         r  <hidden>
  -------------------------------------------------------------------    -------------------
    SLICE_X35Y17         FDCE (Prop_fdce_C_Q)         0.141    -0.484 r  <hidden>
                         net (fo=1, routed)           0.056    -0.428    <hidden>
    SLICE_X35Y17         FDCE                                         r  <hidden>
  -------------------------------------------------------------------    -------------------

                         (clock clk_out1_fpga_mnist_clk_wiz_0_0 rise edge)
                                                      0.000     0.000 r  
    W5                                                0.000     0.000 r  sys_clock (IN)
                         net (fo=0)                   0.000     0.000    fpga_mnist_i/clk_wiz_0/inst/clk_in1
    W5                   IBUF (Prop_ibuf_I_O)         0.414     0.414 r  fpga_mnist_i/clk_wiz_0/inst/clkin1_ibufg/O
                         net (fo=1, routed)           0.480     0.894    fpga_mnist_i/clk_wiz_0/inst/clk_in1_fpga_mnist_clk_wiz_0_0
    MMCME2_ADV_X1Y0      MMCME2_ADV (Prop_mmcme2_adv_CLKIN1_CLKOUT0)
                                                     -3.142    -2.248 r  fpga_mnist_i/clk_wiz_0/inst/mmcm_adv_inst/CLKOUT0
                         net (fo=1, routed)           0.530    -1.718    fpga_mnist_i/clk_wiz_0/inst/clk_out1_fpga_mnist_clk_wiz_0_0
    BUFGCTRL_X0Y0        BUFG (Prop_bufg_I_O)         0.029    -1.689 r  fpga_mnist_i/clk_wiz_0/inst/clkout1_buf/O
                         net (fo=2173, routed)        0.823    -0.867    <hidden>
    SLICE_X35Y17         FDCE                                         r  <hidden>
                         clock pessimism              0.241    -0.625    
    SLICE_X35Y17         FDCE (Hold_fdce_C_D)         0.075    -0.550    <hidden>
  -------------------------------------------------------------------
                         required time                          0.550    
                         arrival time                          -0.428    
  -------------------------------------------------------------------
                         slack                                  0.122    

Slack (MET) :             0.122ns  (arrival time - required time)
  Source:                 <hidden>
                            (rising edge-triggered cell FDCE clocked by clk_out1_fpga_mnist_clk_wiz_0_0  {rise@0.000ns fall@5.000ns period=10.000ns})
  Destination:            <hidden>
                            (rising edge-triggered cell FDCE clocked by clk_out1_fpga_mnist_clk_wiz_0_0  {rise@0.000ns fall@5.000ns period=10.000ns})
  Path Group:             clk_out1_fpga_mnist_clk_wiz_0_0
  Path Type:              Hold (Min at Fast Process Corner)
  Requirement:            0.000ns  (clk_out1_fpga_mnist_clk_wiz_0_0 rise@0.000ns - clk_out1_fpga_mnist_clk_wiz_0_0 rise@0.000ns)
  Data Path Delay:        0.197ns  (logic 0.141ns (71.611%)  route 0.056ns (28.389%))
  Logic Levels:           0  
  Clock Path Skew:        0.000ns (DCD - SCD - CPR)
    Destination Clock Delay (DCD):    -0.867ns
    Source Clock Delay      (SCD):    -0.625ns
    Clock Pessimism Removal (CPR):    -0.241ns

    Location             Delay type                Incr(ns)  Path(ns)    Netlist Resource(s)
  -------------------------------------------------------------------    -------------------
                         (clock clk_out1_fpga_mnist_clk_wiz_0_0 rise edge)
                                                      0.000     0.000 r  
    W5                                                0.000     0.000 r  sys_clock (IN)
                         net (fo=0)                   0.000     0.000    fpga_mnist_i/clk_wiz_0/inst/clk_in1
    W5                   IBUF (Prop_ibuf_I_O)         0.226     0.226 r  fpga_mnist_i/clk_wiz_0/inst/clkin1_ibufg/O
                         net (fo=1, routed)           0.440     0.667    fpga_mnist_i/clk_wiz_0/inst/clk_in1_fpga_mnist_clk_wiz_0_0
    MMCME2_ADV_X1Y0      MMCME2_ADV (Prop_mmcme2_adv_CLKIN1_CLKOUT0)
                                                     -2.360    -1.693 r  fpga_mnist_i/clk_wiz_0/inst/mmcm_adv_inst/CLKOUT0
                         net (fo=1, routed)           0.486    -1.207    fpga_mnist_i/clk_wiz_0/inst/clk_out1_fpga_mnist_clk_wiz_0_0
    BUFGCTRL_X0Y0        BUFG (Prop_bufg_I_O)         0.026    -1.181 r  fpga_mnist_i/clk_wiz_0/inst/clkout1_buf/O
                         net (fo=2173, routed)        0.556    -0.625    <hidden>
    SLICE_X37Y18         FDCE                                         r  <hidden>
  -------------------------------------------------------------------    -------------------
    SLICE_X37Y18         FDCE (Prop_fdce_C_Q)         0.141    -0.484 r  <hidden>
                         net (fo=1, routed)           0.056    -0.428    <hidden>
    SLICE_X37Y18         FDCE                                         r  <hidden>
  -------------------------------------------------------------------    -------------------

                         (clock clk_out1_fpga_mnist_clk_wiz_0_0 rise edge)
                                                      0.000     0.000 r  
    W5                                                0.000     0.000 r  sys_clock (IN)
                         net (fo=0)                   0.000     0.000    fpga_mnist_i/clk_wiz_0/inst/clk_in1
    W5                   IBUF (Prop_ibuf_I_O)         0.414     0.414 r  fpga_mnist_i/clk_wiz_0/inst/clkin1_ibufg/O
                         net (fo=1, routed)           0.480     0.894    fpga_mnist_i/clk_wiz_0/inst/clk_in1_fpga_mnist_clk_wiz_0_0
    MMCME2_ADV_X1Y0      MMCME2_ADV (Prop_mmcme2_adv_CLKIN1_CLKOUT0)
                                                     -3.142    -2.248 r  fpga_mnist_i/clk_wiz_0/inst/mmcm_adv_inst/CLKOUT0
                         net (fo=1, routed)           0.530    -1.718    fpga_mnist_i/clk_wiz_0/inst/clk_out1_fpga_mnist_clk_wiz_0_0
    BUFGCTRL_X0Y0        BUFG (Prop_bufg_I_O)         0.029    -1.689 r  fpga_mnist_i/clk_wiz_0/inst/clkout1_buf/O
                         net (fo=2173, routed)        0.823    -0.867    <hidden>
    SLICE_X37Y18         FDCE                                         r  <hidden>
                         clock pessimism              0.241    -0.625    
    SLICE_X37Y18         FDCE (Hold_fdce_C_D)         0.075    -0.550    <hidden>
  -------------------------------------------------------------------
                         required time                          0.550    
                         arrival time                          -0.428    
  -------------------------------------------------------------------
                         slack                                  0.122    

Slack (MET) :             0.122ns  (arrival time - required time)
  Source:                 fpga_mnist_i/proc_sys_reset_0/U0/EXT_LPF/ACTIVE_LOW_AUX.ACT_LO_AUX/GENERATE_LEVEL_P_S_CDC.SINGLE_BIT.CROSS_PLEVEL_IN2SCNDRY_IN_cdc_to/C
                            (rising edge-triggered cell FDRE clocked by clk_out1_fpga_mnist_clk_wiz_0_0  {rise@0.000ns fall@5.000ns period=10.000ns})
  Destination:            fpga_mnist_i/proc_sys_reset_0/U0/EXT_LPF/ACTIVE_LOW_AUX.ACT_LO_AUX/GENERATE_LEVEL_P_S_CDC.SINGLE_BIT.CROSS_PLEVEL_IN2SCNDRY_s_level_out_d2/D
                            (rising edge-triggered cell FDRE clocked by clk_out1_fpga_mnist_clk_wiz_0_0  {rise@0.000ns fall@5.000ns period=10.000ns})
  Path Group:             clk_out1_fpga_mnist_clk_wiz_0_0
  Path Type:              Hold (Min at Fast Process Corner)
  Requirement:            0.000ns  (clk_out1_fpga_mnist_clk_wiz_0_0 rise@0.000ns - clk_out1_fpga_mnist_clk_wiz_0_0 rise@0.000ns)
  Data Path Delay:        0.197ns  (logic 0.141ns (71.611%)  route 0.056ns (28.389%))
  Logic Levels:           0  
  Clock Path Skew:        0.000ns (DCD - SCD - CPR)
    Destination Clock Delay (DCD):    -0.825ns
    Source Clock Delay      (SCD):    -0.586ns
    Clock Pessimism Removal (CPR):    -0.238ns

    Location             Delay type                Incr(ns)  Path(ns)    Netlist Resource(s)
  -------------------------------------------------------------------    -------------------
                         (clock clk_out1_fpga_mnist_clk_wiz_0_0 rise edge)
                                                      0.000     0.000 r  
    W5                                                0.000     0.000 r  sys_clock (IN)
                         net (fo=0)                   0.000     0.000    fpga_mnist_i/clk_wiz_0/inst/clk_in1
    W5                   IBUF (Prop_ibuf_I_O)         0.226     0.226 r  fpga_mnist_i/clk_wiz_0/inst/clkin1_ibufg/O
                         net (fo=1, routed)           0.440     0.667    fpga_mnist_i/clk_wiz_0/inst/clk_in1_fpga_mnist_clk_wiz_0_0
    MMCME2_ADV_X1Y0      MMCME2_ADV (Prop_mmcme2_adv_CLKIN1_CLKOUT0)
                                                     -2.360    -1.693 r  fpga_mnist_i/clk_wiz_0/inst/mmcm_adv_inst/CLKOUT0
                         net (fo=1, routed)           0.486    -1.207    fpga_mnist_i/clk_wiz_0/inst/clk_out1_fpga_mnist_clk_wiz_0_0
    BUFGCTRL_X0Y0        BUFG (Prop_bufg_I_O)         0.026    -1.181 r  fpga_mnist_i/clk_wiz_0/inst/clkout1_buf/O
                         net (fo=2173, routed)        0.595    -0.586    fpga_mnist_i/proc_sys_reset_0/U0/EXT_LPF/ACTIVE_LOW_AUX.ACT_LO_AUX/slowest_sync_clk
    SLICE_X61Y2          FDRE                                         r  fpga_mnist_i/proc_sys_reset_0/U0/EXT_LPF/ACTIVE_LOW_AUX.ACT_LO_AUX/GENERATE_LEVEL_P_S_CDC.SINGLE_BIT.CROSS_PLEVEL_IN2SCNDRY_IN_cdc_to/C
  -------------------------------------------------------------------    -------------------
    SLICE_X61Y2          FDRE (Prop_fdre_C_Q)         0.141    -0.445 r  fpga_mnist_i/proc_sys_reset_0/U0/EXT_LPF/ACTIVE_LOW_AUX.ACT_LO_AUX/GENERATE_LEVEL_P_S_CDC.SINGLE_BIT.CROSS_PLEVEL_IN2SCNDRY_IN_cdc_to/Q
                         net (fo=1, routed)           0.056    -0.389    fpga_mnist_i/proc_sys_reset_0/U0/EXT_LPF/ACTIVE_LOW_AUX.ACT_LO_AUX/Q
    SLICE_X61Y2          FDRE                                         r  fpga_mnist_i/proc_sys_reset_0/U0/EXT_LPF/ACTIVE_LOW_AUX.ACT_LO_AUX/GENERATE_LEVEL_P_S_CDC.SINGLE_BIT.CROSS_PLEVEL_IN2SCNDRY_s_level_out_d2/D
  -------------------------------------------------------------------    -------------------

                         (clock clk_out1_fpga_mnist_clk_wiz_0_0 rise edge)
                                                      0.000     0.000 r  
    W5                                                0.000     0.000 r  sys_clock (IN)
                         net (fo=0)                   0.000     0.000    fpga_mnist_i/clk_wiz_0/inst/clk_in1
    W5                   IBUF (Prop_ibuf_I_O)         0.414     0.414 r  fpga_mnist_i/clk_wiz_0/inst/clkin1_ibufg/O
                         net (fo=1, routed)           0.480     0.894    fpga_mnist_i/clk_wiz_0/inst/clk_in1_fpga_mnist_clk_wiz_0_0
    MMCME2_ADV_X1Y0      MMCME2_ADV (Prop_mmcme2_adv_CLKIN1_CLKOUT0)
                                                     -3.142    -2.248 r  fpga_mnist_i/clk_wiz_0/inst/mmcm_adv_inst/CLKOUT0
                         net (fo=1, routed)           0.530    -1.718    fpga_mnist_i/clk_wiz_0/inst/clk_out1_fpga_mnist_clk_wiz_0_0
    BUFGCTRL_X0Y0        BUFG (Prop_bufg_I_O)         0.029    -1.689 r  fpga_mnist_i/clk_wiz_0/inst/clkout1_buf/O
                         net (fo=2173, routed)        0.865    -0.825    fpga_mnist_i/proc_sys_reset_0/U0/EXT_LPF/ACTIVE_LOW_AUX.ACT_LO_AUX/slowest_sync_clk
    SLICE_X61Y2          FDRE                                         r  fpga_mnist_i/proc_sys_reset_0/U0/EXT_LPF/ACTIVE_LOW_AUX.ACT_LO_AUX/GENERATE_LEVEL_P_S_CDC.SINGLE_BIT.CROSS_PLEVEL_IN2SCNDRY_s_level_out_d2/C
                         clock pessimism              0.238    -0.586    
    SLICE_X61Y2          FDRE (Hold_fdre_C_D)         0.075    -0.511    fpga_mnist_i/proc_sys_reset_0/U0/EXT_LPF/ACTIVE_LOW_AUX.ACT_LO_AUX/GENERATE_LEVEL_P_S_CDC.SINGLE_BIT.CROSS_PLEVEL_IN2SCNDRY_s_level_out_d2
  -------------------------------------------------------------------
                         required time                          0.511    
                         arrival time                          -0.389    
  -------------------------------------------------------------------
                         slack                                  0.122    





Pulse Width Checks
--------------------------------------------------------------------------------------
Clock Name:         clk_out1_fpga_mnist_clk_wiz_0_0
Waveform(ns):       { 0.000 5.000 }
Period(ns):         10.000
Sources:            { fpga_mnist_i/clk_wiz_0/inst/mmcm_adv_inst/CLKOUT0 }

Check Type        Corner  Lib Pin             Reference Pin  Required(ns)  Actual(ns)  Slack(ns)  Location         Pin
Min Period        n/a     RAMB36E1/CLKARDCLK  n/a            2.576         10.000      7.424      RAMB36_X2Y3      <hidden>
Min Period        n/a     RAMB36E1/CLKBWRCLK  n/a            2.576         10.000      7.424      RAMB36_X2Y3      <hidden>
Min Period        n/a     RAMB36E1/CLKARDCLK  n/a            2.576         10.000      7.424      RAMB36_X2Y2      <hidden>
Min Period        n/a     RAMB36E1/CLKBWRCLK  n/a            2.576         10.000      7.424      RAMB36_X2Y2      <hidden>
Min Period        n/a     RAMB36E1/CLKARDCLK  n/a            2.576         10.000      7.424      RAMB36_X1Y3      <hidden>
Min Period        n/a     RAMB36E1/CLKBWRCLK  n/a            2.576         10.000      7.424      RAMB36_X1Y3      <hidden>
Min Period        n/a     RAMB36E1/CLKARDCLK  n/a            2.576         10.000      7.424      RAMB36_X1Y2      <hidden>
Min Period        n/a     RAMB36E1/CLKBWRCLK  n/a            2.576         10.000      7.424      RAMB36_X1Y2      <hidden>
Min Period        n/a     BUFG/I              n/a            2.155         10.000      7.845      BUFGCTRL_X0Y0    fpga_mnist_i/clk_wiz_0/inst/clkout1_buf/I
Min Period        n/a     MMCME2_ADV/CLKOUT0  n/a            1.249         10.000      8.751      MMCME2_ADV_X1Y0  fpga_mnist_i/clk_wiz_0/inst/mmcm_adv_inst/CLKOUT0
Max Period        n/a     MMCME2_ADV/CLKOUT0  n/a            213.360       10.000      203.360    MMCME2_ADV_X1Y0  fpga_mnist_i/clk_wiz_0/inst/mmcm_adv_inst/CLKOUT0
Low Pulse Width   Slow    RAMD32/CLK          n/a            1.250         5.000       3.750      SLICE_X46Y27     <hidden>
Low Pulse Width   Fast    RAMD32/CLK          n/a            1.250         5.000       3.750      SLICE_X46Y27     <hidden>
Low Pulse Width   Slow    RAMD32/CLK          n/a            1.250         5.000       3.750      SLICE_X46Y27     <hidden>
Low Pulse Width   Fast    RAMD32/CLK          n/a            1.250         5.000       3.750      SLICE_X46Y27     <hidden>
Low Pulse Width   Slow    RAMD32/CLK          n/a            1.250         5.000       3.750      SLICE_X46Y27     <hidden>
Low Pulse Width   Fast    RAMD32/CLK          n/a            1.250         5.000       3.750      SLICE_X46Y27     <hidden>
Low Pulse Width   Slow    RAMD32/CLK          n/a            1.250         5.000       3.750      SLICE_X46Y27     <hidden>
Low Pulse Width   Fast    RAMD32/CLK          n/a            1.250         5.000       3.750      SLICE_X46Y27     <hidden>
Low Pulse Width   Slow    RAMD32/CLK          n/a            1.250         5.000       3.750      SLICE_X46Y27     <hidden>
Low Pulse Width   Fast    RAMD32/CLK          n/a            1.250         5.000       3.750      SLICE_X46Y27     <hidden>
High Pulse Width  Slow    RAMD32/CLK          n/a            1.250         5.000       3.750      SLICE_X46Y27     <hidden>
High Pulse Width  Fast    RAMD32/CLK          n/a            1.250         5.000       3.750      SLICE_X46Y27     <hidden>
High Pulse Width  Slow    RAMD32/CLK          n/a            1.250         5.000       3.750      SLICE_X46Y27     <hidden>
High Pulse Width  Fast    RAMD32/CLK          n/a            1.250         5.000       3.750      SLICE_X46Y27     <hidden>
High Pulse Width  Slow    RAMD32/CLK          n/a            1.250         5.000       3.750      SLICE_X46Y27     <hidden>
High Pulse Width  Fast    RAMD32/CLK          n/a            1.250         5.000       3.750      SLICE_X46Y27     <hidden>
High Pulse Width  Slow    RAMD32/CLK          n/a            1.250         5.000       3.750      SLICE_X46Y27     <hidden>
High Pulse Width  Fast    RAMD32/CLK          n/a            1.250         5.000       3.750      SLICE_X46Y27     <hidden>
High Pulse Width  Slow    RAMD32/CLK          n/a            1.250         5.000       3.750      SLICE_X46Y27     <hidden>
High Pulse Width  Fast    RAMD32/CLK          n/a            1.250         5.000       3.750      SLICE_X46Y27     <hidden>



---------------------------------------------------------------------------------------------------
From Clock:  clkfbout_fpga_mnist_clk_wiz_0_0
  To Clock:  clkfbout_fpga_mnist_clk_wiz_0_0

Setup :           NA  Failing Endpoints,  Worst Slack           NA  ,  Total Violation           NA
Hold  :           NA  Failing Endpoints,  Worst Slack           NA  ,  Total Violation           NA
PW    :            0  Failing Endpoints,  Worst Slack        7.845ns,  Total Violation        0.000ns
---------------------------------------------------------------------------------------------------


Pulse Width Checks
--------------------------------------------------------------------------------------
Clock Name:         clkfbout_fpga_mnist_clk_wiz_0_0
Waveform(ns):       { 0.000 5.000 }
Period(ns):         10.000
Sources:            { fpga_mnist_i/clk_wiz_0/inst/mmcm_adv_inst/CLKFBOUT }

Check Type  Corner  Lib Pin              Reference Pin  Required(ns)  Actual(ns)  Slack(ns)  Location         Pin
Min Period  n/a     BUFG/I               n/a            2.155         10.000      7.845      BUFGCTRL_X0Y1    fpga_mnist_i/clk_wiz_0/inst/clkf_buf/I
Min Period  n/a     MMCME2_ADV/CLKFBOUT  n/a            1.249         10.000      8.751      MMCME2_ADV_X1Y0  fpga_mnist_i/clk_wiz_0/inst/mmcm_adv_inst/CLKFBOUT
Min Period  n/a     MMCME2_ADV/CLKFBIN   n/a            1.249         10.000      8.751      MMCME2_ADV_X1Y0  fpga_mnist_i/clk_wiz_0/inst/mmcm_adv_inst/CLKFBIN
Max Period  n/a     MMCME2_ADV/CLKFBIN   n/a            100.000       10.000      90.000     MMCME2_ADV_X1Y0  fpga_mnist_i/clk_wiz_0/inst/mmcm_adv_inst/CLKFBIN
Max Period  n/a     MMCME2_ADV/CLKFBOUT  n/a            213.360       10.000      203.360    MMCME2_ADV_X1Y0  fpga_mnist_i/clk_wiz_0/inst/mmcm_adv_inst/CLKFBOUT



---------------------------------------------------------------------------------------------------
Path Group:  **async_default**
From Clock:  clk_out1_fpga_mnist_clk_wiz_0_0
  To Clock:  clk_out1_fpga_mnist_clk_wiz_0_0

Setup :            0  Failing Endpoints,  Worst Slack        3.782ns,  Total Violation        0.000ns
Hold  :            0  Failing Endpoints,  Worst Slack        1.429ns,  Total Violation        0.000ns
---------------------------------------------------------------------------------------------------


Max Delay Paths
--------------------------------------------------------------------------------------
Slack (MET) :             3.782ns  (required time - arrival time)
  Source:                 fpga_mnist_i/proc_sys_reset_0/U0/ACTIVE_LOW_PR_OUT_DFF[0].FDRE_PER_N/C
                            (rising edge-triggered cell FDRE clocked by clk_out1_fpga_mnist_clk_wiz_0_0  {rise@0.000ns fall@5.000ns period=10.000ns})
  Destination:            fpga_mnist_i/mnist_accel_0/inst/mnist_accel_slave_lite_v1_0_S_AXI_inst/top_mnist_fpga_instance/fc2_out_latched_reg[9][6]/CLR
                            (recovery check against rising-edge clock clk_out1_fpga_mnist_clk_wiz_0_0  {rise@0.000ns fall@5.000ns period=10.000ns})
  Path Group:             **async_default**
  Path Type:              Recovery (Max at Slow Process Corner)
  Requirement:            10.000ns  (clk_out1_fpga_mnist_clk_wiz_0_0 rise@10.000ns - clk_out1_fpga_mnist_clk_wiz_0_0 rise@0.000ns)
  Data Path Delay:        5.635ns  (logic 0.642ns (11.394%)  route 4.993ns (88.606%))
  Logic Levels:           1  (LUT1=1)
  Clock Path Skew:        -0.104ns (DCD - SCD + CPR)
    Destination Clock Delay (DCD):    -1.542ns = ( 8.458 - 10.000 ) 
    Source Clock Delay      (SCD):    -0.875ns
    Clock Pessimism Removal (CPR):    0.564ns
  Clock Uncertainty:      0.074ns  ((TSJ^2 + DJ^2)^1/2) / 2 + PE
    Total System Jitter     (TSJ):    0.071ns
    Discrete Jitter          (DJ):    0.131ns
    Phase Error              (PE):    0.000ns

    Location             Delay type                Incr(ns)  Path(ns)    Netlist Resource(s)
  -------------------------------------------------------------------    -------------------
                         (clock clk_out1_fpga_mnist_clk_wiz_0_0 rise edge)
                                                      0.000     0.000 r  
    W5                                                0.000     0.000 r  sys_clock (IN)
                         net (fo=0)                   0.000     0.000    fpga_mnist_i/clk_wiz_0/inst/clk_in1
    W5                   IBUF (Prop_ibuf_I_O)         1.458     1.458 r  fpga_mnist_i/clk_wiz_0/inst/clkin1_ibufg/O
                         net (fo=1, routed)           1.233     2.691    fpga_mnist_i/clk_wiz_0/inst/clk_in1_fpga_mnist_clk_wiz_0_0
    MMCME2_ADV_X1Y0      MMCME2_ADV (Prop_mmcme2_adv_CLKIN1_CLKOUT0)
                                                     -6.961    -4.269 r  fpga_mnist_i/clk_wiz_0/inst/mmcm_adv_inst/CLKOUT0
                         net (fo=1, routed)           1.661    -2.608    fpga_mnist_i/clk_wiz_0/inst/clk_out1_fpga_mnist_clk_wiz_0_0
    BUFGCTRL_X0Y0        BUFG (Prop_bufg_I_O)         0.096    -2.512 r  fpga_mnist_i/clk_wiz_0/inst/clkout1_buf/O
                         net (fo=2173, routed)        1.637    -0.875    fpga_mnist_i/proc_sys_reset_0/U0/slowest_sync_clk
    SLICE_X60Y5          FDRE                                         r  fpga_mnist_i/proc_sys_reset_0/U0/ACTIVE_LOW_PR_OUT_DFF[0].FDRE_PER_N/C
  -------------------------------------------------------------------    -------------------
    SLICE_X60Y5          FDRE (Prop_fdre_C_Q)         0.518    -0.357 r  fpga_mnist_i/proc_sys_reset_0/U0/ACTIVE_LOW_PR_OUT_DFF[0].FDRE_PER_N/Q
                         net (fo=31, routed)          2.187     1.830    fpga_mnist_i/mnist_accel_0/inst/mnist_accel_slave_lite_v1_0_S_AXI_inst/top_mnist_fpga_instance/fc2_fsm/s_axi_aresetn
    SLICE_X43Y10         LUT1 (Prop_lut1_I0_O)        0.124     1.954 f  fpga_mnist_i/mnist_accel_0/inst/mnist_accel_slave_lite_v1_0_S_AXI_inst/top_mnist_fpga_instance/fc2_fsm/axi_awready_i_1/O
                         net (fo=498, routed)         2.806     4.760    fpga_mnist_i/mnist_accel_0/inst/mnist_accel_slave_lite_v1_0_S_AXI_inst/top_mnist_fpga_instance/s_axi_aresetn_0
    SLICE_X55Y0          FDCE                                         f  fpga_mnist_i/mnist_accel_0/inst/mnist_accel_slave_lite_v1_0_S_AXI_inst/top_mnist_fpga_instance/fc2_out_latched_reg[9][6]/CLR
  -------------------------------------------------------------------    -------------------

                         (clock clk_out1_fpga_mnist_clk_wiz_0_0 rise edge)
                                                     10.000    10.000 r  
    W5                                                0.000    10.000 r  sys_clock (IN)
                         net (fo=0)                   0.000    10.000    fpga_mnist_i/clk_wiz_0/inst/clk_in1
    W5                   IBUF (Prop_ibuf_I_O)         1.388    11.388 r  fpga_mnist_i/clk_wiz_0/inst/clkin1_ibufg/O
                         net (fo=1, routed)           1.162    12.550    fpga_mnist_i/clk_wiz_0/inst/clk_in1_fpga_mnist_clk_wiz_0_0
    MMCME2_ADV_X1Y0      MMCME2_ADV (Prop_mmcme2_adv_CLKIN1_CLKOUT0)
                                                     -7.217     5.332 r  fpga_mnist_i/clk_wiz_0/inst/mmcm_adv_inst/CLKOUT0
                         net (fo=1, routed)           1.581     6.914    fpga_mnist_i/clk_wiz_0/inst/clk_out1_fpga_mnist_clk_wiz_0_0
    BUFGCTRL_X0Y0        BUFG (Prop_bufg_I_O)         0.091     7.005 r  fpga_mnist_i/clk_wiz_0/inst/clkout1_buf/O
                         net (fo=2173, routed)        1.453     8.458    fpga_mnist_i/mnist_accel_0/inst/mnist_accel_slave_lite_v1_0_S_AXI_inst/top_mnist_fpga_instance/s_axi_aclk
    SLICE_X55Y0          FDCE                                         r  fpga_mnist_i/mnist_accel_0/inst/mnist_accel_slave_lite_v1_0_S_AXI_inst/top_mnist_fpga_instance/fc2_out_latched_reg[9][6]/C
                         clock pessimism              0.564     9.021    
                         clock uncertainty           -0.074     8.947    
    SLICE_X55Y0          FDCE (Recov_fdce_C_CLR)     -0.405     8.542    fpga_mnist_i/mnist_accel_0/inst/mnist_accel_slave_lite_v1_0_S_AXI_inst/top_mnist_fpga_instance/fc2_out_latched_reg[9][6]
  -------------------------------------------------------------------
                         required time                          8.542    
                         arrival time                          -4.760    
  -------------------------------------------------------------------
                         slack                                  3.782    

Slack (MET) :             3.789ns  (required time - arrival time)
  Source:                 fpga_mnist_i/proc_sys_reset_0/U0/ACTIVE_LOW_PR_OUT_DFF[0].FDRE_PER_N/C
                            (rising edge-triggered cell FDRE clocked by clk_out1_fpga_mnist_clk_wiz_0_0  {rise@0.000ns fall@5.000ns period=10.000ns})
  Destination:            fpga_mnist_i/mnist_accel_0/inst/mnist_accel_slave_lite_v1_0_S_AXI_inst/top_mnist_fpga_instance/u_fsm/neuron_cnt_reg[12]/CLR
                            (recovery check against rising-edge clock clk_out1_fpga_mnist_clk_wiz_0_0  {rise@0.000ns fall@5.000ns period=10.000ns})
  Path Group:             **async_default**
  Path Type:              Recovery (Max at Slow Process Corner)
  Requirement:            10.000ns  (clk_out1_fpga_mnist_clk_wiz_0_0 rise@10.000ns - clk_out1_fpga_mnist_clk_wiz_0_0 rise@0.000ns)
  Data Path Delay:        5.627ns  (logic 0.642ns (11.410%)  route 4.985ns (88.590%))
  Logic Levels:           1  (LUT1=1)
  Clock Path Skew:        -0.105ns (DCD - SCD + CPR)
    Destination Clock Delay (DCD):    -1.543ns = ( 8.457 - 10.000 ) 
    Source Clock Delay      (SCD):    -0.875ns
    Clock Pessimism Removal (CPR):    0.564ns
  Clock Uncertainty:      0.074ns  ((TSJ^2 + DJ^2)^1/2) / 2 + PE
    Total System Jitter     (TSJ):    0.071ns
    Discrete Jitter          (DJ):    0.131ns
    Phase Error              (PE):    0.000ns

    Location             Delay type                Incr(ns)  Path(ns)    Netlist Resource(s)
  -------------------------------------------------------------------    -------------------
                         (clock clk_out1_fpga_mnist_clk_wiz_0_0 rise edge)
                                                      0.000     0.000 r  
    W5                                                0.000     0.000 r  sys_clock (IN)
                         net (fo=0)                   0.000     0.000    fpga_mnist_i/clk_wiz_0/inst/clk_in1
    W5                   IBUF (Prop_ibuf_I_O)         1.458     1.458 r  fpga_mnist_i/clk_wiz_0/inst/clkin1_ibufg/O
                         net (fo=1, routed)           1.233     2.691    fpga_mnist_i/clk_wiz_0/inst/clk_in1_fpga_mnist_clk_wiz_0_0
    MMCME2_ADV_X1Y0      MMCME2_ADV (Prop_mmcme2_adv_CLKIN1_CLKOUT0)
                                                     -6.961    -4.269 r  fpga_mnist_i/clk_wiz_0/inst/mmcm_adv_inst/CLKOUT0
                         net (fo=1, routed)           1.661    -2.608    fpga_mnist_i/clk_wiz_0/inst/clk_out1_fpga_mnist_clk_wiz_0_0
    BUFGCTRL_X0Y0        BUFG (Prop_bufg_I_O)         0.096    -2.512 r  fpga_mnist_i/clk_wiz_0/inst/clkout1_buf/O
                         net (fo=2173, routed)        1.637    -0.875    fpga_mnist_i/proc_sys_reset_0/U0/slowest_sync_clk
    SLICE_X60Y5          FDRE                                         r  fpga_mnist_i/proc_sys_reset_0/U0/ACTIVE_LOW_PR_OUT_DFF[0].FDRE_PER_N/C
  -------------------------------------------------------------------    -------------------
    SLICE_X60Y5          FDRE (Prop_fdre_C_Q)         0.518    -0.357 r  fpga_mnist_i/proc_sys_reset_0/U0/ACTIVE_LOW_PR_OUT_DFF[0].FDRE_PER_N/Q
                         net (fo=31, routed)          2.187     1.830    fpga_mnist_i/mnist_accel_0/inst/mnist_accel_slave_lite_v1_0_S_AXI_inst/top_mnist_fpga_instance/fc2_fsm/s_axi_aresetn
    SLICE_X43Y10         LUT1 (Prop_lut1_I0_O)        0.124     1.954 f  fpga_mnist_i/mnist_accel_0/inst/mnist_accel_slave_lite_v1_0_S_AXI_inst/top_mnist_fpga_instance/fc2_fsm/axi_awready_i_1/O
                         net (fo=498, routed)         2.798     4.752    fpga_mnist_i/mnist_accel_0/inst/mnist_accel_slave_lite_v1_0_S_AXI_inst/top_mnist_fpga_instance/u_fsm/neuron_index_out_reg[15]_0
    SLICE_X57Y8          FDCE                                         f  fpga_mnist_i/mnist_accel_0/inst/mnist_accel_slave_lite_v1_0_S_AXI_inst/top_mnist_fpga_instance/u_fsm/neuron_cnt_reg[12]/CLR
  -------------------------------------------------------------------    -------------------

                         (clock clk_out1_fpga_mnist_clk_wiz_0_0 rise edge)
                                                     10.000    10.000 r  
    W5                                                0.000    10.000 r  sys_clock (IN)
                         net (fo=0)                   0.000    10.000    fpga_mnist_i/clk_wiz_0/inst/clk_in1
    W5                   IBUF (Prop_ibuf_I_O)         1.388    11.388 r  fpga_mnist_i/clk_wiz_0/inst/clkin1_ibufg/O
                         net (fo=1, routed)           1.162    12.550    fpga_mnist_i/clk_wiz_0/inst/clk_in1_fpga_mnist_clk_wiz_0_0
    MMCME2_ADV_X1Y0      MMCME2_ADV (Prop_mmcme2_adv_CLKIN1_CLKOUT0)
                                                     -7.217     5.332 r  fpga_mnist_i/clk_wiz_0/inst/mmcm_adv_inst/CLKOUT0
                         net (fo=1, routed)           1.581     6.914    fpga_mnist_i/clk_wiz_0/inst/clk_out1_fpga_mnist_clk_wiz_0_0
    BUFGCTRL_X0Y0        BUFG (Prop_bufg_I_O)         0.091     7.005 r  fpga_mnist_i/clk_wiz_0/inst/clkout1_buf/O
                         net (fo=2173, routed)        1.452     8.457    fpga_mnist_i/mnist_accel_0/inst/mnist_accel_slave_lite_v1_0_S_AXI_inst/top_mnist_fpga_instance/u_fsm/s_axi_aclk
    SLICE_X57Y8          FDCE                                         r  fpga_mnist_i/mnist_accel_0/inst/mnist_accel_slave_lite_v1_0_S_AXI_inst/top_mnist_fpga_instance/u_fsm/neuron_cnt_reg[12]/C
                         clock pessimism              0.564     9.020    
                         clock uncertainty           -0.074     8.946    
    SLICE_X57Y8          FDCE (Recov_fdce_C_CLR)     -0.405     8.541    fpga_mnist_i/mnist_accel_0/inst/mnist_accel_slave_lite_v1_0_S_AXI_inst/top_mnist_fpga_instance/u_fsm/neuron_cnt_reg[12]
  -------------------------------------------------------------------
                         required time                          8.541    
                         arrival time                          -4.752    
  -------------------------------------------------------------------
                         slack                                  3.789    

Slack (MET) :             3.789ns  (required time - arrival time)
  Source:                 fpga_mnist_i/proc_sys_reset_0/U0/ACTIVE_LOW_PR_OUT_DFF[0].FDRE_PER_N/C
                            (rising edge-triggered cell FDRE clocked by clk_out1_fpga_mnist_clk_wiz_0_0  {rise@0.000ns fall@5.000ns period=10.000ns})
  Destination:            fpga_mnist_i/mnist_accel_0/inst/mnist_accel_slave_lite_v1_0_S_AXI_inst/top_mnist_fpga_instance/u_fsm/neuron_cnt_reg[13]/CLR
                            (recovery check against rising-edge clock clk_out1_fpga_mnist_clk_wiz_0_0  {rise@0.000ns fall@5.000ns period=10.000ns})
  Path Group:             **async_default**
  Path Type:              Recovery (Max at Slow Process Corner)
  Requirement:            10.000ns  (clk_out1_fpga_mnist_clk_wiz_0_0 rise@10.000ns - clk_out1_fpga_mnist_clk_wiz_0_0 rise@0.000ns)
  Data Path Delay:        5.627ns  (logic 0.642ns (11.410%)  route 4.985ns (88.590%))
  Logic Levels:           1  (LUT1=1)
  Clock Path Skew:        -0.105ns (DCD - SCD + CPR)
    Destination Clock Delay (DCD):    -1.543ns = ( 8.457 - 10.000 ) 
    Source Clock Delay      (SCD):    -0.875ns
    Clock Pessimism Removal (CPR):    0.564ns
  Clock Uncertainty:      0.074ns  ((TSJ^2 + DJ^2)^1/2) / 2 + PE
    Total System Jitter     (TSJ):    0.071ns
    Discrete Jitter          (DJ):    0.131ns
    Phase Error              (PE):    0.000ns

    Location             Delay type                Incr(ns)  Path(ns)    Netlist Resource(s)
  -------------------------------------------------------------------    -------------------
                         (clock clk_out1_fpga_mnist_clk_wiz_0_0 rise edge)
                                                      0.000     0.000 r  
    W5                                                0.000     0.000 r  sys_clock (IN)
                         net (fo=0)                   0.000     0.000    fpga_mnist_i/clk_wiz_0/inst/clk_in1
    W5                   IBUF (Prop_ibuf_I_O)         1.458     1.458 r  fpga_mnist_i/clk_wiz_0/inst/clkin1_ibufg/O
                         net (fo=1, routed)           1.233     2.691    fpga_mnist_i/clk_wiz_0/inst/clk_in1_fpga_mnist_clk_wiz_0_0
    MMCME2_ADV_X1Y0      MMCME2_ADV (Prop_mmcme2_adv_CLKIN1_CLKOUT0)
                                                     -6.961    -4.269 r  fpga_mnist_i/clk_wiz_0/inst/mmcm_adv_inst/CLKOUT0
                         net (fo=1, routed)           1.661    -2.608    fpga_mnist_i/clk_wiz_0/inst/clk_out1_fpga_mnist_clk_wiz_0_0
    BUFGCTRL_X0Y0        BUFG (Prop_bufg_I_O)         0.096    -2.512 r  fpga_mnist_i/clk_wiz_0/inst/clkout1_buf/O
                         net (fo=2173, routed)        1.637    -0.875    fpga_mnist_i/proc_sys_reset_0/U0/slowest_sync_clk
    SLICE_X60Y5          FDRE                                         r  fpga_mnist_i/proc_sys_reset_0/U0/ACTIVE_LOW_PR_OUT_DFF[0].FDRE_PER_N/C
  -------------------------------------------------------------------    -------------------
    SLICE_X60Y5          FDRE (Prop_fdre_C_Q)         0.518    -0.357 r  fpga_mnist_i/proc_sys_reset_0/U0/ACTIVE_LOW_PR_OUT_DFF[0].FDRE_PER_N/Q
                         net (fo=31, routed)          2.187     1.830    fpga_mnist_i/mnist_accel_0/inst/mnist_accel_slave_lite_v1_0_S_AXI_inst/top_mnist_fpga_instance/fc2_fsm/s_axi_aresetn
    SLICE_X43Y10         LUT1 (Prop_lut1_I0_O)        0.124     1.954 f  fpga_mnist_i/mnist_accel_0/inst/mnist_accel_slave_lite_v1_0_S_AXI_inst/top_mnist_fpga_instance/fc2_fsm/axi_awready_i_1/O
                         net (fo=498, routed)         2.798     4.752    fpga_mnist_i/mnist_accel_0/inst/mnist_accel_slave_lite_v1_0_S_AXI_inst/top_mnist_fpga_instance/u_fsm/neuron_index_out_reg[15]_0
    SLICE_X57Y8          FDCE                                         f  fpga_mnist_i/mnist_accel_0/inst/mnist_accel_slave_lite_v1_0_S_AXI_inst/top_mnist_fpga_instance/u_fsm/neuron_cnt_reg[13]/CLR
  -------------------------------------------------------------------    -------------------

                         (clock clk_out1_fpga_mnist_clk_wiz_0_0 rise edge)
                                                     10.000    10.000 r  
    W5                                                0.000    10.000 r  sys_clock (IN)
                         net (fo=0)                   0.000    10.000    fpga_mnist_i/clk_wiz_0/inst/clk_in1
    W5                   IBUF (Prop_ibuf_I_O)         1.388    11.388 r  fpga_mnist_i/clk_wiz_0/inst/clkin1_ibufg/O
                         net (fo=1, routed)           1.162    12.550    fpga_mnist_i/clk_wiz_0/inst/clk_in1_fpga_mnist_clk_wiz_0_0
    MMCME2_ADV_X1Y0      MMCME2_ADV (Prop_mmcme2_adv_CLKIN1_CLKOUT0)
                                                     -7.217     5.332 r  fpga_mnist_i/clk_wiz_0/inst/mmcm_adv_inst/CLKOUT0
                         net (fo=1, routed)           1.581     6.914    fpga_mnist_i/clk_wiz_0/inst/clk_out1_fpga_mnist_clk_wiz_0_0
    BUFGCTRL_X0Y0        BUFG (Prop_bufg_I_O)         0.091     7.005 r  fpga_mnist_i/clk_wiz_0/inst/clkout1_buf/O
                         net (fo=2173, routed)        1.452     8.457    fpga_mnist_i/mnist_accel_0/inst/mnist_accel_slave_lite_v1_0_S_AXI_inst/top_mnist_fpga_instance/u_fsm/s_axi_aclk
    SLICE_X57Y8          FDCE                                         r  fpga_mnist_i/mnist_accel_0/inst/mnist_accel_slave_lite_v1_0_S_AXI_inst/top_mnist_fpga_instance/u_fsm/neuron_cnt_reg[13]/C
                         clock pessimism              0.564     9.020    
                         clock uncertainty           -0.074     8.946    
    SLICE_X57Y8          FDCE (Recov_fdce_C_CLR)     -0.405     8.541    fpga_mnist_i/mnist_accel_0/inst/mnist_accel_slave_lite_v1_0_S_AXI_inst/top_mnist_fpga_instance/u_fsm/neuron_cnt_reg[13]
  -------------------------------------------------------------------
                         required time                          8.541    
                         arrival time                          -4.752    
  -------------------------------------------------------------------
                         slack                                  3.789    

Slack (MET) :             3.789ns  (required time - arrival time)
  Source:                 fpga_mnist_i/proc_sys_reset_0/U0/ACTIVE_LOW_PR_OUT_DFF[0].FDRE_PER_N/C
                            (rising edge-triggered cell FDRE clocked by clk_out1_fpga_mnist_clk_wiz_0_0  {rise@0.000ns fall@5.000ns period=10.000ns})
  Destination:            fpga_mnist_i/mnist_accel_0/inst/mnist_accel_slave_lite_v1_0_S_AXI_inst/top_mnist_fpga_instance/u_fsm/neuron_cnt_reg[14]/CLR
                            (recovery check against rising-edge clock clk_out1_fpga_mnist_clk_wiz_0_0  {rise@0.000ns fall@5.000ns period=10.000ns})
  Path Group:             **async_default**
  Path Type:              Recovery (Max at Slow Process Corner)
  Requirement:            10.000ns  (clk_out1_fpga_mnist_clk_wiz_0_0 rise@10.000ns - clk_out1_fpga_mnist_clk_wiz_0_0 rise@0.000ns)
  Data Path Delay:        5.627ns  (logic 0.642ns (11.410%)  route 4.985ns (88.590%))
  Logic Levels:           1  (LUT1=1)
  Clock Path Skew:        -0.105ns (DCD - SCD + CPR)
    Destination Clock Delay (DCD):    -1.543ns = ( 8.457 - 10.000 ) 
    Source Clock Delay      (SCD):    -0.875ns
    Clock Pessimism Removal (CPR):    0.564ns
  Clock Uncertainty:      0.074ns  ((TSJ^2 + DJ^2)^1/2) / 2 + PE
    Total System Jitter     (TSJ):    0.071ns
    Discrete Jitter          (DJ):    0.131ns
    Phase Error              (PE):    0.000ns

    Location             Delay type                Incr(ns)  Path(ns)    Netlist Resource(s)
  -------------------------------------------------------------------    -------------------
                         (clock clk_out1_fpga_mnist_clk_wiz_0_0 rise edge)
                                                      0.000     0.000 r  
    W5                                                0.000     0.000 r  sys_clock (IN)
                         net (fo=0)                   0.000     0.000    fpga_mnist_i/clk_wiz_0/inst/clk_in1
    W5                   IBUF (Prop_ibuf_I_O)         1.458     1.458 r  fpga_mnist_i/clk_wiz_0/inst/clkin1_ibufg/O
                         net (fo=1, routed)           1.233     2.691    fpga_mnist_i/clk_wiz_0/inst/clk_in1_fpga_mnist_clk_wiz_0_0
    MMCME2_ADV_X1Y0      MMCME2_ADV (Prop_mmcme2_adv_CLKIN1_CLKOUT0)
                                                     -6.961    -4.269 r  fpga_mnist_i/clk_wiz_0/inst/mmcm_adv_inst/CLKOUT0
                         net (fo=1, routed)           1.661    -2.608    fpga_mnist_i/clk_wiz_0/inst/clk_out1_fpga_mnist_clk_wiz_0_0
    BUFGCTRL_X0Y0        BUFG (Prop_bufg_I_O)         0.096    -2.512 r  fpga_mnist_i/clk_wiz_0/inst/clkout1_buf/O
                         net (fo=2173, routed)        1.637    -0.875    fpga_mnist_i/proc_sys_reset_0/U0/slowest_sync_clk
    SLICE_X60Y5          FDRE                                         r  fpga_mnist_i/proc_sys_reset_0/U0/ACTIVE_LOW_PR_OUT_DFF[0].FDRE_PER_N/C
  -------------------------------------------------------------------    -------------------
    SLICE_X60Y5          FDRE (Prop_fdre_C_Q)         0.518    -0.357 r  fpga_mnist_i/proc_sys_reset_0/U0/ACTIVE_LOW_PR_OUT_DFF[0].FDRE_PER_N/Q
                         net (fo=31, routed)          2.187     1.830    fpga_mnist_i/mnist_accel_0/inst/mnist_accel_slave_lite_v1_0_S_AXI_inst/top_mnist_fpga_instance/fc2_fsm/s_axi_aresetn
    SLICE_X43Y10         LUT1 (Prop_lut1_I0_O)        0.124     1.954 f  fpga_mnist_i/mnist_accel_0/inst/mnist_accel_slave_lite_v1_0_S_AXI_inst/top_mnist_fpga_instance/fc2_fsm/axi_awready_i_1/O
                         net (fo=498, routed)         2.798     4.752    fpga_mnist_i/mnist_accel_0/inst/mnist_accel_slave_lite_v1_0_S_AXI_inst/top_mnist_fpga_instance/u_fsm/neuron_index_out_reg[15]_0
    SLICE_X57Y8          FDCE                                         f  fpga_mnist_i/mnist_accel_0/inst/mnist_accel_slave_lite_v1_0_S_AXI_inst/top_mnist_fpga_instance/u_fsm/neuron_cnt_reg[14]/CLR
  -------------------------------------------------------------------    -------------------

                         (clock clk_out1_fpga_mnist_clk_wiz_0_0 rise edge)
                                                     10.000    10.000 r  
    W5                                                0.000    10.000 r  sys_clock (IN)
                         net (fo=0)                   0.000    10.000    fpga_mnist_i/clk_wiz_0/inst/clk_in1
    W5                   IBUF (Prop_ibuf_I_O)         1.388    11.388 r  fpga_mnist_i/clk_wiz_0/inst/clkin1_ibufg/O
                         net (fo=1, routed)           1.162    12.550    fpga_mnist_i/clk_wiz_0/inst/clk_in1_fpga_mnist_clk_wiz_0_0
    MMCME2_ADV_X1Y0      MMCME2_ADV (Prop_mmcme2_adv_CLKIN1_CLKOUT0)
                                                     -7.217     5.332 r  fpga_mnist_i/clk_wiz_0/inst/mmcm_adv_inst/CLKOUT0
                         net (fo=1, routed)           1.581     6.914    fpga_mnist_i/clk_wiz_0/inst/clk_out1_fpga_mnist_clk_wiz_0_0
    BUFGCTRL_X0Y0        BUFG (Prop_bufg_I_O)         0.091     7.005 r  fpga_mnist_i/clk_wiz_0/inst/clkout1_buf/O
                         net (fo=2173, routed)        1.452     8.457    fpga_mnist_i/mnist_accel_0/inst/mnist_accel_slave_lite_v1_0_S_AXI_inst/top_mnist_fpga_instance/u_fsm/s_axi_aclk
    SLICE_X57Y8          FDCE                                         r  fpga_mnist_i/mnist_accel_0/inst/mnist_accel_slave_lite_v1_0_S_AXI_inst/top_mnist_fpga_instance/u_fsm/neuron_cnt_reg[14]/C
                         clock pessimism              0.564     9.020    
                         clock uncertainty           -0.074     8.946    
    SLICE_X57Y8          FDCE (Recov_fdce_C_CLR)     -0.405     8.541    fpga_mnist_i/mnist_accel_0/inst/mnist_accel_slave_lite_v1_0_S_AXI_inst/top_mnist_fpga_instance/u_fsm/neuron_cnt_reg[14]
  -------------------------------------------------------------------
                         required time                          8.541    
                         arrival time                          -4.752    
  -------------------------------------------------------------------
                         slack                                  3.789    

Slack (MET) :             3.789ns  (required time - arrival time)
  Source:                 fpga_mnist_i/proc_sys_reset_0/U0/ACTIVE_LOW_PR_OUT_DFF[0].FDRE_PER_N/C
                            (rising edge-triggered cell FDRE clocked by clk_out1_fpga_mnist_clk_wiz_0_0  {rise@0.000ns fall@5.000ns period=10.000ns})
  Destination:            fpga_mnist_i/mnist_accel_0/inst/mnist_accel_slave_lite_v1_0_S_AXI_inst/top_mnist_fpga_instance/u_fsm/neuron_cnt_reg[15]/CLR
                            (recovery check against rising-edge clock clk_out1_fpga_mnist_clk_wiz_0_0  {rise@0.000ns fall@5.000ns period=10.000ns})
  Path Group:             **async_default**
  Path Type:              Recovery (Max at Slow Process Corner)
  Requirement:            10.000ns  (clk_out1_fpga_mnist_clk_wiz_0_0 rise@10.000ns - clk_out1_fpga_mnist_clk_wiz_0_0 rise@0.000ns)
  Data Path Delay:        5.627ns  (logic 0.642ns (11.410%)  route 4.985ns (88.590%))
  Logic Levels:           1  (LUT1=1)
  Clock Path Skew:        -0.105ns (DCD - SCD + CPR)
    Destination Clock Delay (DCD):    -1.543ns = ( 8.457 - 10.000 ) 
    Source Clock Delay      (SCD):    -0.875ns
    Clock Pessimism Removal (CPR):    0.564ns
  Clock Uncertainty:      0.074ns  ((TSJ^2 + DJ^2)^1/2) / 2 + PE
    Total System Jitter     (TSJ):    0.071ns
    Discrete Jitter          (DJ):    0.131ns
    Phase Error              (PE):    0.000ns

    Location             Delay type                Incr(ns)  Path(ns)    Netlist Resource(s)
  -------------------------------------------------------------------    -------------------
                         (clock clk_out1_fpga_mnist_clk_wiz_0_0 rise edge)
                                                      0.000     0.000 r  
    W5                                                0.000     0.000 r  sys_clock (IN)
                         net (fo=0)                   0.000     0.000    fpga_mnist_i/clk_wiz_0/inst/clk_in1
    W5                   IBUF (Prop_ibuf_I_O)         1.458     1.458 r  fpga_mnist_i/clk_wiz_0/inst/clkin1_ibufg/O
                         net (fo=1, routed)           1.233     2.691    fpga_mnist_i/clk_wiz_0/inst/clk_in1_fpga_mnist_clk_wiz_0_0
    MMCME2_ADV_X1Y0      MMCME2_ADV (Prop_mmcme2_adv_CLKIN1_CLKOUT0)
                                                     -6.961    -4.269 r  fpga_mnist_i/clk_wiz_0/inst/mmcm_adv_inst/CLKOUT0
                         net (fo=1, routed)           1.661    -2.608    fpga_mnist_i/clk_wiz_0/inst/clk_out1_fpga_mnist_clk_wiz_0_0
    BUFGCTRL_X0Y0        BUFG (Prop_bufg_I_O)         0.096    -2.512 r  fpga_mnist_i/clk_wiz_0/inst/clkout1_buf/O
                         net (fo=2173, routed)        1.637    -0.875    fpga_mnist_i/proc_sys_reset_0/U0/slowest_sync_clk
    SLICE_X60Y5          FDRE                                         r  fpga_mnist_i/proc_sys_reset_0/U0/ACTIVE_LOW_PR_OUT_DFF[0].FDRE_PER_N/C
  -------------------------------------------------------------------    -------------------
    SLICE_X60Y5          FDRE (Prop_fdre_C_Q)         0.518    -0.357 r  fpga_mnist_i/proc_sys_reset_0/U0/ACTIVE_LOW_PR_OUT_DFF[0].FDRE_PER_N/Q
                         net (fo=31, routed)          2.187     1.830    fpga_mnist_i/mnist_accel_0/inst/mnist_accel_slave_lite_v1_0_S_AXI_inst/top_mnist_fpga_instance/fc2_fsm/s_axi_aresetn
    SLICE_X43Y10         LUT1 (Prop_lut1_I0_O)        0.124     1.954 f  fpga_mnist_i/mnist_accel_0/inst/mnist_accel_slave_lite_v1_0_S_AXI_inst/top_mnist_fpga_instance/fc2_fsm/axi_awready_i_1/O
                         net (fo=498, routed)         2.798     4.752    fpga_mnist_i/mnist_accel_0/inst/mnist_accel_slave_lite_v1_0_S_AXI_inst/top_mnist_fpga_instance/u_fsm/neuron_index_out_reg[15]_0
    SLICE_X57Y8          FDCE                                         f  fpga_mnist_i/mnist_accel_0/inst/mnist_accel_slave_lite_v1_0_S_AXI_inst/top_mnist_fpga_instance/u_fsm/neuron_cnt_reg[15]/CLR
  -------------------------------------------------------------------    -------------------

                         (clock clk_out1_fpga_mnist_clk_wiz_0_0 rise edge)
                                                     10.000    10.000 r  
    W5                                                0.000    10.000 r  sys_clock (IN)
                         net (fo=0)                   0.000    10.000    fpga_mnist_i/clk_wiz_0/inst/clk_in1
    W5                   IBUF (Prop_ibuf_I_O)         1.388    11.388 r  fpga_mnist_i/clk_wiz_0/inst/clkin1_ibufg/O
                         net (fo=1, routed)           1.162    12.550    fpga_mnist_i/clk_wiz_0/inst/clk_in1_fpga_mnist_clk_wiz_0_0
    MMCME2_ADV_X1Y0      MMCME2_ADV (Prop_mmcme2_adv_CLKIN1_CLKOUT0)
                                                     -7.217     5.332 r  fpga_mnist_i/clk_wiz_0/inst/mmcm_adv_inst/CLKOUT0
                         net (fo=1, routed)           1.581     6.914    fpga_mnist_i/clk_wiz_0/inst/clk_out1_fpga_mnist_clk_wiz_0_0
    BUFGCTRL_X0Y0        BUFG (Prop_bufg_I_O)         0.091     7.005 r  fpga_mnist_i/clk_wiz_0/inst/clkout1_buf/O
                         net (fo=2173, routed)        1.452     8.457    fpga_mnist_i/mnist_accel_0/inst/mnist_accel_slave_lite_v1_0_S_AXI_inst/top_mnist_fpga_instance/u_fsm/s_axi_aclk
    SLICE_X57Y8          FDCE                                         r  fpga_mnist_i/mnist_accel_0/inst/mnist_accel_slave_lite_v1_0_S_AXI_inst/top_mnist_fpga_instance/u_fsm/neuron_cnt_reg[15]/C
                         clock pessimism              0.564     9.020    
                         clock uncertainty           -0.074     8.946    
    SLICE_X57Y8          FDCE (Recov_fdce_C_CLR)     -0.405     8.541    fpga_mnist_i/mnist_accel_0/inst/mnist_accel_slave_lite_v1_0_S_AXI_inst/top_mnist_fpga_instance/u_fsm/neuron_cnt_reg[15]
  -------------------------------------------------------------------
                         required time                          8.541    
                         arrival time                          -4.752    
  -------------------------------------------------------------------
                         slack                                  3.789    

Slack (MET) :             3.875ns  (required time - arrival time)
  Source:                 fpga_mnist_i/proc_sys_reset_0/U0/ACTIVE_LOW_PR_OUT_DFF[0].FDRE_PER_N/C
                            (rising edge-triggered cell FDRE clocked by clk_out1_fpga_mnist_clk_wiz_0_0  {rise@0.000ns fall@5.000ns period=10.000ns})
  Destination:            fpga_mnist_i/mnist_accel_0/inst/mnist_accel_slave_lite_v1_0_S_AXI_inst/top_mnist_fpga_instance/u_fsm/neuron_index_out_reg[15]/CLR
                            (recovery check against rising-edge clock clk_out1_fpga_mnist_clk_wiz_0_0  {rise@0.000ns fall@5.000ns period=10.000ns})
  Path Group:             **async_default**
  Path Type:              Recovery (Max at Slow Process Corner)
  Requirement:            10.000ns  (clk_out1_fpga_mnist_clk_wiz_0_0 rise@10.000ns - clk_out1_fpga_mnist_clk_wiz_0_0 rise@0.000ns)
  Data Path Delay:        5.627ns  (logic 0.642ns (11.410%)  route 4.985ns (88.590%))
  Logic Levels:           1  (LUT1=1)
  Clock Path Skew:        -0.105ns (DCD - SCD + CPR)
    Destination Clock Delay (DCD):    -1.543ns = ( 8.457 - 10.000 ) 
    Source Clock Delay      (SCD):    -0.875ns
    Clock Pessimism Removal (CPR):    0.564ns
  Clock Uncertainty:      0.074ns  ((TSJ^2 + DJ^2)^1/2) / 2 + PE
    Total System Jitter     (TSJ):    0.071ns
    Discrete Jitter          (DJ):    0.131ns
    Phase Error              (PE):    0.000ns

    Location             Delay type                Incr(ns)  Path(ns)    Netlist Resource(s)
  -------------------------------------------------------------------    -------------------
                         (clock clk_out1_fpga_mnist_clk_wiz_0_0 rise edge)
                                                      0.000     0.000 r  
    W5                                                0.000     0.000 r  sys_clock (IN)
                         net (fo=0)                   0.000     0.000    fpga_mnist_i/clk_wiz_0/inst/clk_in1
    W5                   IBUF (Prop_ibuf_I_O)         1.458     1.458 r  fpga_mnist_i/clk_wiz_0/inst/clkin1_ibufg/O
                         net (fo=1, routed)           1.233     2.691    fpga_mnist_i/clk_wiz_0/inst/clk_in1_fpga_mnist_clk_wiz_0_0
    MMCME2_ADV_X1Y0      MMCME2_ADV (Prop_mmcme2_adv_CLKIN1_CLKOUT0)
                                                     -6.961    -4.269 r  fpga_mnist_i/clk_wiz_0/inst/mmcm_adv_inst/CLKOUT0
                         net (fo=1, routed)           1.661    -2.608    fpga_mnist_i/clk_wiz_0/inst/clk_out1_fpga_mnist_clk_wiz_0_0
    BUFGCTRL_X0Y0        BUFG (Prop_bufg_I_O)         0.096    -2.512 r  fpga_mnist_i/clk_wiz_0/inst/clkout1_buf/O
                         net (fo=2173, routed)        1.637    -0.875    fpga_mnist_i/proc_sys_reset_0/U0/slowest_sync_clk
    SLICE_X60Y5          FDRE                                         r  fpga_mnist_i/proc_sys_reset_0/U0/ACTIVE_LOW_PR_OUT_DFF[0].FDRE_PER_N/C
  -------------------------------------------------------------------    -------------------
    SLICE_X60Y5          FDRE (Prop_fdre_C_Q)         0.518    -0.357 r  fpga_mnist_i/proc_sys_reset_0/U0/ACTIVE_LOW_PR_OUT_DFF[0].FDRE_PER_N/Q
                         net (fo=31, routed)          2.187     1.830    fpga_mnist_i/mnist_accel_0/inst/mnist_accel_slave_lite_v1_0_S_AXI_inst/top_mnist_fpga_instance/fc2_fsm/s_axi_aresetn
    SLICE_X43Y10         LUT1 (Prop_lut1_I0_O)        0.124     1.954 f  fpga_mnist_i/mnist_accel_0/inst/mnist_accel_slave_lite_v1_0_S_AXI_inst/top_mnist_fpga_instance/fc2_fsm/axi_awready_i_1/O
                         net (fo=498, routed)         2.798     4.752    fpga_mnist_i/mnist_accel_0/inst/mnist_accel_slave_lite_v1_0_S_AXI_inst/top_mnist_fpga_instance/u_fsm/neuron_index_out_reg[15]_0
    SLICE_X56Y8          FDCE                                         f  fpga_mnist_i/mnist_accel_0/inst/mnist_accel_slave_lite_v1_0_S_AXI_inst/top_mnist_fpga_instance/u_fsm/neuron_index_out_reg[15]/CLR
  -------------------------------------------------------------------    -------------------

                         (clock clk_out1_fpga_mnist_clk_wiz_0_0 rise edge)
                                                     10.000    10.000 r  
    W5                                                0.000    10.000 r  sys_clock (IN)
                         net (fo=0)                   0.000    10.000    fpga_mnist_i/clk_wiz_0/inst/clk_in1
    W5                   IBUF (Prop_ibuf_I_O)         1.388    11.388 r  fpga_mnist_i/clk_wiz_0/inst/clkin1_ibufg/O
                         net (fo=1, routed)           1.162    12.550    fpga_mnist_i/clk_wiz_0/inst/clk_in1_fpga_mnist_clk_wiz_0_0
    MMCME2_ADV_X1Y0      MMCME2_ADV (Prop_mmcme2_adv_CLKIN1_CLKOUT0)
                                                     -7.217     5.332 r  fpga_mnist_i/clk_wiz_0/inst/mmcm_adv_inst/CLKOUT0
                         net (fo=1, routed)           1.581     6.914    fpga_mnist_i/clk_wiz_0/inst/clk_out1_fpga_mnist_clk_wiz_0_0
    BUFGCTRL_X0Y0        BUFG (Prop_bufg_I_O)         0.091     7.005 r  fpga_mnist_i/clk_wiz_0/inst/clkout1_buf/O
                         net (fo=2173, routed)        1.452     8.457    fpga_mnist_i/mnist_accel_0/inst/mnist_accel_slave_lite_v1_0_S_AXI_inst/top_mnist_fpga_instance/u_fsm/s_axi_aclk
    SLICE_X56Y8          FDCE                                         r  fpga_mnist_i/mnist_accel_0/inst/mnist_accel_slave_lite_v1_0_S_AXI_inst/top_mnist_fpga_instance/u_fsm/neuron_index_out_reg[15]/C
                         clock pessimism              0.564     9.020    
                         clock uncertainty           -0.074     8.946    
    SLICE_X56Y8          FDCE (Recov_fdce_C_CLR)     -0.319     8.627    fpga_mnist_i/mnist_accel_0/inst/mnist_accel_slave_lite_v1_0_S_AXI_inst/top_mnist_fpga_instance/u_fsm/neuron_index_out_reg[15]
  -------------------------------------------------------------------
                         required time                          8.627    
                         arrival time                          -4.752    
  -------------------------------------------------------------------
                         slack                                  3.875    

Slack (MET) :             3.927ns  (required time - arrival time)
  Source:                 fpga_mnist_i/proc_sys_reset_0/U0/ACTIVE_LOW_PR_OUT_DFF[0].FDRE_PER_N/C
                            (rising edge-triggered cell FDRE clocked by clk_out1_fpga_mnist_clk_wiz_0_0  {rise@0.000ns fall@5.000ns period=10.000ns})
  Destination:            fpga_mnist_i/mnist_accel_0/inst/mnist_accel_slave_lite_v1_0_S_AXI_inst/top_mnist_fpga_instance/fc2_out_latched_reg[3][3]/CLR
                            (recovery check against rising-edge clock clk_out1_fpga_mnist_clk_wiz_0_0  {rise@0.000ns fall@5.000ns period=10.000ns})
  Path Group:             **async_default**
  Path Type:              Recovery (Max at Slow Process Corner)
  Requirement:            10.000ns  (clk_out1_fpga_mnist_clk_wiz_0_0 rise@10.000ns - clk_out1_fpga_mnist_clk_wiz_0_0 rise@0.000ns)
  Data Path Delay:        5.489ns  (logic 0.642ns (11.695%)  route 4.847ns (88.305%))
  Logic Levels:           1  (LUT1=1)
  Clock Path Skew:        -0.104ns (DCD - SCD + CPR)
    Destination Clock Delay (DCD):    -1.542ns = ( 8.458 - 10.000 ) 
    Source Clock Delay      (SCD):    -0.875ns
    Clock Pessimism Removal (CPR):    0.564ns
  Clock Uncertainty:      0.074ns  ((TSJ^2 + DJ^2)^1/2) / 2 + PE
    Total System Jitter     (TSJ):    0.071ns
    Discrete Jitter          (DJ):    0.131ns
    Phase Error              (PE):    0.000ns

    Location             Delay type                Incr(ns)  Path(ns)    Netlist Resource(s)
  -------------------------------------------------------------------    -------------------
                         (clock clk_out1_fpga_mnist_clk_wiz_0_0 rise edge)
                                                      0.000     0.000 r  
    W5                                                0.000     0.000 r  sys_clock (IN)
                         net (fo=0)                   0.000     0.000    fpga_mnist_i/clk_wiz_0/inst/clk_in1
    W5                   IBUF (Prop_ibuf_I_O)         1.458     1.458 r  fpga_mnist_i/clk_wiz_0/inst/clkin1_ibufg/O
                         net (fo=1, routed)           1.233     2.691    fpga_mnist_i/clk_wiz_0/inst/clk_in1_fpga_mnist_clk_wiz_0_0
    MMCME2_ADV_X1Y0      MMCME2_ADV (Prop_mmcme2_adv_CLKIN1_CLKOUT0)
                                                     -6.961    -4.269 r  fpga_mnist_i/clk_wiz_0/inst/mmcm_adv_inst/CLKOUT0
                         net (fo=1, routed)           1.661    -2.608    fpga_mnist_i/clk_wiz_0/inst/clk_out1_fpga_mnist_clk_wiz_0_0
    BUFGCTRL_X0Y0        BUFG (Prop_bufg_I_O)         0.096    -2.512 r  fpga_mnist_i/clk_wiz_0/inst/clkout1_buf/O
                         net (fo=2173, routed)        1.637    -0.875    fpga_mnist_i/proc_sys_reset_0/U0/slowest_sync_clk
    SLICE_X60Y5          FDRE                                         r  fpga_mnist_i/proc_sys_reset_0/U0/ACTIVE_LOW_PR_OUT_DFF[0].FDRE_PER_N/C
  -------------------------------------------------------------------    -------------------
    SLICE_X60Y5          FDRE (Prop_fdre_C_Q)         0.518    -0.357 r  fpga_mnist_i/proc_sys_reset_0/U0/ACTIVE_LOW_PR_OUT_DFF[0].FDRE_PER_N/Q
                         net (fo=31, routed)          2.187     1.830    fpga_mnist_i/mnist_accel_0/inst/mnist_accel_slave_lite_v1_0_S_AXI_inst/top_mnist_fpga_instance/fc2_fsm/s_axi_aresetn
    SLICE_X43Y10         LUT1 (Prop_lut1_I0_O)        0.124     1.954 f  fpga_mnist_i/mnist_accel_0/inst/mnist_accel_slave_lite_v1_0_S_AXI_inst/top_mnist_fpga_instance/fc2_fsm/axi_awready_i_1/O
                         net (fo=498, routed)         2.661     4.615    fpga_mnist_i/mnist_accel_0/inst/mnist_accel_slave_lite_v1_0_S_AXI_inst/top_mnist_fpga_instance/s_axi_aresetn_0
    SLICE_X55Y1          FDCE                                         f  fpga_mnist_i/mnist_accel_0/inst/mnist_accel_slave_lite_v1_0_S_AXI_inst/top_mnist_fpga_instance/fc2_out_latched_reg[3][3]/CLR
  -------------------------------------------------------------------    -------------------

                         (clock clk_out1_fpga_mnist_clk_wiz_0_0 rise edge)
                                                     10.000    10.000 r  
    W5                                                0.000    10.000 r  sys_clock (IN)
                         net (fo=0)                   0.000    10.000    fpga_mnist_i/clk_wiz_0/inst/clk_in1
    W5                   IBUF (Prop_ibuf_I_O)         1.388    11.388 r  fpga_mnist_i/clk_wiz_0/inst/clkin1_ibufg/O
                         net (fo=1, routed)           1.162    12.550    fpga_mnist_i/clk_wiz_0/inst/clk_in1_fpga_mnist_clk_wiz_0_0
    MMCME2_ADV_X1Y0      MMCME2_ADV (Prop_mmcme2_adv_CLKIN1_CLKOUT0)
                                                     -7.217     5.332 r  fpga_mnist_i/clk_wiz_0/inst/mmcm_adv_inst/CLKOUT0
                         net (fo=1, routed)           1.581     6.914    fpga_mnist_i/clk_wiz_0/inst/clk_out1_fpga_mnist_clk_wiz_0_0
    BUFGCTRL_X0Y0        BUFG (Prop_bufg_I_O)         0.091     7.005 r  fpga_mnist_i/clk_wiz_0/inst/clkout1_buf/O
                         net (fo=2173, routed)        1.453     8.458    fpga_mnist_i/mnist_accel_0/inst/mnist_accel_slave_lite_v1_0_S_AXI_inst/top_mnist_fpga_instance/s_axi_aclk
    SLICE_X55Y1          FDCE                                         r  fpga_mnist_i/mnist_accel_0/inst/mnist_accel_slave_lite_v1_0_S_AXI_inst/top_mnist_fpga_instance/fc2_out_latched_reg[3][3]/C
                         clock pessimism              0.564     9.021    
                         clock uncertainty           -0.074     8.947    
    SLICE_X55Y1          FDCE (Recov_fdce_C_CLR)     -0.405     8.542    fpga_mnist_i/mnist_accel_0/inst/mnist_accel_slave_lite_v1_0_S_AXI_inst/top_mnist_fpga_instance/fc2_out_latched_reg[3][3]
  -------------------------------------------------------------------
                         required time                          8.542    
                         arrival time                          -4.615    
  -------------------------------------------------------------------
                         slack                                  3.927    

Slack (MET) :             3.927ns  (required time - arrival time)
  Source:                 fpga_mnist_i/proc_sys_reset_0/U0/ACTIVE_LOW_PR_OUT_DFF[0].FDRE_PER_N/C
                            (rising edge-triggered cell FDRE clocked by clk_out1_fpga_mnist_clk_wiz_0_0  {rise@0.000ns fall@5.000ns period=10.000ns})
  Destination:            fpga_mnist_i/mnist_accel_0/inst/mnist_accel_slave_lite_v1_0_S_AXI_inst/top_mnist_fpga_instance/fc2_out_latched_reg[5][0]/CLR
                            (recovery check against rising-edge clock clk_out1_fpga_mnist_clk_wiz_0_0  {rise@0.000ns fall@5.000ns period=10.000ns})
  Path Group:             **async_default**
  Path Type:              Recovery (Max at Slow Process Corner)
  Requirement:            10.000ns  (clk_out1_fpga_mnist_clk_wiz_0_0 rise@10.000ns - clk_out1_fpga_mnist_clk_wiz_0_0 rise@0.000ns)
  Data Path Delay:        5.489ns  (logic 0.642ns (11.695%)  route 4.847ns (88.305%))
  Logic Levels:           1  (LUT1=1)
  Clock Path Skew:        -0.104ns (DCD - SCD + CPR)
    Destination Clock Delay (DCD):    -1.542ns = ( 8.458 - 10.000 ) 
    Source Clock Delay      (SCD):    -0.875ns
    Clock Pessimism Removal (CPR):    0.564ns
  Clock Uncertainty:      0.074ns  ((TSJ^2 + DJ^2)^1/2) / 2 + PE
    Total System Jitter     (TSJ):    0.071ns
    Discrete Jitter          (DJ):    0.131ns
    Phase Error              (PE):    0.000ns

    Location             Delay type                Incr(ns)  Path(ns)    Netlist Resource(s)
  -------------------------------------------------------------------    -------------------
                         (clock clk_out1_fpga_mnist_clk_wiz_0_0 rise edge)
                                                      0.000     0.000 r  
    W5                                                0.000     0.000 r  sys_clock (IN)
                         net (fo=0)                   0.000     0.000    fpga_mnist_i/clk_wiz_0/inst/clk_in1
    W5                   IBUF (Prop_ibuf_I_O)         1.458     1.458 r  fpga_mnist_i/clk_wiz_0/inst/clkin1_ibufg/O
                         net (fo=1, routed)           1.233     2.691    fpga_mnist_i/clk_wiz_0/inst/clk_in1_fpga_mnist_clk_wiz_0_0
    MMCME2_ADV_X1Y0      MMCME2_ADV (Prop_mmcme2_adv_CLKIN1_CLKOUT0)
                                                     -6.961    -4.269 r  fpga_mnist_i/clk_wiz_0/inst/mmcm_adv_inst/CLKOUT0
                         net (fo=1, routed)           1.661    -2.608    fpga_mnist_i/clk_wiz_0/inst/clk_out1_fpga_mnist_clk_wiz_0_0
    BUFGCTRL_X0Y0        BUFG (Prop_bufg_I_O)         0.096    -2.512 r  fpga_mnist_i/clk_wiz_0/inst/clkout1_buf/O
                         net (fo=2173, routed)        1.637    -0.875    fpga_mnist_i/proc_sys_reset_0/U0/slowest_sync_clk
    SLICE_X60Y5          FDRE                                         r  fpga_mnist_i/proc_sys_reset_0/U0/ACTIVE_LOW_PR_OUT_DFF[0].FDRE_PER_N/C
  -------------------------------------------------------------------    -------------------
    SLICE_X60Y5          FDRE (Prop_fdre_C_Q)         0.518    -0.357 r  fpga_mnist_i/proc_sys_reset_0/U0/ACTIVE_LOW_PR_OUT_DFF[0].FDRE_PER_N/Q
                         net (fo=31, routed)          2.187     1.830    fpga_mnist_i/mnist_accel_0/inst/mnist_accel_slave_lite_v1_0_S_AXI_inst/top_mnist_fpga_instance/fc2_fsm/s_axi_aresetn
    SLICE_X43Y10         LUT1 (Prop_lut1_I0_O)        0.124     1.954 f  fpga_mnist_i/mnist_accel_0/inst/mnist_accel_slave_lite_v1_0_S_AXI_inst/top_mnist_fpga_instance/fc2_fsm/axi_awready_i_1/O
                         net (fo=498, routed)         2.661     4.615    fpga_mnist_i/mnist_accel_0/inst/mnist_accel_slave_lite_v1_0_S_AXI_inst/top_mnist_fpga_instance/s_axi_aresetn_0
    SLICE_X55Y1          FDCE                                         f  fpga_mnist_i/mnist_accel_0/inst/mnist_accel_slave_lite_v1_0_S_AXI_inst/top_mnist_fpga_instance/fc2_out_latched_reg[5][0]/CLR
  -------------------------------------------------------------------    -------------------

                         (clock clk_out1_fpga_mnist_clk_wiz_0_0 rise edge)
                                                     10.000    10.000 r  
    W5                                                0.000    10.000 r  sys_clock (IN)
                         net (fo=0)                   0.000    10.000    fpga_mnist_i/clk_wiz_0/inst/clk_in1
    W5                   IBUF (Prop_ibuf_I_O)         1.388    11.388 r  fpga_mnist_i/clk_wiz_0/inst/clkin1_ibufg/O
                         net (fo=1, routed)           1.162    12.550    fpga_mnist_i/clk_wiz_0/inst/clk_in1_fpga_mnist_clk_wiz_0_0
    MMCME2_ADV_X1Y0      MMCME2_ADV (Prop_mmcme2_adv_CLKIN1_CLKOUT0)
                                                     -7.217     5.332 r  fpga_mnist_i/clk_wiz_0/inst/mmcm_adv_inst/CLKOUT0
                         net (fo=1, routed)           1.581     6.914    fpga_mnist_i/clk_wiz_0/inst/clk_out1_fpga_mnist_clk_wiz_0_0
    BUFGCTRL_X0Y0        BUFG (Prop_bufg_I_O)         0.091     7.005 r  fpga_mnist_i/clk_wiz_0/inst/clkout1_buf/O
                         net (fo=2173, routed)        1.453     8.458    fpga_mnist_i/mnist_accel_0/inst/mnist_accel_slave_lite_v1_0_S_AXI_inst/top_mnist_fpga_instance/s_axi_aclk
    SLICE_X55Y1          FDCE                                         r  fpga_mnist_i/mnist_accel_0/inst/mnist_accel_slave_lite_v1_0_S_AXI_inst/top_mnist_fpga_instance/fc2_out_latched_reg[5][0]/C
                         clock pessimism              0.564     9.021    
                         clock uncertainty           -0.074     8.947    
    SLICE_X55Y1          FDCE (Recov_fdce_C_CLR)     -0.405     8.542    fpga_mnist_i/mnist_accel_0/inst/mnist_accel_slave_lite_v1_0_S_AXI_inst/top_mnist_fpga_instance/fc2_out_latched_reg[5][0]
  -------------------------------------------------------------------
                         required time                          8.542    
                         arrival time                          -4.615    
  -------------------------------------------------------------------
                         slack                                  3.927    

Slack (MET) :             3.927ns  (required time - arrival time)
  Source:                 fpga_mnist_i/proc_sys_reset_0/U0/ACTIVE_LOW_PR_OUT_DFF[0].FDRE_PER_N/C
                            (rising edge-triggered cell FDRE clocked by clk_out1_fpga_mnist_clk_wiz_0_0  {rise@0.000ns fall@5.000ns period=10.000ns})
  Destination:            fpga_mnist_i/mnist_accel_0/inst/mnist_accel_slave_lite_v1_0_S_AXI_inst/top_mnist_fpga_instance/fc2_out_latched_reg[8][0]/CLR
                            (recovery check against rising-edge clock clk_out1_fpga_mnist_clk_wiz_0_0  {rise@0.000ns fall@5.000ns period=10.000ns})
  Path Group:             **async_default**
  Path Type:              Recovery (Max at Slow Process Corner)
  Requirement:            10.000ns  (clk_out1_fpga_mnist_clk_wiz_0_0 rise@10.000ns - clk_out1_fpga_mnist_clk_wiz_0_0 rise@0.000ns)
  Data Path Delay:        5.489ns  (logic 0.642ns (11.695%)  route 4.847ns (88.305%))
  Logic Levels:           1  (LUT1=1)
  Clock Path Skew:        -0.104ns (DCD - SCD + CPR)
    Destination Clock Delay (DCD):    -1.542ns = ( 8.458 - 10.000 ) 
    Source Clock Delay      (SCD):    -0.875ns
    Clock Pessimism Removal (CPR):    0.564ns
  Clock Uncertainty:      0.074ns  ((TSJ^2 + DJ^2)^1/2) / 2 + PE
    Total System Jitter     (TSJ):    0.071ns
    Discrete Jitter          (DJ):    0.131ns
    Phase Error              (PE):    0.000ns

    Location             Delay type                Incr(ns)  Path(ns)    Netlist Resource(s)
  -------------------------------------------------------------------    -------------------
                         (clock clk_out1_fpga_mnist_clk_wiz_0_0 rise edge)
                                                      0.000     0.000 r  
    W5                                                0.000     0.000 r  sys_clock (IN)
                         net (fo=0)                   0.000     0.000    fpga_mnist_i/clk_wiz_0/inst/clk_in1
    W5                   IBUF (Prop_ibuf_I_O)         1.458     1.458 r  fpga_mnist_i/clk_wiz_0/inst/clkin1_ibufg/O
                         net (fo=1, routed)           1.233     2.691    fpga_mnist_i/clk_wiz_0/inst/clk_in1_fpga_mnist_clk_wiz_0_0
    MMCME2_ADV_X1Y0      MMCME2_ADV (Prop_mmcme2_adv_CLKIN1_CLKOUT0)
                                                     -6.961    -4.269 r  fpga_mnist_i/clk_wiz_0/inst/mmcm_adv_inst/CLKOUT0
                         net (fo=1, routed)           1.661    -2.608    fpga_mnist_i/clk_wiz_0/inst/clk_out1_fpga_mnist_clk_wiz_0_0
    BUFGCTRL_X0Y0        BUFG (Prop_bufg_I_O)         0.096    -2.512 r  fpga_mnist_i/clk_wiz_0/inst/clkout1_buf/O
                         net (fo=2173, routed)        1.637    -0.875    fpga_mnist_i/proc_sys_reset_0/U0/slowest_sync_clk
    SLICE_X60Y5          FDRE                                         r  fpga_mnist_i/proc_sys_reset_0/U0/ACTIVE_LOW_PR_OUT_DFF[0].FDRE_PER_N/C
  -------------------------------------------------------------------    -------------------
    SLICE_X60Y5          FDRE (Prop_fdre_C_Q)         0.518    -0.357 r  fpga_mnist_i/proc_sys_reset_0/U0/ACTIVE_LOW_PR_OUT_DFF[0].FDRE_PER_N/Q
                         net (fo=31, routed)          2.187     1.830    fpga_mnist_i/mnist_accel_0/inst/mnist_accel_slave_lite_v1_0_S_AXI_inst/top_mnist_fpga_instance/fc2_fsm/s_axi_aresetn
    SLICE_X43Y10         LUT1 (Prop_lut1_I0_O)        0.124     1.954 f  fpga_mnist_i/mnist_accel_0/inst/mnist_accel_slave_lite_v1_0_S_AXI_inst/top_mnist_fpga_instance/fc2_fsm/axi_awready_i_1/O
                         net (fo=498, routed)         2.661     4.615    fpga_mnist_i/mnist_accel_0/inst/mnist_accel_slave_lite_v1_0_S_AXI_inst/top_mnist_fpga_instance/s_axi_aresetn_0
    SLICE_X55Y1          FDCE                                         f  fpga_mnist_i/mnist_accel_0/inst/mnist_accel_slave_lite_v1_0_S_AXI_inst/top_mnist_fpga_instance/fc2_out_latched_reg[8][0]/CLR
  -------------------------------------------------------------------    -------------------

                         (clock clk_out1_fpga_mnist_clk_wiz_0_0 rise edge)
                                                     10.000    10.000 r  
    W5                                                0.000    10.000 r  sys_clock (IN)
                         net (fo=0)                   0.000    10.000    fpga_mnist_i/clk_wiz_0/inst/clk_in1
    W5                   IBUF (Prop_ibuf_I_O)         1.388    11.388 r  fpga_mnist_i/clk_wiz_0/inst/clkin1_ibufg/O
                         net (fo=1, routed)           1.162    12.550    fpga_mnist_i/clk_wiz_0/inst/clk_in1_fpga_mnist_clk_wiz_0_0
    MMCME2_ADV_X1Y0      MMCME2_ADV (Prop_mmcme2_adv_CLKIN1_CLKOUT0)
                                                     -7.217     5.332 r  fpga_mnist_i/clk_wiz_0/inst/mmcm_adv_inst/CLKOUT0
                         net (fo=1, routed)           1.581     6.914    fpga_mnist_i/clk_wiz_0/inst/clk_out1_fpga_mnist_clk_wiz_0_0
    BUFGCTRL_X0Y0        BUFG (Prop_bufg_I_O)         0.091     7.005 r  fpga_mnist_i/clk_wiz_0/inst/clkout1_buf/O
                         net (fo=2173, routed)        1.453     8.458    fpga_mnist_i/mnist_accel_0/inst/mnist_accel_slave_lite_v1_0_S_AXI_inst/top_mnist_fpga_instance/s_axi_aclk
    SLICE_X55Y1          FDCE                                         r  fpga_mnist_i/mnist_accel_0/inst/mnist_accel_slave_lite_v1_0_S_AXI_inst/top_mnist_fpga_instance/fc2_out_latched_reg[8][0]/C
                         clock pessimism              0.564     9.021    
                         clock uncertainty           -0.074     8.947    
    SLICE_X55Y1          FDCE (Recov_fdce_C_CLR)     -0.405     8.542    fpga_mnist_i/mnist_accel_0/inst/mnist_accel_slave_lite_v1_0_S_AXI_inst/top_mnist_fpga_instance/fc2_out_latched_reg[8][0]
  -------------------------------------------------------------------
                         required time                          8.542    
                         arrival time                          -4.615    
  -------------------------------------------------------------------
                         slack                                  3.927    

Slack (MET) :             3.927ns  (required time - arrival time)
  Source:                 fpga_mnist_i/proc_sys_reset_0/U0/ACTIVE_LOW_PR_OUT_DFF[0].FDRE_PER_N/C
                            (rising edge-triggered cell FDRE clocked by clk_out1_fpga_mnist_clk_wiz_0_0  {rise@0.000ns fall@5.000ns period=10.000ns})
  Destination:            fpga_mnist_i/mnist_accel_0/inst/mnist_accel_slave_lite_v1_0_S_AXI_inst/top_mnist_fpga_instance/fc2_out_latched_reg[8][3]/CLR
                            (recovery check against rising-edge clock clk_out1_fpga_mnist_clk_wiz_0_0  {rise@0.000ns fall@5.000ns period=10.000ns})
  Path Group:             **async_default**
  Path Type:              Recovery (Max at Slow Process Corner)
  Requirement:            10.000ns  (clk_out1_fpga_mnist_clk_wiz_0_0 rise@10.000ns - clk_out1_fpga_mnist_clk_wiz_0_0 rise@0.000ns)
  Data Path Delay:        5.489ns  (logic 0.642ns (11.695%)  route 4.847ns (88.305%))
  Logic Levels:           1  (LUT1=1)
  Clock Path Skew:        -0.104ns (DCD - SCD + CPR)
    Destination Clock Delay (DCD):    -1.542ns = ( 8.458 - 10.000 ) 
    Source Clock Delay      (SCD):    -0.875ns
    Clock Pessimism Removal (CPR):    0.564ns
  Clock Uncertainty:      0.074ns  ((TSJ^2 + DJ^2)^1/2) / 2 + PE
    Total System Jitter     (TSJ):    0.071ns
    Discrete Jitter          (DJ):    0.131ns
    Phase Error              (PE):    0.000ns

    Location             Delay type                Incr(ns)  Path(ns)    Netlist Resource(s)
  -------------------------------------------------------------------    -------------------
                         (clock clk_out1_fpga_mnist_clk_wiz_0_0 rise edge)
                                                      0.000     0.000 r  
    W5                                                0.000     0.000 r  sys_clock (IN)
                         net (fo=0)                   0.000     0.000    fpga_mnist_i/clk_wiz_0/inst/clk_in1
    W5                   IBUF (Prop_ibuf_I_O)         1.458     1.458 r  fpga_mnist_i/clk_wiz_0/inst/clkin1_ibufg/O
                         net (fo=1, routed)           1.233     2.691    fpga_mnist_i/clk_wiz_0/inst/clk_in1_fpga_mnist_clk_wiz_0_0
    MMCME2_ADV_X1Y0      MMCME2_ADV (Prop_mmcme2_adv_CLKIN1_CLKOUT0)
                                                     -6.961    -4.269 r  fpga_mnist_i/clk_wiz_0/inst/mmcm_adv_inst/CLKOUT0
                         net (fo=1, routed)           1.661    -2.608    fpga_mnist_i/clk_wiz_0/inst/clk_out1_fpga_mnist_clk_wiz_0_0
    BUFGCTRL_X0Y0        BUFG (Prop_bufg_I_O)         0.096    -2.512 r  fpga_mnist_i/clk_wiz_0/inst/clkout1_buf/O
                         net (fo=2173, routed)        1.637    -0.875    fpga_mnist_i/proc_sys_reset_0/U0/slowest_sync_clk
    SLICE_X60Y5          FDRE                                         r  fpga_mnist_i/proc_sys_reset_0/U0/ACTIVE_LOW_PR_OUT_DFF[0].FDRE_PER_N/C
  -------------------------------------------------------------------    -------------------
    SLICE_X60Y5          FDRE (Prop_fdre_C_Q)         0.518    -0.357 r  fpga_mnist_i/proc_sys_reset_0/U0/ACTIVE_LOW_PR_OUT_DFF[0].FDRE_PER_N/Q
                         net (fo=31, routed)          2.187     1.830    fpga_mnist_i/mnist_accel_0/inst/mnist_accel_slave_lite_v1_0_S_AXI_inst/top_mnist_fpga_instance/fc2_fsm/s_axi_aresetn
    SLICE_X43Y10         LUT1 (Prop_lut1_I0_O)        0.124     1.954 f  fpga_mnist_i/mnist_accel_0/inst/mnist_accel_slave_lite_v1_0_S_AXI_inst/top_mnist_fpga_instance/fc2_fsm/axi_awready_i_1/O
                         net (fo=498, routed)         2.661     4.615    fpga_mnist_i/mnist_accel_0/inst/mnist_accel_slave_lite_v1_0_S_AXI_inst/top_mnist_fpga_instance/s_axi_aresetn_0
    SLICE_X55Y1          FDCE                                         f  fpga_mnist_i/mnist_accel_0/inst/mnist_accel_slave_lite_v1_0_S_AXI_inst/top_mnist_fpga_instance/fc2_out_latched_reg[8][3]/CLR
  -------------------------------------------------------------------    -------------------

                         (clock clk_out1_fpga_mnist_clk_wiz_0_0 rise edge)
                                                     10.000    10.000 r  
    W5                                                0.000    10.000 r  sys_clock (IN)
                         net (fo=0)                   0.000    10.000    fpga_mnist_i/clk_wiz_0/inst/clk_in1
    W5                   IBUF (Prop_ibuf_I_O)         1.388    11.388 r  fpga_mnist_i/clk_wiz_0/inst/clkin1_ibufg/O
                         net (fo=1, routed)           1.162    12.550    fpga_mnist_i/clk_wiz_0/inst/clk_in1_fpga_mnist_clk_wiz_0_0
    MMCME2_ADV_X1Y0      MMCME2_ADV (Prop_mmcme2_adv_CLKIN1_CLKOUT0)
                                                     -7.217     5.332 r  fpga_mnist_i/clk_wiz_0/inst/mmcm_adv_inst/CLKOUT0
                         net (fo=1, routed)           1.581     6.914    fpga_mnist_i/clk_wiz_0/inst/clk_out1_fpga_mnist_clk_wiz_0_0
    BUFGCTRL_X0Y0        BUFG (Prop_bufg_I_O)         0.091     7.005 r  fpga_mnist_i/clk_wiz_0/inst/clkout1_buf/O
                         net (fo=2173, routed)        1.453     8.458    fpga_mnist_i/mnist_accel_0/inst/mnist_accel_slave_lite_v1_0_S_AXI_inst/top_mnist_fpga_instance/s_axi_aclk
    SLICE_X55Y1          FDCE                                         r  fpga_mnist_i/mnist_accel_0/inst/mnist_accel_slave_lite_v1_0_S_AXI_inst/top_mnist_fpga_instance/fc2_out_latched_reg[8][3]/C
                         clock pessimism              0.564     9.021    
                         clock uncertainty           -0.074     8.947    
    SLICE_X55Y1          FDCE (Recov_fdce_C_CLR)     -0.405     8.542    fpga_mnist_i/mnist_accel_0/inst/mnist_accel_slave_lite_v1_0_S_AXI_inst/top_mnist_fpga_instance/fc2_out_latched_reg[8][3]
  -------------------------------------------------------------------
                         required time                          8.542    
                         arrival time                          -4.615    
  -------------------------------------------------------------------
                         slack                                  3.927    





Min Delay Paths
--------------------------------------------------------------------------------------
Slack (MET) :             1.429ns  (arrival time - required time)
  Source:                 fpga_mnist_i/proc_sys_reset_0/U0/ACTIVE_LOW_PR_OUT_DFF[0].FDRE_PER_N/C
                            (rising edge-triggered cell FDRE clocked by clk_out1_fpga_mnist_clk_wiz_0_0  {rise@0.000ns fall@5.000ns period=10.000ns})
  Destination:            fpga_mnist_i/mnist_accel_0/inst/mnist_accel_slave_lite_v1_0_S_AXI_inst/top_mnist_fpga_instance/fc2_out_latched_reg[3][26]/CLR
                            (removal check against rising-edge clock clk_out1_fpga_mnist_clk_wiz_0_0  {rise@0.000ns fall@5.000ns period=10.000ns})
  Path Group:             **async_default**
  Path Type:              Removal (Min at Fast Process Corner)
  Requirement:            0.000ns  (clk_out1_fpga_mnist_clk_wiz_0_0 rise@0.000ns - clk_out1_fpga_mnist_clk_wiz_0_0 rise@0.000ns)
  Data Path Delay:        1.368ns  (logic 0.209ns (15.280%)  route 1.159ns (84.720%))
  Logic Levels:           1  (LUT1=1)
  Clock Path Skew:        0.006ns (DCD - SCD - CPR)
    Destination Clock Delay (DCD):    -0.856ns
    Source Clock Delay      (SCD):    -0.587ns
    Clock Pessimism Removal (CPR):    -0.274ns

    Location             Delay type                Incr(ns)  Path(ns)    Netlist Resource(s)
  -------------------------------------------------------------------    -------------------
                         (clock clk_out1_fpga_mnist_clk_wiz_0_0 rise edge)
                                                      0.000     0.000 r  
    W5                                                0.000     0.000 r  sys_clock (IN)
                         net (fo=0)                   0.000     0.000    fpga_mnist_i/clk_wiz_0/inst/clk_in1
    W5                   IBUF (Prop_ibuf_I_O)         0.226     0.226 r  fpga_mnist_i/clk_wiz_0/inst/clkin1_ibufg/O
                         net (fo=1, routed)           0.440     0.667    fpga_mnist_i/clk_wiz_0/inst/clk_in1_fpga_mnist_clk_wiz_0_0
    MMCME2_ADV_X1Y0      MMCME2_ADV (Prop_mmcme2_adv_CLKIN1_CLKOUT0)
                                                     -2.360    -1.693 r  fpga_mnist_i/clk_wiz_0/inst/mmcm_adv_inst/CLKOUT0
                         net (fo=1, routed)           0.486    -1.207    fpga_mnist_i/clk_wiz_0/inst/clk_out1_fpga_mnist_clk_wiz_0_0
    BUFGCTRL_X0Y0        BUFG (Prop_bufg_I_O)         0.026    -1.181 r  fpga_mnist_i/clk_wiz_0/inst/clkout1_buf/O
                         net (fo=2173, routed)        0.594    -0.587    fpga_mnist_i/proc_sys_reset_0/U0/slowest_sync_clk
    SLICE_X60Y5          FDRE                                         r  fpga_mnist_i/proc_sys_reset_0/U0/ACTIVE_LOW_PR_OUT_DFF[0].FDRE_PER_N/C
  -------------------------------------------------------------------    -------------------
    SLICE_X60Y5          FDRE (Prop_fdre_C_Q)         0.164    -0.423 r  fpga_mnist_i/proc_sys_reset_0/U0/ACTIVE_LOW_PR_OUT_DFF[0].FDRE_PER_N/Q
                         net (fo=31, routed)          0.971     0.547    fpga_mnist_i/mnist_accel_0/inst/mnist_accel_slave_lite_v1_0_S_AXI_inst/top_mnist_fpga_instance/fc2_fsm/s_axi_aresetn
    SLICE_X43Y10         LUT1 (Prop_lut1_I0_O)        0.045     0.592 f  fpga_mnist_i/mnist_accel_0/inst/mnist_accel_slave_lite_v1_0_S_AXI_inst/top_mnist_fpga_instance/fc2_fsm/axi_awready_i_1/O
                         net (fo=498, routed)         0.188     0.780    fpga_mnist_i/mnist_accel_0/inst/mnist_accel_slave_lite_v1_0_S_AXI_inst/top_mnist_fpga_instance/s_axi_aresetn_0
    SLICE_X46Y6          FDCE                                         f  fpga_mnist_i/mnist_accel_0/inst/mnist_accel_slave_lite_v1_0_S_AXI_inst/top_mnist_fpga_instance/fc2_out_latched_reg[3][26]/CLR
  -------------------------------------------------------------------    -------------------

                         (clock clk_out1_fpga_mnist_clk_wiz_0_0 rise edge)
                                                      0.000     0.000 r  
    W5                                                0.000     0.000 r  sys_clock (IN)
                         net (fo=0)                   0.000     0.000    fpga_mnist_i/clk_wiz_0/inst/clk_in1
    W5                   IBUF (Prop_ibuf_I_O)         0.414     0.414 r  fpga_mnist_i/clk_wiz_0/inst/clkin1_ibufg/O
                         net (fo=1, routed)           0.480     0.894    fpga_mnist_i/clk_wiz_0/inst/clk_in1_fpga_mnist_clk_wiz_0_0
    MMCME2_ADV_X1Y0      MMCME2_ADV (Prop_mmcme2_adv_CLKIN1_CLKOUT0)
                                                     -3.142    -2.248 r  fpga_mnist_i/clk_wiz_0/inst/mmcm_adv_inst/CLKOUT0
                         net (fo=1, routed)           0.530    -1.718    fpga_mnist_i/clk_wiz_0/inst/clk_out1_fpga_mnist_clk_wiz_0_0
    BUFGCTRL_X0Y0        BUFG (Prop_bufg_I_O)         0.029    -1.689 r  fpga_mnist_i/clk_wiz_0/inst/clkout1_buf/O
                         net (fo=2173, routed)        0.834    -0.856    fpga_mnist_i/mnist_accel_0/inst/mnist_accel_slave_lite_v1_0_S_AXI_inst/top_mnist_fpga_instance/s_axi_aclk
    SLICE_X46Y6          FDCE                                         r  fpga_mnist_i/mnist_accel_0/inst/mnist_accel_slave_lite_v1_0_S_AXI_inst/top_mnist_fpga_instance/fc2_out_latched_reg[3][26]/C
                         clock pessimism              0.274    -0.581    
    SLICE_X46Y6          FDCE (Remov_fdce_C_CLR)     -0.067    -0.648    fpga_mnist_i/mnist_accel_0/inst/mnist_accel_slave_lite_v1_0_S_AXI_inst/top_mnist_fpga_instance/fc2_out_latched_reg[3][26]
  -------------------------------------------------------------------
                         required time                          0.648    
                         arrival time                           0.780    
  -------------------------------------------------------------------
                         slack                                  1.429    

Slack (MET) :             1.429ns  (arrival time - required time)
  Source:                 fpga_mnist_i/proc_sys_reset_0/U0/ACTIVE_LOW_PR_OUT_DFF[0].FDRE_PER_N/C
                            (rising edge-triggered cell FDRE clocked by clk_out1_fpga_mnist_clk_wiz_0_0  {rise@0.000ns fall@5.000ns period=10.000ns})
  Destination:            fpga_mnist_i/mnist_accel_0/inst/mnist_accel_slave_lite_v1_0_S_AXI_inst/top_mnist_fpga_instance/fc2_out_latched_reg[3][31]/CLR
                            (removal check against rising-edge clock clk_out1_fpga_mnist_clk_wiz_0_0  {rise@0.000ns fall@5.000ns period=10.000ns})
  Path Group:             **async_default**
  Path Type:              Removal (Min at Fast Process Corner)
  Requirement:            0.000ns  (clk_out1_fpga_mnist_clk_wiz_0_0 rise@0.000ns - clk_out1_fpga_mnist_clk_wiz_0_0 rise@0.000ns)
  Data Path Delay:        1.368ns  (logic 0.209ns (15.280%)  route 1.159ns (84.720%))
  Logic Levels:           1  (LUT1=1)
  Clock Path Skew:        0.006ns (DCD - SCD - CPR)
    Destination Clock Delay (DCD):    -0.856ns
    Source Clock Delay      (SCD):    -0.587ns
    Clock Pessimism Removal (CPR):    -0.274ns

    Location             Delay type                Incr(ns)  Path(ns)    Netlist Resource(s)
  -------------------------------------------------------------------    -------------------
                         (clock clk_out1_fpga_mnist_clk_wiz_0_0 rise edge)
                                                      0.000     0.000 r  
    W5                                                0.000     0.000 r  sys_clock (IN)
                         net (fo=0)                   0.000     0.000    fpga_mnist_i/clk_wiz_0/inst/clk_in1
    W5                   IBUF (Prop_ibuf_I_O)         0.226     0.226 r  fpga_mnist_i/clk_wiz_0/inst/clkin1_ibufg/O
                         net (fo=1, routed)           0.440     0.667    fpga_mnist_i/clk_wiz_0/inst/clk_in1_fpga_mnist_clk_wiz_0_0
    MMCME2_ADV_X1Y0      MMCME2_ADV (Prop_mmcme2_adv_CLKIN1_CLKOUT0)
                                                     -2.360    -1.693 r  fpga_mnist_i/clk_wiz_0/inst/mmcm_adv_inst/CLKOUT0
                         net (fo=1, routed)           0.486    -1.207    fpga_mnist_i/clk_wiz_0/inst/clk_out1_fpga_mnist_clk_wiz_0_0
    BUFGCTRL_X0Y0        BUFG (Prop_bufg_I_O)         0.026    -1.181 r  fpga_mnist_i/clk_wiz_0/inst/clkout1_buf/O
                         net (fo=2173, routed)        0.594    -0.587    fpga_mnist_i/proc_sys_reset_0/U0/slowest_sync_clk
    SLICE_X60Y5          FDRE                                         r  fpga_mnist_i/proc_sys_reset_0/U0/ACTIVE_LOW_PR_OUT_DFF[0].FDRE_PER_N/C
  -------------------------------------------------------------------    -------------------
    SLICE_X60Y5          FDRE (Prop_fdre_C_Q)         0.164    -0.423 r  fpga_mnist_i/proc_sys_reset_0/U0/ACTIVE_LOW_PR_OUT_DFF[0].FDRE_PER_N/Q
                         net (fo=31, routed)          0.971     0.547    fpga_mnist_i/mnist_accel_0/inst/mnist_accel_slave_lite_v1_0_S_AXI_inst/top_mnist_fpga_instance/fc2_fsm/s_axi_aresetn
    SLICE_X43Y10         LUT1 (Prop_lut1_I0_O)        0.045     0.592 f  fpga_mnist_i/mnist_accel_0/inst/mnist_accel_slave_lite_v1_0_S_AXI_inst/top_mnist_fpga_instance/fc2_fsm/axi_awready_i_1/O
                         net (fo=498, routed)         0.188     0.780    fpga_mnist_i/mnist_accel_0/inst/mnist_accel_slave_lite_v1_0_S_AXI_inst/top_mnist_fpga_instance/s_axi_aresetn_0
    SLICE_X46Y6          FDCE                                         f  fpga_mnist_i/mnist_accel_0/inst/mnist_accel_slave_lite_v1_0_S_AXI_inst/top_mnist_fpga_instance/fc2_out_latched_reg[3][31]/CLR
  -------------------------------------------------------------------    -------------------

                         (clock clk_out1_fpga_mnist_clk_wiz_0_0 rise edge)
                                                      0.000     0.000 r  
    W5                                                0.000     0.000 r  sys_clock (IN)
                         net (fo=0)                   0.000     0.000    fpga_mnist_i/clk_wiz_0/inst/clk_in1
    W5                   IBUF (Prop_ibuf_I_O)         0.414     0.414 r  fpga_mnist_i/clk_wiz_0/inst/clkin1_ibufg/O
                         net (fo=1, routed)           0.480     0.894    fpga_mnist_i/clk_wiz_0/inst/clk_in1_fpga_mnist_clk_wiz_0_0
    MMCME2_ADV_X1Y0      MMCME2_ADV (Prop_mmcme2_adv_CLKIN1_CLKOUT0)
                                                     -3.142    -2.248 r  fpga_mnist_i/clk_wiz_0/inst/mmcm_adv_inst/CLKOUT0
                         net (fo=1, routed)           0.530    -1.718    fpga_mnist_i/clk_wiz_0/inst/clk_out1_fpga_mnist_clk_wiz_0_0
    BUFGCTRL_X0Y0        BUFG (Prop_bufg_I_O)         0.029    -1.689 r  fpga_mnist_i/clk_wiz_0/inst/clkout1_buf/O
                         net (fo=2173, routed)        0.834    -0.856    fpga_mnist_i/mnist_accel_0/inst/mnist_accel_slave_lite_v1_0_S_AXI_inst/top_mnist_fpga_instance/s_axi_aclk
    SLICE_X46Y6          FDCE                                         r  fpga_mnist_i/mnist_accel_0/inst/mnist_accel_slave_lite_v1_0_S_AXI_inst/top_mnist_fpga_instance/fc2_out_latched_reg[3][31]/C
                         clock pessimism              0.274    -0.581    
    SLICE_X46Y6          FDCE (Remov_fdce_C_CLR)     -0.067    -0.648    fpga_mnist_i/mnist_accel_0/inst/mnist_accel_slave_lite_v1_0_S_AXI_inst/top_mnist_fpga_instance/fc2_out_latched_reg[3][31]
  -------------------------------------------------------------------
                         required time                          0.648    
                         arrival time                           0.780    
  -------------------------------------------------------------------
                         slack                                  1.429    

Slack (MET) :             1.429ns  (arrival time - required time)
  Source:                 fpga_mnist_i/proc_sys_reset_0/U0/ACTIVE_LOW_PR_OUT_DFF[0].FDRE_PER_N/C
                            (rising edge-triggered cell FDRE clocked by clk_out1_fpga_mnist_clk_wiz_0_0  {rise@0.000ns fall@5.000ns period=10.000ns})
  Destination:            fpga_mnist_i/mnist_accel_0/inst/mnist_accel_slave_lite_v1_0_S_AXI_inst/top_mnist_fpga_instance/fc2_out_latched_reg[4][21]/CLR
                            (removal check against rising-edge clock clk_out1_fpga_mnist_clk_wiz_0_0  {rise@0.000ns fall@5.000ns period=10.000ns})
  Path Group:             **async_default**
  Path Type:              Removal (Min at Fast Process Corner)
  Requirement:            0.000ns  (clk_out1_fpga_mnist_clk_wiz_0_0 rise@0.000ns - clk_out1_fpga_mnist_clk_wiz_0_0 rise@0.000ns)
  Data Path Delay:        1.368ns  (logic 0.209ns (15.280%)  route 1.159ns (84.720%))
  Logic Levels:           1  (LUT1=1)
  Clock Path Skew:        0.006ns (DCD - SCD - CPR)
    Destination Clock Delay (DCD):    -0.856ns
    Source Clock Delay      (SCD):    -0.587ns
    Clock Pessimism Removal (CPR):    -0.274ns

    Location             Delay type                Incr(ns)  Path(ns)    Netlist Resource(s)
  -------------------------------------------------------------------    -------------------
                         (clock clk_out1_fpga_mnist_clk_wiz_0_0 rise edge)
                                                      0.000     0.000 r  
    W5                                                0.000     0.000 r  sys_clock (IN)
                         net (fo=0)                   0.000     0.000    fpga_mnist_i/clk_wiz_0/inst/clk_in1
    W5                   IBUF (Prop_ibuf_I_O)         0.226     0.226 r  fpga_mnist_i/clk_wiz_0/inst/clkin1_ibufg/O
                         net (fo=1, routed)           0.440     0.667    fpga_mnist_i/clk_wiz_0/inst/clk_in1_fpga_mnist_clk_wiz_0_0
    MMCME2_ADV_X1Y0      MMCME2_ADV (Prop_mmcme2_adv_CLKIN1_CLKOUT0)
                                                     -2.360    -1.693 r  fpga_mnist_i/clk_wiz_0/inst/mmcm_adv_inst/CLKOUT0
                         net (fo=1, routed)           0.486    -1.207    fpga_mnist_i/clk_wiz_0/inst/clk_out1_fpga_mnist_clk_wiz_0_0
    BUFGCTRL_X0Y0        BUFG (Prop_bufg_I_O)         0.026    -1.181 r  fpga_mnist_i/clk_wiz_0/inst/clkout1_buf/O
                         net (fo=2173, routed)        0.594    -0.587    fpga_mnist_i/proc_sys_reset_0/U0/slowest_sync_clk
    SLICE_X60Y5          FDRE                                         r  fpga_mnist_i/proc_sys_reset_0/U0/ACTIVE_LOW_PR_OUT_DFF[0].FDRE_PER_N/C
  -------------------------------------------------------------------    -------------------
    SLICE_X60Y5          FDRE (Prop_fdre_C_Q)         0.164    -0.423 r  fpga_mnist_i/proc_sys_reset_0/U0/ACTIVE_LOW_PR_OUT_DFF[0].FDRE_PER_N/Q
                         net (fo=31, routed)          0.971     0.547    fpga_mnist_i/mnist_accel_0/inst/mnist_accel_slave_lite_v1_0_S_AXI_inst/top_mnist_fpga_instance/fc2_fsm/s_axi_aresetn
    SLICE_X43Y10         LUT1 (Prop_lut1_I0_O)        0.045     0.592 f  fpga_mnist_i/mnist_accel_0/inst/mnist_accel_slave_lite_v1_0_S_AXI_inst/top_mnist_fpga_instance/fc2_fsm/axi_awready_i_1/O
                         net (fo=498, routed)         0.188     0.780    fpga_mnist_i/mnist_accel_0/inst/mnist_accel_slave_lite_v1_0_S_AXI_inst/top_mnist_fpga_instance/s_axi_aresetn_0
    SLICE_X46Y6          FDCE                                         f  fpga_mnist_i/mnist_accel_0/inst/mnist_accel_slave_lite_v1_0_S_AXI_inst/top_mnist_fpga_instance/fc2_out_latched_reg[4][21]/CLR
  -------------------------------------------------------------------    -------------------

                         (clock clk_out1_fpga_mnist_clk_wiz_0_0 rise edge)
                                                      0.000     0.000 r  
    W5                                                0.000     0.000 r  sys_clock (IN)
                         net (fo=0)                   0.000     0.000    fpga_mnist_i/clk_wiz_0/inst/clk_in1
    W5                   IBUF (Prop_ibuf_I_O)         0.414     0.414 r  fpga_mnist_i/clk_wiz_0/inst/clkin1_ibufg/O
                         net (fo=1, routed)           0.480     0.894    fpga_mnist_i/clk_wiz_0/inst/clk_in1_fpga_mnist_clk_wiz_0_0
    MMCME2_ADV_X1Y0      MMCME2_ADV (Prop_mmcme2_adv_CLKIN1_CLKOUT0)
                                                     -3.142    -2.248 r  fpga_mnist_i/clk_wiz_0/inst/mmcm_adv_inst/CLKOUT0
                         net (fo=1, routed)           0.530    -1.718    fpga_mnist_i/clk_wiz_0/inst/clk_out1_fpga_mnist_clk_wiz_0_0
    BUFGCTRL_X0Y0        BUFG (Prop_bufg_I_O)         0.029    -1.689 r  fpga_mnist_i/clk_wiz_0/inst/clkout1_buf/O
                         net (fo=2173, routed)        0.834    -0.856    fpga_mnist_i/mnist_accel_0/inst/mnist_accel_slave_lite_v1_0_S_AXI_inst/top_mnist_fpga_instance/s_axi_aclk
    SLICE_X46Y6          FDCE                                         r  fpga_mnist_i/mnist_accel_0/inst/mnist_accel_slave_lite_v1_0_S_AXI_inst/top_mnist_fpga_instance/fc2_out_latched_reg[4][21]/C
                         clock pessimism              0.274    -0.581    
    SLICE_X46Y6          FDCE (Remov_fdce_C_CLR)     -0.067    -0.648    fpga_mnist_i/mnist_accel_0/inst/mnist_accel_slave_lite_v1_0_S_AXI_inst/top_mnist_fpga_instance/fc2_out_latched_reg[4][21]
  -------------------------------------------------------------------
                         required time                          0.648    
                         arrival time                           0.780    
  -------------------------------------------------------------------
                         slack                                  1.429    

Slack (MET) :             1.429ns  (arrival time - required time)
  Source:                 fpga_mnist_i/proc_sys_reset_0/U0/ACTIVE_LOW_PR_OUT_DFF[0].FDRE_PER_N/C
                            (rising edge-triggered cell FDRE clocked by clk_out1_fpga_mnist_clk_wiz_0_0  {rise@0.000ns fall@5.000ns period=10.000ns})
  Destination:            fpga_mnist_i/mnist_accel_0/inst/mnist_accel_slave_lite_v1_0_S_AXI_inst/top_mnist_fpga_instance/fc2_out_latched_reg[7][17]/CLR
                            (removal check against rising-edge clock clk_out1_fpga_mnist_clk_wiz_0_0  {rise@0.000ns fall@5.000ns period=10.000ns})
  Path Group:             **async_default**
  Path Type:              Removal (Min at Fast Process Corner)
  Requirement:            0.000ns  (clk_out1_fpga_mnist_clk_wiz_0_0 rise@0.000ns - clk_out1_fpga_mnist_clk_wiz_0_0 rise@0.000ns)
  Data Path Delay:        1.368ns  (logic 0.209ns (15.280%)  route 1.159ns (84.720%))
  Logic Levels:           1  (LUT1=1)
  Clock Path Skew:        0.006ns (DCD - SCD - CPR)
    Destination Clock Delay (DCD):    -0.856ns
    Source Clock Delay      (SCD):    -0.587ns
    Clock Pessimism Removal (CPR):    -0.274ns

    Location             Delay type                Incr(ns)  Path(ns)    Netlist Resource(s)
  -------------------------------------------------------------------    -------------------
                         (clock clk_out1_fpga_mnist_clk_wiz_0_0 rise edge)
                                                      0.000     0.000 r  
    W5                                                0.000     0.000 r  sys_clock (IN)
                         net (fo=0)                   0.000     0.000    fpga_mnist_i/clk_wiz_0/inst/clk_in1
    W5                   IBUF (Prop_ibuf_I_O)         0.226     0.226 r  fpga_mnist_i/clk_wiz_0/inst/clkin1_ibufg/O
                         net (fo=1, routed)           0.440     0.667    fpga_mnist_i/clk_wiz_0/inst/clk_in1_fpga_mnist_clk_wiz_0_0
    MMCME2_ADV_X1Y0      MMCME2_ADV (Prop_mmcme2_adv_CLKIN1_CLKOUT0)
                                                     -2.360    -1.693 r  fpga_mnist_i/clk_wiz_0/inst/mmcm_adv_inst/CLKOUT0
                         net (fo=1, routed)           0.486    -1.207    fpga_mnist_i/clk_wiz_0/inst/clk_out1_fpga_mnist_clk_wiz_0_0
    BUFGCTRL_X0Y0        BUFG (Prop_bufg_I_O)         0.026    -1.181 r  fpga_mnist_i/clk_wiz_0/inst/clkout1_buf/O
                         net (fo=2173, routed)        0.594    -0.587    fpga_mnist_i/proc_sys_reset_0/U0/slowest_sync_clk
    SLICE_X60Y5          FDRE                                         r  fpga_mnist_i/proc_sys_reset_0/U0/ACTIVE_LOW_PR_OUT_DFF[0].FDRE_PER_N/C
  -------------------------------------------------------------------    -------------------
    SLICE_X60Y5          FDRE (Prop_fdre_C_Q)         0.164    -0.423 r  fpga_mnist_i/proc_sys_reset_0/U0/ACTIVE_LOW_PR_OUT_DFF[0].FDRE_PER_N/Q
                         net (fo=31, routed)          0.971     0.547    fpga_mnist_i/mnist_accel_0/inst/mnist_accel_slave_lite_v1_0_S_AXI_inst/top_mnist_fpga_instance/fc2_fsm/s_axi_aresetn
    SLICE_X43Y10         LUT1 (Prop_lut1_I0_O)        0.045     0.592 f  fpga_mnist_i/mnist_accel_0/inst/mnist_accel_slave_lite_v1_0_S_AXI_inst/top_mnist_fpga_instance/fc2_fsm/axi_awready_i_1/O
                         net (fo=498, routed)         0.188     0.780    fpga_mnist_i/mnist_accel_0/inst/mnist_accel_slave_lite_v1_0_S_AXI_inst/top_mnist_fpga_instance/s_axi_aresetn_0
    SLICE_X46Y6          FDCE                                         f  fpga_mnist_i/mnist_accel_0/inst/mnist_accel_slave_lite_v1_0_S_AXI_inst/top_mnist_fpga_instance/fc2_out_latched_reg[7][17]/CLR
  -------------------------------------------------------------------    -------------------

                         (clock clk_out1_fpga_mnist_clk_wiz_0_0 rise edge)
                                                      0.000     0.000 r  
    W5                                                0.000     0.000 r  sys_clock (IN)
                         net (fo=0)                   0.000     0.000    fpga_mnist_i/clk_wiz_0/inst/clk_in1
    W5                   IBUF (Prop_ibuf_I_O)         0.414     0.414 r  fpga_mnist_i/clk_wiz_0/inst/clkin1_ibufg/O
                         net (fo=1, routed)           0.480     0.894    fpga_mnist_i/clk_wiz_0/inst/clk_in1_fpga_mnist_clk_wiz_0_0
    MMCME2_ADV_X1Y0      MMCME2_ADV (Prop_mmcme2_adv_CLKIN1_CLKOUT0)
                                                     -3.142    -2.248 r  fpga_mnist_i/clk_wiz_0/inst/mmcm_adv_inst/CLKOUT0
                         net (fo=1, routed)           0.530    -1.718    fpga_mnist_i/clk_wiz_0/inst/clk_out1_fpga_mnist_clk_wiz_0_0
    BUFGCTRL_X0Y0        BUFG (Prop_bufg_I_O)         0.029    -1.689 r  fpga_mnist_i/clk_wiz_0/inst/clkout1_buf/O
                         net (fo=2173, routed)        0.834    -0.856    fpga_mnist_i/mnist_accel_0/inst/mnist_accel_slave_lite_v1_0_S_AXI_inst/top_mnist_fpga_instance/s_axi_aclk
    SLICE_X46Y6          FDCE                                         r  fpga_mnist_i/mnist_accel_0/inst/mnist_accel_slave_lite_v1_0_S_AXI_inst/top_mnist_fpga_instance/fc2_out_latched_reg[7][17]/C
                         clock pessimism              0.274    -0.581    
    SLICE_X46Y6          FDCE (Remov_fdce_C_CLR)     -0.067    -0.648    fpga_mnist_i/mnist_accel_0/inst/mnist_accel_slave_lite_v1_0_S_AXI_inst/top_mnist_fpga_instance/fc2_out_latched_reg[7][17]
  -------------------------------------------------------------------
                         required time                          0.648    
                         arrival time                           0.780    
  -------------------------------------------------------------------
                         slack                                  1.429    

Slack (MET) :             1.454ns  (arrival time - required time)
  Source:                 fpga_mnist_i/proc_sys_reset_0/U0/ACTIVE_LOW_PR_OUT_DFF[0].FDRE_PER_N/C
                            (rising edge-triggered cell FDRE clocked by clk_out1_fpga_mnist_clk_wiz_0_0  {rise@0.000ns fall@5.000ns period=10.000ns})
  Destination:            fpga_mnist_i/mnist_accel_0/inst/mnist_accel_slave_lite_v1_0_S_AXI_inst/top_mnist_fpga_instance/fc2_fsm/acc_reg[15]/CLR
                            (removal check against rising-edge clock clk_out1_fpga_mnist_clk_wiz_0_0  {rise@0.000ns fall@5.000ns period=10.000ns})
  Path Group:             **async_default**
  Path Type:              Removal (Min at Fast Process Corner)
  Requirement:            0.000ns  (clk_out1_fpga_mnist_clk_wiz_0_0 rise@0.000ns - clk_out1_fpga_mnist_clk_wiz_0_0 rise@0.000ns)
  Data Path Delay:        1.392ns  (logic 0.209ns (15.019%)  route 1.183ns (84.981%))
  Logic Levels:           1  (LUT1=1)
  Clock Path Skew:        0.005ns (DCD - SCD - CPR)
    Destination Clock Delay (DCD):    -0.857ns
    Source Clock Delay      (SCD):    -0.587ns
    Clock Pessimism Removal (CPR):    -0.274ns

    Location             Delay type                Incr(ns)  Path(ns)    Netlist Resource(s)
  -------------------------------------------------------------------    -------------------
                         (clock clk_out1_fpga_mnist_clk_wiz_0_0 rise edge)
                                                      0.000     0.000 r  
    W5                                                0.000     0.000 r  sys_clock (IN)
                         net (fo=0)                   0.000     0.000    fpga_mnist_i/clk_wiz_0/inst/clk_in1
    W5                   IBUF (Prop_ibuf_I_O)         0.226     0.226 r  fpga_mnist_i/clk_wiz_0/inst/clkin1_ibufg/O
                         net (fo=1, routed)           0.440     0.667    fpga_mnist_i/clk_wiz_0/inst/clk_in1_fpga_mnist_clk_wiz_0_0
    MMCME2_ADV_X1Y0      MMCME2_ADV (Prop_mmcme2_adv_CLKIN1_CLKOUT0)
                                                     -2.360    -1.693 r  fpga_mnist_i/clk_wiz_0/inst/mmcm_adv_inst/CLKOUT0
                         net (fo=1, routed)           0.486    -1.207    fpga_mnist_i/clk_wiz_0/inst/clk_out1_fpga_mnist_clk_wiz_0_0
    BUFGCTRL_X0Y0        BUFG (Prop_bufg_I_O)         0.026    -1.181 r  fpga_mnist_i/clk_wiz_0/inst/clkout1_buf/O
                         net (fo=2173, routed)        0.594    -0.587    fpga_mnist_i/proc_sys_reset_0/U0/slowest_sync_clk
    SLICE_X60Y5          FDRE                                         r  fpga_mnist_i/proc_sys_reset_0/U0/ACTIVE_LOW_PR_OUT_DFF[0].FDRE_PER_N/C
  -------------------------------------------------------------------    -------------------
    SLICE_X60Y5          FDRE (Prop_fdre_C_Q)         0.164    -0.423 r  fpga_mnist_i/proc_sys_reset_0/U0/ACTIVE_LOW_PR_OUT_DFF[0].FDRE_PER_N/Q
                         net (fo=31, routed)          0.971     0.547    fpga_mnist_i/mnist_accel_0/inst/mnist_accel_slave_lite_v1_0_S_AXI_inst/top_mnist_fpga_instance/fc2_fsm/s_axi_aresetn
    SLICE_X43Y10         LUT1 (Prop_lut1_I0_O)        0.045     0.592 f  fpga_mnist_i/mnist_accel_0/inst/mnist_accel_slave_lite_v1_0_S_AXI_inst/top_mnist_fpga_instance/fc2_fsm/axi_awready_i_1/O
                         net (fo=498, routed)         0.212     0.804    fpga_mnist_i/mnist_accel_0/inst/mnist_accel_slave_lite_v1_0_S_AXI_inst/top_mnist_fpga_instance/fc2_fsm/s_axi_aresetn_0
    SLICE_X42Y4          FDCE                                         f  fpga_mnist_i/mnist_accel_0/inst/mnist_accel_slave_lite_v1_0_S_AXI_inst/top_mnist_fpga_instance/fc2_fsm/acc_reg[15]/CLR
  -------------------------------------------------------------------    -------------------

                         (clock clk_out1_fpga_mnist_clk_wiz_0_0 rise edge)
                                                      0.000     0.000 r  
    W5                                                0.000     0.000 r  sys_clock (IN)
                         net (fo=0)                   0.000     0.000    fpga_mnist_i/clk_wiz_0/inst/clk_in1
    W5                   IBUF (Prop_ibuf_I_O)         0.414     0.414 r  fpga_mnist_i/clk_wiz_0/inst/clkin1_ibufg/O
                         net (fo=1, routed)           0.480     0.894    fpga_mnist_i/clk_wiz_0/inst/clk_in1_fpga_mnist_clk_wiz_0_0
    MMCME2_ADV_X1Y0      MMCME2_ADV (Prop_mmcme2_adv_CLKIN1_CLKOUT0)
                                                     -3.142    -2.248 r  fpga_mnist_i/clk_wiz_0/inst/mmcm_adv_inst/CLKOUT0
                         net (fo=1, routed)           0.530    -1.718    fpga_mnist_i/clk_wiz_0/inst/clk_out1_fpga_mnist_clk_wiz_0_0
    BUFGCTRL_X0Y0        BUFG (Prop_bufg_I_O)         0.029    -1.689 r  fpga_mnist_i/clk_wiz_0/inst/clkout1_buf/O
                         net (fo=2173, routed)        0.833    -0.857    fpga_mnist_i/mnist_accel_0/inst/mnist_accel_slave_lite_v1_0_S_AXI_inst/top_mnist_fpga_instance/fc2_fsm/s_axi_aclk
    SLICE_X42Y4          FDCE                                         r  fpga_mnist_i/mnist_accel_0/inst/mnist_accel_slave_lite_v1_0_S_AXI_inst/top_mnist_fpga_instance/fc2_fsm/acc_reg[15]/C
                         clock pessimism              0.274    -0.582    
    SLICE_X42Y4          FDCE (Remov_fdce_C_CLR)     -0.067    -0.649    fpga_mnist_i/mnist_accel_0/inst/mnist_accel_slave_lite_v1_0_S_AXI_inst/top_mnist_fpga_instance/fc2_fsm/acc_reg[15]
  -------------------------------------------------------------------
                         required time                          0.649    
                         arrival time                           0.804    
  -------------------------------------------------------------------
                         slack                                  1.454    

Slack (MET) :             1.454ns  (arrival time - required time)
  Source:                 fpga_mnist_i/proc_sys_reset_0/U0/ACTIVE_LOW_PR_OUT_DFF[0].FDRE_PER_N/C
                            (rising edge-triggered cell FDRE clocked by clk_out1_fpga_mnist_clk_wiz_0_0  {rise@0.000ns fall@5.000ns period=10.000ns})
  Destination:            fpga_mnist_i/mnist_accel_0/inst/mnist_accel_slave_lite_v1_0_S_AXI_inst/top_mnist_fpga_instance/fc2_fsm/acc_reg[16]/CLR
                            (removal check against rising-edge clock clk_out1_fpga_mnist_clk_wiz_0_0  {rise@0.000ns fall@5.000ns period=10.000ns})
  Path Group:             **async_default**
  Path Type:              Removal (Min at Fast Process Corner)
  Requirement:            0.000ns  (clk_out1_fpga_mnist_clk_wiz_0_0 rise@0.000ns - clk_out1_fpga_mnist_clk_wiz_0_0 rise@0.000ns)
  Data Path Delay:        1.392ns  (logic 0.209ns (15.019%)  route 1.183ns (84.981%))
  Logic Levels:           1  (LUT1=1)
  Clock Path Skew:        0.005ns (DCD - SCD - CPR)
    Destination Clock Delay (DCD):    -0.857ns
    Source Clock Delay      (SCD):    -0.587ns
    Clock Pessimism Removal (CPR):    -0.274ns

    Location             Delay type                Incr(ns)  Path(ns)    Netlist Resource(s)
  -------------------------------------------------------------------    -------------------
                         (clock clk_out1_fpga_mnist_clk_wiz_0_0 rise edge)
                                                      0.000     0.000 r  
    W5                                                0.000     0.000 r  sys_clock (IN)
                         net (fo=0)                   0.000     0.000    fpga_mnist_i/clk_wiz_0/inst/clk_in1
    W5                   IBUF (Prop_ibuf_I_O)         0.226     0.226 r  fpga_mnist_i/clk_wiz_0/inst/clkin1_ibufg/O
                         net (fo=1, routed)           0.440     0.667    fpga_mnist_i/clk_wiz_0/inst/clk_in1_fpga_mnist_clk_wiz_0_0
    MMCME2_ADV_X1Y0      MMCME2_ADV (Prop_mmcme2_adv_CLKIN1_CLKOUT0)
                                                     -2.360    -1.693 r  fpga_mnist_i/clk_wiz_0/inst/mmcm_adv_inst/CLKOUT0
                         net (fo=1, routed)           0.486    -1.207    fpga_mnist_i/clk_wiz_0/inst/clk_out1_fpga_mnist_clk_wiz_0_0
    BUFGCTRL_X0Y0        BUFG (Prop_bufg_I_O)         0.026    -1.181 r  fpga_mnist_i/clk_wiz_0/inst/clkout1_buf/O
                         net (fo=2173, routed)        0.594    -0.587    fpga_mnist_i/proc_sys_reset_0/U0/slowest_sync_clk
    SLICE_X60Y5          FDRE                                         r  fpga_mnist_i/proc_sys_reset_0/U0/ACTIVE_LOW_PR_OUT_DFF[0].FDRE_PER_N/C
  -------------------------------------------------------------------    -------------------
    SLICE_X60Y5          FDRE (Prop_fdre_C_Q)         0.164    -0.423 r  fpga_mnist_i/proc_sys_reset_0/U0/ACTIVE_LOW_PR_OUT_DFF[0].FDRE_PER_N/Q
                         net (fo=31, routed)          0.971     0.547    fpga_mnist_i/mnist_accel_0/inst/mnist_accel_slave_lite_v1_0_S_AXI_inst/top_mnist_fpga_instance/fc2_fsm/s_axi_aresetn
    SLICE_X43Y10         LUT1 (Prop_lut1_I0_O)        0.045     0.592 f  fpga_mnist_i/mnist_accel_0/inst/mnist_accel_slave_lite_v1_0_S_AXI_inst/top_mnist_fpga_instance/fc2_fsm/axi_awready_i_1/O
                         net (fo=498, routed)         0.212     0.804    fpga_mnist_i/mnist_accel_0/inst/mnist_accel_slave_lite_v1_0_S_AXI_inst/top_mnist_fpga_instance/fc2_fsm/s_axi_aresetn_0
    SLICE_X42Y4          FDCE                                         f  fpga_mnist_i/mnist_accel_0/inst/mnist_accel_slave_lite_v1_0_S_AXI_inst/top_mnist_fpga_instance/fc2_fsm/acc_reg[16]/CLR
  -------------------------------------------------------------------    -------------------

                         (clock clk_out1_fpga_mnist_clk_wiz_0_0 rise edge)
                                                      0.000     0.000 r  
    W5                                                0.000     0.000 r  sys_clock (IN)
                         net (fo=0)                   0.000     0.000    fpga_mnist_i/clk_wiz_0/inst/clk_in1
    W5                   IBUF (Prop_ibuf_I_O)         0.414     0.414 r  fpga_mnist_i/clk_wiz_0/inst/clkin1_ibufg/O
                         net (fo=1, routed)           0.480     0.894    fpga_mnist_i/clk_wiz_0/inst/clk_in1_fpga_mnist_clk_wiz_0_0
    MMCME2_ADV_X1Y0      MMCME2_ADV (Prop_mmcme2_adv_CLKIN1_CLKOUT0)
                                                     -3.142    -2.248 r  fpga_mnist_i/clk_wiz_0/inst/mmcm_adv_inst/CLKOUT0
                         net (fo=1, routed)           0.530    -1.718    fpga_mnist_i/clk_wiz_0/inst/clk_out1_fpga_mnist_clk_wiz_0_0
    BUFGCTRL_X0Y0        BUFG (Prop_bufg_I_O)         0.029    -1.689 r  fpga_mnist_i/clk_wiz_0/inst/clkout1_buf/O
                         net (fo=2173, routed)        0.833    -0.857    fpga_mnist_i/mnist_accel_0/inst/mnist_accel_slave_lite_v1_0_S_AXI_inst/top_mnist_fpga_instance/fc2_fsm/s_axi_aclk
    SLICE_X42Y4          FDCE                                         r  fpga_mnist_i/mnist_accel_0/inst/mnist_accel_slave_lite_v1_0_S_AXI_inst/top_mnist_fpga_instance/fc2_fsm/acc_reg[16]/C
                         clock pessimism              0.274    -0.582    
    SLICE_X42Y4          FDCE (Remov_fdce_C_CLR)     -0.067    -0.649    fpga_mnist_i/mnist_accel_0/inst/mnist_accel_slave_lite_v1_0_S_AXI_inst/top_mnist_fpga_instance/fc2_fsm/acc_reg[16]
  -------------------------------------------------------------------
                         required time                          0.649    
                         arrival time                           0.804    
  -------------------------------------------------------------------
                         slack                                  1.454    

Slack (MET) :             1.454ns  (arrival time - required time)
  Source:                 fpga_mnist_i/proc_sys_reset_0/U0/ACTIVE_LOW_PR_OUT_DFF[0].FDRE_PER_N/C
                            (rising edge-triggered cell FDRE clocked by clk_out1_fpga_mnist_clk_wiz_0_0  {rise@0.000ns fall@5.000ns period=10.000ns})
  Destination:            fpga_mnist_i/mnist_accel_0/inst/mnist_accel_slave_lite_v1_0_S_AXI_inst/top_mnist_fpga_instance/fc2_fsm/acc_reg[17]/CLR
                            (removal check against rising-edge clock clk_out1_fpga_mnist_clk_wiz_0_0  {rise@0.000ns fall@5.000ns period=10.000ns})
  Path Group:             **async_default**
  Path Type:              Removal (Min at Fast Process Corner)
  Requirement:            0.000ns  (clk_out1_fpga_mnist_clk_wiz_0_0 rise@0.000ns - clk_out1_fpga_mnist_clk_wiz_0_0 rise@0.000ns)
  Data Path Delay:        1.392ns  (logic 0.209ns (15.019%)  route 1.183ns (84.981%))
  Logic Levels:           1  (LUT1=1)
  Clock Path Skew:        0.005ns (DCD - SCD - CPR)
    Destination Clock Delay (DCD):    -0.857ns
    Source Clock Delay      (SCD):    -0.587ns
    Clock Pessimism Removal (CPR):    -0.274ns

    Location             Delay type                Incr(ns)  Path(ns)    Netlist Resource(s)
  -------------------------------------------------------------------    -------------------
                         (clock clk_out1_fpga_mnist_clk_wiz_0_0 rise edge)
                                                      0.000     0.000 r  
    W5                                                0.000     0.000 r  sys_clock (IN)
                         net (fo=0)                   0.000     0.000    fpga_mnist_i/clk_wiz_0/inst/clk_in1
    W5                   IBUF (Prop_ibuf_I_O)         0.226     0.226 r  fpga_mnist_i/clk_wiz_0/inst/clkin1_ibufg/O
                         net (fo=1, routed)           0.440     0.667    fpga_mnist_i/clk_wiz_0/inst/clk_in1_fpga_mnist_clk_wiz_0_0
    MMCME2_ADV_X1Y0      MMCME2_ADV (Prop_mmcme2_adv_CLKIN1_CLKOUT0)
                                                     -2.360    -1.693 r  fpga_mnist_i/clk_wiz_0/inst/mmcm_adv_inst/CLKOUT0
                         net (fo=1, routed)           0.486    -1.207    fpga_mnist_i/clk_wiz_0/inst/clk_out1_fpga_mnist_clk_wiz_0_0
    BUFGCTRL_X0Y0        BUFG (Prop_bufg_I_O)         0.026    -1.181 r  fpga_mnist_i/clk_wiz_0/inst/clkout1_buf/O
                         net (fo=2173, routed)        0.594    -0.587    fpga_mnist_i/proc_sys_reset_0/U0/slowest_sync_clk
    SLICE_X60Y5          FDRE                                         r  fpga_mnist_i/proc_sys_reset_0/U0/ACTIVE_LOW_PR_OUT_DFF[0].FDRE_PER_N/C
  -------------------------------------------------------------------    -------------------
    SLICE_X60Y5          FDRE (Prop_fdre_C_Q)         0.164    -0.423 r  fpga_mnist_i/proc_sys_reset_0/U0/ACTIVE_LOW_PR_OUT_DFF[0].FDRE_PER_N/Q
                         net (fo=31, routed)          0.971     0.547    fpga_mnist_i/mnist_accel_0/inst/mnist_accel_slave_lite_v1_0_S_AXI_inst/top_mnist_fpga_instance/fc2_fsm/s_axi_aresetn
    SLICE_X43Y10         LUT1 (Prop_lut1_I0_O)        0.045     0.592 f  fpga_mnist_i/mnist_accel_0/inst/mnist_accel_slave_lite_v1_0_S_AXI_inst/top_mnist_fpga_instance/fc2_fsm/axi_awready_i_1/O
                         net (fo=498, routed)         0.212     0.804    fpga_mnist_i/mnist_accel_0/inst/mnist_accel_slave_lite_v1_0_S_AXI_inst/top_mnist_fpga_instance/fc2_fsm/s_axi_aresetn_0
    SLICE_X42Y4          FDCE                                         f  fpga_mnist_i/mnist_accel_0/inst/mnist_accel_slave_lite_v1_0_S_AXI_inst/top_mnist_fpga_instance/fc2_fsm/acc_reg[17]/CLR
  -------------------------------------------------------------------    -------------------

                         (clock clk_out1_fpga_mnist_clk_wiz_0_0 rise edge)
                                                      0.000     0.000 r  
    W5                                                0.000     0.000 r  sys_clock (IN)
                         net (fo=0)                   0.000     0.000    fpga_mnist_i/clk_wiz_0/inst/clk_in1
    W5                   IBUF (Prop_ibuf_I_O)         0.414     0.414 r  fpga_mnist_i/clk_wiz_0/inst/clkin1_ibufg/O
                         net (fo=1, routed)           0.480     0.894    fpga_mnist_i/clk_wiz_0/inst/clk_in1_fpga_mnist_clk_wiz_0_0
    MMCME2_ADV_X1Y0      MMCME2_ADV (Prop_mmcme2_adv_CLKIN1_CLKOUT0)
                                                     -3.142    -2.248 r  fpga_mnist_i/clk_wiz_0/inst/mmcm_adv_inst/CLKOUT0
                         net (fo=1, routed)           0.530    -1.718    fpga_mnist_i/clk_wiz_0/inst/clk_out1_fpga_mnist_clk_wiz_0_0
    BUFGCTRL_X0Y0        BUFG (Prop_bufg_I_O)         0.029    -1.689 r  fpga_mnist_i/clk_wiz_0/inst/clkout1_buf/O
                         net (fo=2173, routed)        0.833    -0.857    fpga_mnist_i/mnist_accel_0/inst/mnist_accel_slave_lite_v1_0_S_AXI_inst/top_mnist_fpga_instance/fc2_fsm/s_axi_aclk
    SLICE_X42Y4          FDCE                                         r  fpga_mnist_i/mnist_accel_0/inst/mnist_accel_slave_lite_v1_0_S_AXI_inst/top_mnist_fpga_instance/fc2_fsm/acc_reg[17]/C
                         clock pessimism              0.274    -0.582    
    SLICE_X42Y4          FDCE (Remov_fdce_C_CLR)     -0.067    -0.649    fpga_mnist_i/mnist_accel_0/inst/mnist_accel_slave_lite_v1_0_S_AXI_inst/top_mnist_fpga_instance/fc2_fsm/acc_reg[17]
  -------------------------------------------------------------------
                         required time                          0.649    
                         arrival time                           0.804    
  -------------------------------------------------------------------
                         slack                                  1.454    

Slack (MET) :             1.454ns  (arrival time - required time)
  Source:                 fpga_mnist_i/proc_sys_reset_0/U0/ACTIVE_LOW_PR_OUT_DFF[0].FDRE_PER_N/C
                            (rising edge-triggered cell FDRE clocked by clk_out1_fpga_mnist_clk_wiz_0_0  {rise@0.000ns fall@5.000ns period=10.000ns})
  Destination:            fpga_mnist_i/mnist_accel_0/inst/mnist_accel_slave_lite_v1_0_S_AXI_inst/top_mnist_fpga_instance/fc2_fsm/acc_reg[18]/CLR
                            (removal check against rising-edge clock clk_out1_fpga_mnist_clk_wiz_0_0  {rise@0.000ns fall@5.000ns period=10.000ns})
  Path Group:             **async_default**
  Path Type:              Removal (Min at Fast Process Corner)
  Requirement:            0.000ns  (clk_out1_fpga_mnist_clk_wiz_0_0 rise@0.000ns - clk_out1_fpga_mnist_clk_wiz_0_0 rise@0.000ns)
  Data Path Delay:        1.392ns  (logic 0.209ns (15.019%)  route 1.183ns (84.981%))
  Logic Levels:           1  (LUT1=1)
  Clock Path Skew:        0.005ns (DCD - SCD - CPR)
    Destination Clock Delay (DCD):    -0.857ns
    Source Clock Delay      (SCD):    -0.587ns
    Clock Pessimism Removal (CPR):    -0.274ns

    Location             Delay type                Incr(ns)  Path(ns)    Netlist Resource(s)
  -------------------------------------------------------------------    -------------------
                         (clock clk_out1_fpga_mnist_clk_wiz_0_0 rise edge)
                                                      0.000     0.000 r  
    W5                                                0.000     0.000 r  sys_clock (IN)
                         net (fo=0)                   0.000     0.000    fpga_mnist_i/clk_wiz_0/inst/clk_in1
    W5                   IBUF (Prop_ibuf_I_O)         0.226     0.226 r  fpga_mnist_i/clk_wiz_0/inst/clkin1_ibufg/O
                         net (fo=1, routed)           0.440     0.667    fpga_mnist_i/clk_wiz_0/inst/clk_in1_fpga_mnist_clk_wiz_0_0
    MMCME2_ADV_X1Y0      MMCME2_ADV (Prop_mmcme2_adv_CLKIN1_CLKOUT0)
                                                     -2.360    -1.693 r  fpga_mnist_i/clk_wiz_0/inst/mmcm_adv_inst/CLKOUT0
                         net (fo=1, routed)           0.486    -1.207    fpga_mnist_i/clk_wiz_0/inst/clk_out1_fpga_mnist_clk_wiz_0_0
    BUFGCTRL_X0Y0        BUFG (Prop_bufg_I_O)         0.026    -1.181 r  fpga_mnist_i/clk_wiz_0/inst/clkout1_buf/O
                         net (fo=2173, routed)        0.594    -0.587    fpga_mnist_i/proc_sys_reset_0/U0/slowest_sync_clk
    SLICE_X60Y5          FDRE                                         r  fpga_mnist_i/proc_sys_reset_0/U0/ACTIVE_LOW_PR_OUT_DFF[0].FDRE_PER_N/C
  -------------------------------------------------------------------    -------------------
    SLICE_X60Y5          FDRE (Prop_fdre_C_Q)         0.164    -0.423 r  fpga_mnist_i/proc_sys_reset_0/U0/ACTIVE_LOW_PR_OUT_DFF[0].FDRE_PER_N/Q
                         net (fo=31, routed)          0.971     0.547    fpga_mnist_i/mnist_accel_0/inst/mnist_accel_slave_lite_v1_0_S_AXI_inst/top_mnist_fpga_instance/fc2_fsm/s_axi_aresetn
    SLICE_X43Y10         LUT1 (Prop_lut1_I0_O)        0.045     0.592 f  fpga_mnist_i/mnist_accel_0/inst/mnist_accel_slave_lite_v1_0_S_AXI_inst/top_mnist_fpga_instance/fc2_fsm/axi_awready_i_1/O
                         net (fo=498, routed)         0.212     0.804    fpga_mnist_i/mnist_accel_0/inst/mnist_accel_slave_lite_v1_0_S_AXI_inst/top_mnist_fpga_instance/fc2_fsm/s_axi_aresetn_0
    SLICE_X42Y4          FDCE                                         f  fpga_mnist_i/mnist_accel_0/inst/mnist_accel_slave_lite_v1_0_S_AXI_inst/top_mnist_fpga_instance/fc2_fsm/acc_reg[18]/CLR
  -------------------------------------------------------------------    -------------------

                         (clock clk_out1_fpga_mnist_clk_wiz_0_0 rise edge)
                                                      0.000     0.000 r  
    W5                                                0.000     0.000 r  sys_clock (IN)
                         net (fo=0)                   0.000     0.000    fpga_mnist_i/clk_wiz_0/inst/clk_in1
    W5                   IBUF (Prop_ibuf_I_O)         0.414     0.414 r  fpga_mnist_i/clk_wiz_0/inst/clkin1_ibufg/O
                         net (fo=1, routed)           0.480     0.894    fpga_mnist_i/clk_wiz_0/inst/clk_in1_fpga_mnist_clk_wiz_0_0
    MMCME2_ADV_X1Y0      MMCME2_ADV (Prop_mmcme2_adv_CLKIN1_CLKOUT0)
                                                     -3.142    -2.248 r  fpga_mnist_i/clk_wiz_0/inst/mmcm_adv_inst/CLKOUT0
                         net (fo=1, routed)           0.530    -1.718    fpga_mnist_i/clk_wiz_0/inst/clk_out1_fpga_mnist_clk_wiz_0_0
    BUFGCTRL_X0Y0        BUFG (Prop_bufg_I_O)         0.029    -1.689 r  fpga_mnist_i/clk_wiz_0/inst/clkout1_buf/O
                         net (fo=2173, routed)        0.833    -0.857    fpga_mnist_i/mnist_accel_0/inst/mnist_accel_slave_lite_v1_0_S_AXI_inst/top_mnist_fpga_instance/fc2_fsm/s_axi_aclk
    SLICE_X42Y4          FDCE                                         r  fpga_mnist_i/mnist_accel_0/inst/mnist_accel_slave_lite_v1_0_S_AXI_inst/top_mnist_fpga_instance/fc2_fsm/acc_reg[18]/C
                         clock pessimism              0.274    -0.582    
    SLICE_X42Y4          FDCE (Remov_fdce_C_CLR)     -0.067    -0.649    fpga_mnist_i/mnist_accel_0/inst/mnist_accel_slave_lite_v1_0_S_AXI_inst/top_mnist_fpga_instance/fc2_fsm/acc_reg[18]
  -------------------------------------------------------------------
                         required time                          0.649    
                         arrival time                           0.804    
  -------------------------------------------------------------------
                         slack                                  1.454    

Slack (MET) :             1.454ns  (arrival time - required time)
  Source:                 fpga_mnist_i/proc_sys_reset_0/U0/ACTIVE_LOW_PR_OUT_DFF[0].FDRE_PER_N/C
                            (rising edge-triggered cell FDRE clocked by clk_out1_fpga_mnist_clk_wiz_0_0  {rise@0.000ns fall@5.000ns period=10.000ns})
  Destination:            fpga_mnist_i/mnist_accel_0/inst/mnist_accel_slave_lite_v1_0_S_AXI_inst/top_mnist_fpga_instance/fc2_fsm/acc_reg[19]/CLR
                            (removal check against rising-edge clock clk_out1_fpga_mnist_clk_wiz_0_0  {rise@0.000ns fall@5.000ns period=10.000ns})
  Path Group:             **async_default**
  Path Type:              Removal (Min at Fast Process Corner)
  Requirement:            0.000ns  (clk_out1_fpga_mnist_clk_wiz_0_0 rise@0.000ns - clk_out1_fpga_mnist_clk_wiz_0_0 rise@0.000ns)
  Data Path Delay:        1.392ns  (logic 0.209ns (15.019%)  route 1.183ns (84.981%))
  Logic Levels:           1  (LUT1=1)
  Clock Path Skew:        0.005ns (DCD - SCD - CPR)
    Destination Clock Delay (DCD):    -0.857ns
    Source Clock Delay      (SCD):    -0.587ns
    Clock Pessimism Removal (CPR):    -0.274ns

    Location             Delay type                Incr(ns)  Path(ns)    Netlist Resource(s)
  -------------------------------------------------------------------    -------------------
                         (clock clk_out1_fpga_mnist_clk_wiz_0_0 rise edge)
                                                      0.000     0.000 r  
    W5                                                0.000     0.000 r  sys_clock (IN)
                         net (fo=0)                   0.000     0.000    fpga_mnist_i/clk_wiz_0/inst/clk_in1
    W5                   IBUF (Prop_ibuf_I_O)         0.226     0.226 r  fpga_mnist_i/clk_wiz_0/inst/clkin1_ibufg/O
                         net (fo=1, routed)           0.440     0.667    fpga_mnist_i/clk_wiz_0/inst/clk_in1_fpga_mnist_clk_wiz_0_0
    MMCME2_ADV_X1Y0      MMCME2_ADV (Prop_mmcme2_adv_CLKIN1_CLKOUT0)
                                                     -2.360    -1.693 r  fpga_mnist_i/clk_wiz_0/inst/mmcm_adv_inst/CLKOUT0
                         net (fo=1, routed)           0.486    -1.207    fpga_mnist_i/clk_wiz_0/inst/clk_out1_fpga_mnist_clk_wiz_0_0
    BUFGCTRL_X0Y0        BUFG (Prop_bufg_I_O)         0.026    -1.181 r  fpga_mnist_i/clk_wiz_0/inst/clkout1_buf/O
                         net (fo=2173, routed)        0.594    -0.587    fpga_mnist_i/proc_sys_reset_0/U0/slowest_sync_clk
    SLICE_X60Y5          FDRE                                         r  fpga_mnist_i/proc_sys_reset_0/U0/ACTIVE_LOW_PR_OUT_DFF[0].FDRE_PER_N/C
  -------------------------------------------------------------------    -------------------
    SLICE_X60Y5          FDRE (Prop_fdre_C_Q)         0.164    -0.423 r  fpga_mnist_i/proc_sys_reset_0/U0/ACTIVE_LOW_PR_OUT_DFF[0].FDRE_PER_N/Q
                         net (fo=31, routed)          0.971     0.547    fpga_mnist_i/mnist_accel_0/inst/mnist_accel_slave_lite_v1_0_S_AXI_inst/top_mnist_fpga_instance/fc2_fsm/s_axi_aresetn
    SLICE_X43Y10         LUT1 (Prop_lut1_I0_O)        0.045     0.592 f  fpga_mnist_i/mnist_accel_0/inst/mnist_accel_slave_lite_v1_0_S_AXI_inst/top_mnist_fpga_instance/fc2_fsm/axi_awready_i_1/O
                         net (fo=498, routed)         0.212     0.804    fpga_mnist_i/mnist_accel_0/inst/mnist_accel_slave_lite_v1_0_S_AXI_inst/top_mnist_fpga_instance/fc2_fsm/s_axi_aresetn_0
    SLICE_X42Y4          FDCE                                         f  fpga_mnist_i/mnist_accel_0/inst/mnist_accel_slave_lite_v1_0_S_AXI_inst/top_mnist_fpga_instance/fc2_fsm/acc_reg[19]/CLR
  -------------------------------------------------------------------    -------------------

                         (clock clk_out1_fpga_mnist_clk_wiz_0_0 rise edge)
                                                      0.000     0.000 r  
    W5                                                0.000     0.000 r  sys_clock (IN)
                         net (fo=0)                   0.000     0.000    fpga_mnist_i/clk_wiz_0/inst/clk_in1
    W5                   IBUF (Prop_ibuf_I_O)         0.414     0.414 r  fpga_mnist_i/clk_wiz_0/inst/clkin1_ibufg/O
                         net (fo=1, routed)           0.480     0.894    fpga_mnist_i/clk_wiz_0/inst/clk_in1_fpga_mnist_clk_wiz_0_0
    MMCME2_ADV_X1Y0      MMCME2_ADV (Prop_mmcme2_adv_CLKIN1_CLKOUT0)
                                                     -3.142    -2.248 r  fpga_mnist_i/clk_wiz_0/inst/mmcm_adv_inst/CLKOUT0
                         net (fo=1, routed)           0.530    -1.718    fpga_mnist_i/clk_wiz_0/inst/clk_out1_fpga_mnist_clk_wiz_0_0
    BUFGCTRL_X0Y0        BUFG (Prop_bufg_I_O)         0.029    -1.689 r  fpga_mnist_i/clk_wiz_0/inst/clkout1_buf/O
                         net (fo=2173, routed)        0.833    -0.857    fpga_mnist_i/mnist_accel_0/inst/mnist_accel_slave_lite_v1_0_S_AXI_inst/top_mnist_fpga_instance/fc2_fsm/s_axi_aclk
    SLICE_X42Y4          FDCE                                         r  fpga_mnist_i/mnist_accel_0/inst/mnist_accel_slave_lite_v1_0_S_AXI_inst/top_mnist_fpga_instance/fc2_fsm/acc_reg[19]/C
                         clock pessimism              0.274    -0.582    
    SLICE_X42Y4          FDCE (Remov_fdce_C_CLR)     -0.067    -0.649    fpga_mnist_i/mnist_accel_0/inst/mnist_accel_slave_lite_v1_0_S_AXI_inst/top_mnist_fpga_instance/fc2_fsm/acc_reg[19]
  -------------------------------------------------------------------
                         required time                          0.649    
                         arrival time                           0.804    
  -------------------------------------------------------------------
                         slack                                  1.454    

Slack (MET) :             1.454ns  (arrival time - required time)
  Source:                 fpga_mnist_i/proc_sys_reset_0/U0/ACTIVE_LOW_PR_OUT_DFF[0].FDRE_PER_N/C
                            (rising edge-triggered cell FDRE clocked by clk_out1_fpga_mnist_clk_wiz_0_0  {rise@0.000ns fall@5.000ns period=10.000ns})
  Destination:            fpga_mnist_i/mnist_accel_0/inst/mnist_accel_slave_lite_v1_0_S_AXI_inst/top_mnist_fpga_instance/fc2_fsm/acc_reg[20]/CLR
                            (removal check against rising-edge clock clk_out1_fpga_mnist_clk_wiz_0_0  {rise@0.000ns fall@5.000ns period=10.000ns})
  Path Group:             **async_default**
  Path Type:              Removal (Min at Fast Process Corner)
  Requirement:            0.000ns  (clk_out1_fpga_mnist_clk_wiz_0_0 rise@0.000ns - clk_out1_fpga_mnist_clk_wiz_0_0 rise@0.000ns)
  Data Path Delay:        1.392ns  (logic 0.209ns (15.019%)  route 1.183ns (84.981%))
  Logic Levels:           1  (LUT1=1)
  Clock Path Skew:        0.005ns (DCD - SCD - CPR)
    Destination Clock Delay (DCD):    -0.857ns
    Source Clock Delay      (SCD):    -0.587ns
    Clock Pessimism Removal (CPR):    -0.274ns

    Location             Delay type                Incr(ns)  Path(ns)    Netlist Resource(s)
  -------------------------------------------------------------------    -------------------
                         (clock clk_out1_fpga_mnist_clk_wiz_0_0 rise edge)
                                                      0.000     0.000 r  
    W5                                                0.000     0.000 r  sys_clock (IN)
                         net (fo=0)                   0.000     0.000    fpga_mnist_i/clk_wiz_0/inst/clk_in1
    W5                   IBUF (Prop_ibuf_I_O)         0.226     0.226 r  fpga_mnist_i/clk_wiz_0/inst/clkin1_ibufg/O
                         net (fo=1, routed)           0.440     0.667    fpga_mnist_i/clk_wiz_0/inst/clk_in1_fpga_mnist_clk_wiz_0_0
    MMCME2_ADV_X1Y0      MMCME2_ADV (Prop_mmcme2_adv_CLKIN1_CLKOUT0)
                                                     -2.360    -1.693 r  fpga_mnist_i/clk_wiz_0/inst/mmcm_adv_inst/CLKOUT0
                         net (fo=1, routed)           0.486    -1.207    fpga_mnist_i/clk_wiz_0/inst/clk_out1_fpga_mnist_clk_wiz_0_0
    BUFGCTRL_X0Y0        BUFG (Prop_bufg_I_O)         0.026    -1.181 r  fpga_mnist_i/clk_wiz_0/inst/clkout1_buf/O
                         net (fo=2173, routed)        0.594    -0.587    fpga_mnist_i/proc_sys_reset_0/U0/slowest_sync_clk
    SLICE_X60Y5          FDRE                                         r  fpga_mnist_i/proc_sys_reset_0/U0/ACTIVE_LOW_PR_OUT_DFF[0].FDRE_PER_N/C
  -------------------------------------------------------------------    -------------------
    SLICE_X60Y5          FDRE (Prop_fdre_C_Q)         0.164    -0.423 r  fpga_mnist_i/proc_sys_reset_0/U0/ACTIVE_LOW_PR_OUT_DFF[0].FDRE_PER_N/Q
                         net (fo=31, routed)          0.971     0.547    fpga_mnist_i/mnist_accel_0/inst/mnist_accel_slave_lite_v1_0_S_AXI_inst/top_mnist_fpga_instance/fc2_fsm/s_axi_aresetn
    SLICE_X43Y10         LUT1 (Prop_lut1_I0_O)        0.045     0.592 f  fpga_mnist_i/mnist_accel_0/inst/mnist_accel_slave_lite_v1_0_S_AXI_inst/top_mnist_fpga_instance/fc2_fsm/axi_awready_i_1/O
                         net (fo=498, routed)         0.212     0.804    fpga_mnist_i/mnist_accel_0/inst/mnist_accel_slave_lite_v1_0_S_AXI_inst/top_mnist_fpga_instance/fc2_fsm/s_axi_aresetn_0
    SLICE_X42Y4          FDCE                                         f  fpga_mnist_i/mnist_accel_0/inst/mnist_accel_slave_lite_v1_0_S_AXI_inst/top_mnist_fpga_instance/fc2_fsm/acc_reg[20]/CLR
  -------------------------------------------------------------------    -------------------

                         (clock clk_out1_fpga_mnist_clk_wiz_0_0 rise edge)
                                                      0.000     0.000 r  
    W5                                                0.000     0.000 r  sys_clock (IN)
                         net (fo=0)                   0.000     0.000    fpga_mnist_i/clk_wiz_0/inst/clk_in1
    W5                   IBUF (Prop_ibuf_I_O)         0.414     0.414 r  fpga_mnist_i/clk_wiz_0/inst/clkin1_ibufg/O
                         net (fo=1, routed)           0.480     0.894    fpga_mnist_i/clk_wiz_0/inst/clk_in1_fpga_mnist_clk_wiz_0_0
    MMCME2_ADV_X1Y0      MMCME2_ADV (Prop_mmcme2_adv_CLKIN1_CLKOUT0)
                                                     -3.142    -2.248 r  fpga_mnist_i/clk_wiz_0/inst/mmcm_adv_inst/CLKOUT0
                         net (fo=1, routed)           0.530    -1.718    fpga_mnist_i/clk_wiz_0/inst/clk_out1_fpga_mnist_clk_wiz_0_0
    BUFGCTRL_X0Y0        BUFG (Prop_bufg_I_O)         0.029    -1.689 r  fpga_mnist_i/clk_wiz_0/inst/clkout1_buf/O
                         net (fo=2173, routed)        0.833    -0.857    fpga_mnist_i/mnist_accel_0/inst/mnist_accel_slave_lite_v1_0_S_AXI_inst/top_mnist_fpga_instance/fc2_fsm/s_axi_aclk
    SLICE_X42Y4          FDCE                                         r  fpga_mnist_i/mnist_accel_0/inst/mnist_accel_slave_lite_v1_0_S_AXI_inst/top_mnist_fpga_instance/fc2_fsm/acc_reg[20]/C
                         clock pessimism              0.274    -0.582    
    SLICE_X42Y4          FDCE (Remov_fdce_C_CLR)     -0.067    -0.649    fpga_mnist_i/mnist_accel_0/inst/mnist_accel_slave_lite_v1_0_S_AXI_inst/top_mnist_fpga_instance/fc2_fsm/acc_reg[20]
  -------------------------------------------------------------------
                         required time                          0.649    
                         arrival time                           0.804    
  -------------------------------------------------------------------
                         slack                                  1.454    





--------------------------------------------------------------------------------------
Path Group:  (none)
From Clock:  
  To Clock:  clk_out1_fpga_mnist_clk_wiz_0_0

Max Delay             2 Endpoints
Min Delay             2 Endpoints
--------------------------------------------------------------------------------------


Max Delay Paths
--------------------------------------------------------------------------------------
Slack:                    inf
  Source:                 usb_uart_rxd
                            (input port)
  Destination:            fpga_mnist_i/axi_uartlite_0/U0/UARTLITE_CORE_I/UARTLITE_RX_I/INPUT_DOUBLE_REGS3/GENERATE_LEVEL_P_S_CDC.SINGLE_BIT.CROSS_PLEVEL_IN2SCNDRY_IN_cdc_to/D
                            (rising edge-triggered cell FDRE clocked by clk_out1_fpga_mnist_clk_wiz_0_0  {rise@0.000ns fall@5.000ns period=10.000ns})
  Path Group:             (none)
  Path Type:              Setup (Max at Slow Process Corner)
  Data Path Delay:        6.649ns  (logic 1.456ns (21.900%)  route 5.193ns (78.100%))
  Logic Levels:           1  (IBUF=1)
  Clock Path Skew:        -1.551ns (DCD - SCD + CPR)
    Destination Clock Delay (DCD):    -1.551ns
    Source Clock Delay      (SCD):    0.000ns
    Clock Pessimism Removal (CPR):    0.000ns
  Clock Uncertainty:      0.169ns  ((TSJ^2 + DJ^2)^1/2) / 2 + PE
    Total System Jitter     (TSJ):    0.050ns
    Discrete Jitter          (DJ):    0.131ns
    Phase Error              (PE):    0.099ns
  Timing Exception:       False Path

    Location             Delay type                Incr(ns)  Path(ns)    Netlist Resource(s)
  -------------------------------------------------------------------    -------------------
    B18                                               0.000     0.000 r  usb_uart_rxd (IN)
                         net (fo=0)                   0.000     0.000    usb_uart_rxd
    B18                  IBUF (Prop_ibuf_I_O)         1.456     1.456 r  usb_uart_rxd_IBUF_inst/O
                         net (fo=1, routed)           5.193     6.649    fpga_mnist_i/axi_uartlite_0/U0/UARTLITE_CORE_I/UARTLITE_RX_I/INPUT_DOUBLE_REGS3/rx
    SLICE_X40Y11         FDRE                                         r  fpga_mnist_i/axi_uartlite_0/U0/UARTLITE_CORE_I/UARTLITE_RX_I/INPUT_DOUBLE_REGS3/GENERATE_LEVEL_P_S_CDC.SINGLE_BIT.CROSS_PLEVEL_IN2SCNDRY_IN_cdc_to/D
  -------------------------------------------------------------------    -------------------

                         (clock clk_out1_fpga_mnist_clk_wiz_0_0 rise edge)
                                                      0.000     0.000 r  
    W5                                                0.000     0.000 r  sys_clock (IN)
                         net (fo=0)                   0.000     0.000    fpga_mnist_i/clk_wiz_0/inst/clk_in1
    W5                   IBUF (Prop_ibuf_I_O)         1.388     1.388 r  fpga_mnist_i/clk_wiz_0/inst/clkin1_ibufg/O
                         net (fo=1, routed)           1.162     2.550    fpga_mnist_i/clk_wiz_0/inst/clk_in1_fpga_mnist_clk_wiz_0_0
    MMCME2_ADV_X1Y0      MMCME2_ADV (Prop_mmcme2_adv_CLKIN1_CLKOUT0)
                                                     -7.217    -4.668 r  fpga_mnist_i/clk_wiz_0/inst/mmcm_adv_inst/CLKOUT0
                         net (fo=1, routed)           1.581    -3.086    fpga_mnist_i/clk_wiz_0/inst/clk_out1_fpga_mnist_clk_wiz_0_0
    BUFGCTRL_X0Y0        BUFG (Prop_bufg_I_O)         0.091    -2.995 r  fpga_mnist_i/clk_wiz_0/inst/clkout1_buf/O
                         net (fo=2173, routed)        1.444    -1.551    fpga_mnist_i/axi_uartlite_0/U0/UARTLITE_CORE_I/UARTLITE_RX_I/INPUT_DOUBLE_REGS3/s_axi_aclk
    SLICE_X40Y11         FDRE                                         r  fpga_mnist_i/axi_uartlite_0/U0/UARTLITE_CORE_I/UARTLITE_RX_I/INPUT_DOUBLE_REGS3/GENERATE_LEVEL_P_S_CDC.SINGLE_BIT.CROSS_PLEVEL_IN2SCNDRY_IN_cdc_to/C

Slack:                    inf
  Source:                 rst_button
                            (input port)
  Destination:            fpga_mnist_i/proc_sys_reset_0/U0/EXT_LPF/ACTIVE_LOW_EXT.ACT_LO_EXT/GENERATE_LEVEL_P_S_CDC.SINGLE_BIT.CROSS_PLEVEL_IN2SCNDRY_IN_cdc_to/D
                            (rising edge-triggered cell FDRE clocked by clk_out1_fpga_mnist_clk_wiz_0_0  {rise@0.000ns fall@5.000ns period=10.000ns})
  Path Group:             (none)
  Path Type:              Setup (Max at Slow Process Corner)
  Data Path Delay:        4.766ns  (logic 1.565ns (32.840%)  route 3.201ns (67.160%))
  Logic Levels:           2  (IBUF=1 LUT1=1)
  Clock Path Skew:        -1.478ns (DCD - SCD + CPR)
    Destination Clock Delay (DCD):    -1.478ns
    Source Clock Delay      (SCD):    0.000ns
    Clock Pessimism Removal (CPR):    0.000ns
  Clock Uncertainty:      0.169ns  ((TSJ^2 + DJ^2)^1/2) / 2 + PE
    Total System Jitter     (TSJ):    0.050ns
    Discrete Jitter          (DJ):    0.131ns
    Phase Error              (PE):    0.099ns
  Timing Exception:       False Path

    Location             Delay type                Incr(ns)  Path(ns)    Netlist Resource(s)
  -------------------------------------------------------------------    -------------------
    U18                                               0.000     0.000 f  rst_button (IN)
                         net (fo=0)                   0.000     0.000    rst_button
    U18                  IBUF (Prop_ibuf_I_O)         1.441     1.441 f  rst_button_IBUF_inst/O
                         net (fo=1, routed)           3.201     4.642    fpga_mnist_i/proc_sys_reset_0/U0/EXT_LPF/ACTIVE_LOW_EXT.ACT_LO_EXT/ext_reset_in
    SLICE_X60Y8          LUT1 (Prop_lut1_I0_O)        0.124     4.766 r  fpga_mnist_i/proc_sys_reset_0/U0/EXT_LPF/ACTIVE_LOW_EXT.ACT_LO_EXT/GENERATE_LEVEL_P_S_CDC.SINGLE_BIT.CROSS_PLEVEL_IN2SCNDRY_IN_cdc_to_i_1/O
                         net (fo=1, routed)           0.000     4.766    fpga_mnist_i/proc_sys_reset_0/U0/EXT_LPF/ACTIVE_LOW_EXT.ACT_LO_EXT/exr_d1
    SLICE_X60Y8          FDRE                                         r  fpga_mnist_i/proc_sys_reset_0/U0/EXT_LPF/ACTIVE_LOW_EXT.ACT_LO_EXT/GENERATE_LEVEL_P_S_CDC.SINGLE_BIT.CROSS_PLEVEL_IN2SCNDRY_IN_cdc_to/D
  -------------------------------------------------------------------    -------------------

                         (clock clk_out1_fpga_mnist_clk_wiz_0_0 rise edge)
                                                      0.000     0.000 r  
    W5                                                0.000     0.000 r  sys_clock (IN)
                         net (fo=0)                   0.000     0.000    fpga_mnist_i/clk_wiz_0/inst/clk_in1
    W5                   IBUF (Prop_ibuf_I_O)         1.388     1.388 r  fpga_mnist_i/clk_wiz_0/inst/clkin1_ibufg/O
                         net (fo=1, routed)           1.162     2.550    fpga_mnist_i/clk_wiz_0/inst/clk_in1_fpga_mnist_clk_wiz_0_0
    MMCME2_ADV_X1Y0      MMCME2_ADV (Prop_mmcme2_adv_CLKIN1_CLKOUT0)
                                                     -7.217    -4.668 r  fpga_mnist_i/clk_wiz_0/inst/mmcm_adv_inst/CLKOUT0
                         net (fo=1, routed)           1.581    -3.086    fpga_mnist_i/clk_wiz_0/inst/clk_out1_fpga_mnist_clk_wiz_0_0
    BUFGCTRL_X0Y0        BUFG (Prop_bufg_I_O)         0.091    -2.995 r  fpga_mnist_i/clk_wiz_0/inst/clkout1_buf/O
                         net (fo=2173, routed)        1.517    -1.478    fpga_mnist_i/proc_sys_reset_0/U0/EXT_LPF/ACTIVE_LOW_EXT.ACT_LO_EXT/slowest_sync_clk
    SLICE_X60Y8          FDRE                                         r  fpga_mnist_i/proc_sys_reset_0/U0/EXT_LPF/ACTIVE_LOW_EXT.ACT_LO_EXT/GENERATE_LEVEL_P_S_CDC.SINGLE_BIT.CROSS_PLEVEL_IN2SCNDRY_IN_cdc_to/C





Min Delay Paths
--------------------------------------------------------------------------------------
Slack:                    inf
  Source:                 rst_button
                            (input port)
  Destination:            fpga_mnist_i/proc_sys_reset_0/U0/EXT_LPF/ACTIVE_LOW_EXT.ACT_LO_EXT/GENERATE_LEVEL_P_S_CDC.SINGLE_BIT.CROSS_PLEVEL_IN2SCNDRY_IN_cdc_to/D
                            (rising edge-triggered cell FDRE clocked by clk_out1_fpga_mnist_clk_wiz_0_0  {rise@0.000ns fall@5.000ns period=10.000ns})
  Path Group:             (none)
  Path Type:              Hold (Min at Fast Process Corner)
  Data Path Delay:        1.721ns  (logic 0.255ns (14.792%)  route 1.466ns (85.208%))
  Logic Levels:           2  (IBUF=1 LUT1=1)
  Clock Path Skew:        -0.827ns (DCD - SCD - CPR)
    Destination Clock Delay (DCD):    -0.827ns
    Source Clock Delay      (SCD):    0.000ns
    Clock Pessimism Removal (CPR):    -0.000ns
  Timing Exception:       False Path

    Location             Delay type                Incr(ns)  Path(ns)    Netlist Resource(s)
  -------------------------------------------------------------------    -------------------
    U18                                               0.000     0.000 f  rst_button (IN)
                         net (fo=0)                   0.000     0.000    rst_button
    U18                  IBUF (Prop_ibuf_I_O)         0.210     0.210 f  rst_button_IBUF_inst/O
                         net (fo=1, routed)           1.466     1.676    fpga_mnist_i/proc_sys_reset_0/U0/EXT_LPF/ACTIVE_LOW_EXT.ACT_LO_EXT/ext_reset_in
    SLICE_X60Y8          LUT1 (Prop_lut1_I0_O)        0.045     1.721 r  fpga_mnist_i/proc_sys_reset_0/U0/EXT_LPF/ACTIVE_LOW_EXT.ACT_LO_EXT/GENERATE_LEVEL_P_S_CDC.SINGLE_BIT.CROSS_PLEVEL_IN2SCNDRY_IN_cdc_to_i_1/O
                         net (fo=1, routed)           0.000     1.721    fpga_mnist_i/proc_sys_reset_0/U0/EXT_LPF/ACTIVE_LOW_EXT.ACT_LO_EXT/exr_d1
    SLICE_X60Y8          FDRE                                         r  fpga_mnist_i/proc_sys_reset_0/U0/EXT_LPF/ACTIVE_LOW_EXT.ACT_LO_EXT/GENERATE_LEVEL_P_S_CDC.SINGLE_BIT.CROSS_PLEVEL_IN2SCNDRY_IN_cdc_to/D
  -------------------------------------------------------------------    -------------------

                         (clock clk_out1_fpga_mnist_clk_wiz_0_0 rise edge)
                                                      0.000     0.000 r  
    W5                                                0.000     0.000 r  sys_clock (IN)
                         net (fo=0)                   0.000     0.000    fpga_mnist_i/clk_wiz_0/inst/clk_in1
    W5                   IBUF (Prop_ibuf_I_O)         0.414     0.414 r  fpga_mnist_i/clk_wiz_0/inst/clkin1_ibufg/O
                         net (fo=1, routed)           0.480     0.894    fpga_mnist_i/clk_wiz_0/inst/clk_in1_fpga_mnist_clk_wiz_0_0
    MMCME2_ADV_X1Y0      MMCME2_ADV (Prop_mmcme2_adv_CLKIN1_CLKOUT0)
                                                     -3.142    -2.248 r  fpga_mnist_i/clk_wiz_0/inst/mmcm_adv_inst/CLKOUT0
                         net (fo=1, routed)           0.530    -1.718    fpga_mnist_i/clk_wiz_0/inst/clk_out1_fpga_mnist_clk_wiz_0_0
    BUFGCTRL_X0Y0        BUFG (Prop_bufg_I_O)         0.029    -1.689 r  fpga_mnist_i/clk_wiz_0/inst/clkout1_buf/O
                         net (fo=2173, routed)        0.863    -0.827    fpga_mnist_i/proc_sys_reset_0/U0/EXT_LPF/ACTIVE_LOW_EXT.ACT_LO_EXT/slowest_sync_clk
    SLICE_X60Y8          FDRE                                         r  fpga_mnist_i/proc_sys_reset_0/U0/EXT_LPF/ACTIVE_LOW_EXT.ACT_LO_EXT/GENERATE_LEVEL_P_S_CDC.SINGLE_BIT.CROSS_PLEVEL_IN2SCNDRY_IN_cdc_to/C

Slack:                    inf
  Source:                 usb_uart_rxd
                            (input port)
  Destination:            fpga_mnist_i/axi_uartlite_0/U0/UARTLITE_CORE_I/UARTLITE_RX_I/INPUT_DOUBLE_REGS3/GENERATE_LEVEL_P_S_CDC.SINGLE_BIT.CROSS_PLEVEL_IN2SCNDRY_IN_cdc_to/D
                            (rising edge-triggered cell FDRE clocked by clk_out1_fpga_mnist_clk_wiz_0_0  {rise@0.000ns fall@5.000ns period=10.000ns})
  Path Group:             (none)
  Path Type:              Hold (Min at Fast Process Corner)
  Data Path Delay:        2.416ns  (logic 0.224ns (9.282%)  route 2.192ns (90.718%))
  Logic Levels:           1  (IBUF=1)
  Clock Path Skew:        -0.859ns (DCD - SCD - CPR)
    Destination Clock Delay (DCD):    -0.859ns
    Source Clock Delay      (SCD):    0.000ns
    Clock Pessimism Removal (CPR):    -0.000ns
  Timing Exception:       False Path

    Location             Delay type                Incr(ns)  Path(ns)    Netlist Resource(s)
  -------------------------------------------------------------------    -------------------
    B18                                               0.000     0.000 r  usb_uart_rxd (IN)
                         net (fo=0)                   0.000     0.000    usb_uart_rxd
    B18                  IBUF (Prop_ibuf_I_O)         0.224     0.224 r  usb_uart_rxd_IBUF_inst/O
                         net (fo=1, routed)           2.192     2.416    fpga_mnist_i/axi_uartlite_0/U0/UARTLITE_CORE_I/UARTLITE_RX_I/INPUT_DOUBLE_REGS3/rx
    SLICE_X40Y11         FDRE                                         r  fpga_mnist_i/axi_uartlite_0/U0/UARTLITE_CORE_I/UARTLITE_RX_I/INPUT_DOUBLE_REGS3/GENERATE_LEVEL_P_S_CDC.SINGLE_BIT.CROSS_PLEVEL_IN2SCNDRY_IN_cdc_to/D
  -------------------------------------------------------------------    -------------------

                         (clock clk_out1_fpga_mnist_clk_wiz_0_0 rise edge)
                                                      0.000     0.000 r  
    W5                                                0.000     0.000 r  sys_clock (IN)
                         net (fo=0)                   0.000     0.000    fpga_mnist_i/clk_wiz_0/inst/clk_in1
    W5                   IBUF (Prop_ibuf_I_O)         0.414     0.414 r  fpga_mnist_i/clk_wiz_0/inst/clkin1_ibufg/O
                         net (fo=1, routed)           0.480     0.894    fpga_mnist_i/clk_wiz_0/inst/clk_in1_fpga_mnist_clk_wiz_0_0
    MMCME2_ADV_X1Y0      MMCME2_ADV (Prop_mmcme2_adv_CLKIN1_CLKOUT0)
                                                     -3.142    -2.248 r  fpga_mnist_i/clk_wiz_0/inst/mmcm_adv_inst/CLKOUT0
                         net (fo=1, routed)           0.530    -1.718    fpga_mnist_i/clk_wiz_0/inst/clk_out1_fpga_mnist_clk_wiz_0_0
    BUFGCTRL_X0Y0        BUFG (Prop_bufg_I_O)         0.029    -1.689 r  fpga_mnist_i/clk_wiz_0/inst/clkout1_buf/O
                         net (fo=2173, routed)        0.831    -0.859    fpga_mnist_i/axi_uartlite_0/U0/UARTLITE_CORE_I/UARTLITE_RX_I/INPUT_DOUBLE_REGS3/s_axi_aclk
    SLICE_X40Y11         FDRE                                         r  fpga_mnist_i/axi_uartlite_0/U0/UARTLITE_CORE_I/UARTLITE_RX_I/INPUT_DOUBLE_REGS3/GENERATE_LEVEL_P_S_CDC.SINGLE_BIT.CROSS_PLEVEL_IN2SCNDRY_IN_cdc_to/C





--------------------------------------------------------------------------------------
Path Group:  (none)
From Clock:  clk_out1_fpga_mnist_clk_wiz_0_0
  To Clock:  clk_out1_fpga_mnist_clk_wiz_0_0

Max Delay            77 Endpoints
Min Delay            77 Endpoints
--------------------------------------------------------------------------------------


Max Delay Paths
--------------------------------------------------------------------------------------
Slack:                    inf
  Source:                 fpga_mnist_i/proc_sys_reset_0/U0/ACTIVE_LOW_PR_OUT_DFF[0].FDRE_PER_N/C
                            (rising edge-triggered cell FDRE clocked by clk_out1_fpga_mnist_clk_wiz_0_0  {rise@0.000ns fall@5.000ns period=10.000ns})
  Destination:            fpga_mnist_i/axi_smc/inst/clk_map/psr_aclk/U0/EXT_LPF/ACTIVE_LOW_AUX.ACT_LO_AUX/GENERATE_LEVEL_P_S_CDC.SINGLE_BIT.CROSS_PLEVEL_IN2SCNDRY_IN_cdc_to/D
                            (rising edge-triggered cell FDRE clocked by clk_out1_fpga_mnist_clk_wiz_0_0  {rise@0.000ns fall@5.000ns period=10.000ns})
  Path Group:             (none)
  Path Type:              Setup (Max at Slow Process Corner)
  Data Path Delay:        3.007ns  (logic 0.668ns (22.218%)  route 2.339ns (77.782%))
  Logic Levels:           1  (LUT1=1)
  Clock Path Skew:        -0.678ns (DCD - SCD + CPR)
    Destination Clock Delay (DCD):    -1.552ns
    Source Clock Delay      (SCD):    -0.875ns
    Clock Pessimism Removal (CPR):    0.000ns
  Clock Uncertainty:      0.074ns  ((TSJ^2 + DJ^2)^1/2) / 2 + PE
    Total System Jitter     (TSJ):    0.071ns
    Discrete Jitter          (DJ):    0.131ns
    Phase Error              (PE):    0.000ns
  Timing Exception:       False Path

    Location             Delay type                Incr(ns)  Path(ns)    Netlist Resource(s)
  -------------------------------------------------------------------    -------------------
                         (clock clk_out1_fpga_mnist_clk_wiz_0_0 rise edge)
                                                      0.000     0.000 r  
    W5                                                0.000     0.000 r  sys_clock (IN)
                         net (fo=0)                   0.000     0.000    fpga_mnist_i/clk_wiz_0/inst/clk_in1
    W5                   IBUF (Prop_ibuf_I_O)         1.458     1.458 r  fpga_mnist_i/clk_wiz_0/inst/clkin1_ibufg/O
                         net (fo=1, routed)           1.233     2.691    fpga_mnist_i/clk_wiz_0/inst/clk_in1_fpga_mnist_clk_wiz_0_0
    MMCME2_ADV_X1Y0      MMCME2_ADV (Prop_mmcme2_adv_CLKIN1_CLKOUT0)
                                                     -6.961    -4.269 r  fpga_mnist_i/clk_wiz_0/inst/mmcm_adv_inst/CLKOUT0
                         net (fo=1, routed)           1.661    -2.608    fpga_mnist_i/clk_wiz_0/inst/clk_out1_fpga_mnist_clk_wiz_0_0
    BUFGCTRL_X0Y0        BUFG (Prop_bufg_I_O)         0.096    -2.512 r  fpga_mnist_i/clk_wiz_0/inst/clkout1_buf/O
                         net (fo=2173, routed)        1.637    -0.875    fpga_mnist_i/proc_sys_reset_0/U0/slowest_sync_clk
    SLICE_X60Y5          FDRE                                         r  fpga_mnist_i/proc_sys_reset_0/U0/ACTIVE_LOW_PR_OUT_DFF[0].FDRE_PER_N/C
  -------------------------------------------------------------------    -------------------
    SLICE_X60Y5          FDRE (Prop_fdre_C_Q)         0.518    -0.357 f  fpga_mnist_i/proc_sys_reset_0/U0/ACTIVE_LOW_PR_OUT_DFF[0].FDRE_PER_N/Q
                         net (fo=31, routed)          1.605     1.248    fpga_mnist_i/axi_smc/inst/clk_map/psr_aclk/U0/EXT_LPF/ACTIVE_LOW_AUX.ACT_LO_AUX/aresetn
    SLICE_X47Y8          LUT1 (Prop_lut1_I0_O)        0.150     1.398 r  fpga_mnist_i/axi_smc/inst/clk_map/psr_aclk/U0/EXT_LPF/ACTIVE_LOW_AUX.ACT_LO_AUX/GENERATE_LEVEL_P_S_CDC.SINGLE_BIT.CROSS_PLEVEL_IN2SCNDRY_IN_cdc_to_i_1/O
                         net (fo=1, routed)           0.734     2.132    fpga_mnist_i/axi_smc/inst/clk_map/psr_aclk/U0/EXT_LPF/ACTIVE_LOW_AUX.ACT_LO_AUX/asr_d1
    SLICE_X36Y9          FDRE                                         r  fpga_mnist_i/axi_smc/inst/clk_map/psr_aclk/U0/EXT_LPF/ACTIVE_LOW_AUX.ACT_LO_AUX/GENERATE_LEVEL_P_S_CDC.SINGLE_BIT.CROSS_PLEVEL_IN2SCNDRY_IN_cdc_to/D
  -------------------------------------------------------------------    -------------------

                         (clock clk_out1_fpga_mnist_clk_wiz_0_0 rise edge)
                                                      0.000     0.000 r  
    W5                                                0.000     0.000 r  sys_clock (IN)
                         net (fo=0)                   0.000     0.000    fpga_mnist_i/clk_wiz_0/inst/clk_in1
    W5                   IBUF (Prop_ibuf_I_O)         1.388     1.388 r  fpga_mnist_i/clk_wiz_0/inst/clkin1_ibufg/O
                         net (fo=1, routed)           1.162     2.550    fpga_mnist_i/clk_wiz_0/inst/clk_in1_fpga_mnist_clk_wiz_0_0
    MMCME2_ADV_X1Y0      MMCME2_ADV (Prop_mmcme2_adv_CLKIN1_CLKOUT0)
                                                     -7.217    -4.668 r  fpga_mnist_i/clk_wiz_0/inst/mmcm_adv_inst/CLKOUT0
                         net (fo=1, routed)           1.581    -3.086    fpga_mnist_i/clk_wiz_0/inst/clk_out1_fpga_mnist_clk_wiz_0_0
    BUFGCTRL_X0Y0        BUFG (Prop_bufg_I_O)         0.091    -2.995 r  fpga_mnist_i/clk_wiz_0/inst/clkout1_buf/O
                         net (fo=2173, routed)        1.443    -1.552    fpga_mnist_i/axi_smc/inst/clk_map/psr_aclk/U0/EXT_LPF/ACTIVE_LOW_AUX.ACT_LO_AUX/aclk
    SLICE_X36Y9          FDRE                                         r  fpga_mnist_i/axi_smc/inst/clk_map/psr_aclk/U0/EXT_LPF/ACTIVE_LOW_AUX.ACT_LO_AUX/GENERATE_LEVEL_P_S_CDC.SINGLE_BIT.CROSS_PLEVEL_IN2SCNDRY_IN_cdc_to/C

Slack:                    inf
  Source:                 fpga_mnist_i/axi_smc/inst/clk_map/psr_aclk/U0/ACTIVE_LOW_BSR_OUT_DFF[0].FDRE_BSR_N/C
                            (rising edge-triggered cell FDRE clocked by clk_out1_fpga_mnist_clk_wiz_0_0  {rise@0.000ns fall@5.000ns period=10.000ns})
  Destination:            <hidden>
                            (recovery check against rising-edge clock clk_out1_fpga_mnist_clk_wiz_0_0  {rise@0.000ns fall@5.000ns period=10.000ns})
  Path Group:             (none)
  Path Type:              Recovery (Max at Slow Process Corner)
  Data Path Delay:        2.777ns  (logic 0.674ns (24.273%)  route 2.103ns (75.727%))
  Logic Levels:           1  (LUT1=1)
  Clock Path Skew:        -0.610ns (DCD - SCD + CPR)
    Destination Clock Delay (DCD):    -1.562ns
    Source Clock Delay      (SCD):    -0.953ns
    Clock Pessimism Removal (CPR):    0.000ns
  Clock Uncertainty:      0.074ns  ((TSJ^2 + DJ^2)^1/2) / 2 + PE
    Total System Jitter     (TSJ):    0.071ns
    Discrete Jitter          (DJ):    0.131ns
    Phase Error              (PE):    0.000ns
  Timing Exception:       False Path

    Location             Delay type                Incr(ns)  Path(ns)    Netlist Resource(s)
  -------------------------------------------------------------------    -------------------
                         (clock clk_out1_fpga_mnist_clk_wiz_0_0 rise edge)
                                                      0.000     0.000 r  
    W5                                                0.000     0.000 r  sys_clock (IN)
                         net (fo=0)                   0.000     0.000    fpga_mnist_i/clk_wiz_0/inst/clk_in1
    W5                   IBUF (Prop_ibuf_I_O)         1.458     1.458 r  fpga_mnist_i/clk_wiz_0/inst/clkin1_ibufg/O
                         net (fo=1, routed)           1.233     2.691    fpga_mnist_i/clk_wiz_0/inst/clk_in1_fpga_mnist_clk_wiz_0_0
    MMCME2_ADV_X1Y0      MMCME2_ADV (Prop_mmcme2_adv_CLKIN1_CLKOUT0)
                                                     -6.961    -4.269 r  fpga_mnist_i/clk_wiz_0/inst/mmcm_adv_inst/CLKOUT0
                         net (fo=1, routed)           1.661    -2.608    fpga_mnist_i/clk_wiz_0/inst/clk_out1_fpga_mnist_clk_wiz_0_0
    BUFGCTRL_X0Y0        BUFG (Prop_bufg_I_O)         0.096    -2.512 r  fpga_mnist_i/clk_wiz_0/inst/clkout1_buf/O
                         net (fo=2173, routed)        1.559    -0.953    fpga_mnist_i/axi_smc/inst/clk_map/psr_aclk/U0/aclk
    SLICE_X34Y14         FDRE                                         r  fpga_mnist_i/axi_smc/inst/clk_map/psr_aclk/U0/ACTIVE_LOW_BSR_OUT_DFF[0].FDRE_BSR_N/C
  -------------------------------------------------------------------    -------------------
    SLICE_X34Y14         FDRE (Prop_fdre_C_Q)         0.518    -0.435 r  fpga_mnist_i/axi_smc/inst/clk_map/psr_aclk/U0/ACTIVE_LOW_BSR_OUT_DFF[0].FDRE_BSR_N/Q
                         net (fo=25, routed)          1.477     1.043    <hidden>
    SLICE_X34Y20         LUT1 (Prop_lut1_I0_O)        0.156     1.199 f  <hidden>
                         net (fo=3, routed)           0.625     1.824    <hidden>
    SLICE_X34Y20         FDCE                                         f  <hidden>
  -------------------------------------------------------------------    -------------------

                         (clock clk_out1_fpga_mnist_clk_wiz_0_0 rise edge)
                                                      0.000     0.000 r  
    W5                                                0.000     0.000 r  sys_clock (IN)
                         net (fo=0)                   0.000     0.000    fpga_mnist_i/clk_wiz_0/inst/clk_in1
    W5                   IBUF (Prop_ibuf_I_O)         1.388     1.388 r  fpga_mnist_i/clk_wiz_0/inst/clkin1_ibufg/O
                         net (fo=1, routed)           1.162     2.550    fpga_mnist_i/clk_wiz_0/inst/clk_in1_fpga_mnist_clk_wiz_0_0
    MMCME2_ADV_X1Y0      MMCME2_ADV (Prop_mmcme2_adv_CLKIN1_CLKOUT0)
                                                     -7.217    -4.668 r  fpga_mnist_i/clk_wiz_0/inst/mmcm_adv_inst/CLKOUT0
                         net (fo=1, routed)           1.581    -3.086    fpga_mnist_i/clk_wiz_0/inst/clk_out1_fpga_mnist_clk_wiz_0_0
    BUFGCTRL_X0Y0        BUFG (Prop_bufg_I_O)         0.091    -2.995 r  fpga_mnist_i/clk_wiz_0/inst/clkout1_buf/O
                         net (fo=2173, routed)        1.433    -1.562    <hidden>
    SLICE_X34Y20         FDCE                                         r  <hidden>

Slack:                    inf
  Source:                 fpga_mnist_i/axi_smc/inst/clk_map/psr_aclk/U0/ACTIVE_LOW_BSR_OUT_DFF[0].FDRE_BSR_N/C
                            (rising edge-triggered cell FDRE clocked by clk_out1_fpga_mnist_clk_wiz_0_0  {rise@0.000ns fall@5.000ns period=10.000ns})
  Destination:            <hidden>
                            (recovery check against rising-edge clock clk_out1_fpga_mnist_clk_wiz_0_0  {rise@0.000ns fall@5.000ns period=10.000ns})
  Path Group:             (none)
  Path Type:              Recovery (Max at Slow Process Corner)
  Data Path Delay:        2.777ns  (logic 0.674ns (24.273%)  route 2.103ns (75.727%))
  Logic Levels:           1  (LUT1=1)
  Clock Path Skew:        -0.610ns (DCD - SCD + CPR)
    Destination Clock Delay (DCD):    -1.562ns
    Source Clock Delay      (SCD):    -0.953ns
    Clock Pessimism Removal (CPR):    0.000ns
  Clock Uncertainty:      0.074ns  ((TSJ^2 + DJ^2)^1/2) / 2 + PE
    Total System Jitter     (TSJ):    0.071ns
    Discrete Jitter          (DJ):    0.131ns
    Phase Error              (PE):    0.000ns
  Timing Exception:       False Path

    Location             Delay type                Incr(ns)  Path(ns)    Netlist Resource(s)
  -------------------------------------------------------------------    -------------------
                         (clock clk_out1_fpga_mnist_clk_wiz_0_0 rise edge)
                                                      0.000     0.000 r  
    W5                                                0.000     0.000 r  sys_clock (IN)
                         net (fo=0)                   0.000     0.000    fpga_mnist_i/clk_wiz_0/inst/clk_in1
    W5                   IBUF (Prop_ibuf_I_O)         1.458     1.458 r  fpga_mnist_i/clk_wiz_0/inst/clkin1_ibufg/O
                         net (fo=1, routed)           1.233     2.691    fpga_mnist_i/clk_wiz_0/inst/clk_in1_fpga_mnist_clk_wiz_0_0
    MMCME2_ADV_X1Y0      MMCME2_ADV (Prop_mmcme2_adv_CLKIN1_CLKOUT0)
                                                     -6.961    -4.269 r  fpga_mnist_i/clk_wiz_0/inst/mmcm_adv_inst/CLKOUT0
                         net (fo=1, routed)           1.661    -2.608    fpga_mnist_i/clk_wiz_0/inst/clk_out1_fpga_mnist_clk_wiz_0_0
    BUFGCTRL_X0Y0        BUFG (Prop_bufg_I_O)         0.096    -2.512 r  fpga_mnist_i/clk_wiz_0/inst/clkout1_buf/O
                         net (fo=2173, routed)        1.559    -0.953    fpga_mnist_i/axi_smc/inst/clk_map/psr_aclk/U0/aclk
    SLICE_X34Y14         FDRE                                         r  fpga_mnist_i/axi_smc/inst/clk_map/psr_aclk/U0/ACTIVE_LOW_BSR_OUT_DFF[0].FDRE_BSR_N/C
  -------------------------------------------------------------------    -------------------
    SLICE_X34Y14         FDRE (Prop_fdre_C_Q)         0.518    -0.435 r  fpga_mnist_i/axi_smc/inst/clk_map/psr_aclk/U0/ACTIVE_LOW_BSR_OUT_DFF[0].FDRE_BSR_N/Q
                         net (fo=25, routed)          1.477     1.043    <hidden>
    SLICE_X34Y20         LUT1 (Prop_lut1_I0_O)        0.156     1.199 f  <hidden>
                         net (fo=3, routed)           0.625     1.824    <hidden>
    SLICE_X34Y20         FDCE                                         f  <hidden>
  -------------------------------------------------------------------    -------------------

                         (clock clk_out1_fpga_mnist_clk_wiz_0_0 rise edge)
                                                      0.000     0.000 r  
    W5                                                0.000     0.000 r  sys_clock (IN)
                         net (fo=0)                   0.000     0.000    fpga_mnist_i/clk_wiz_0/inst/clk_in1
    W5                   IBUF (Prop_ibuf_I_O)         1.388     1.388 r  fpga_mnist_i/clk_wiz_0/inst/clkin1_ibufg/O
                         net (fo=1, routed)           1.162     2.550    fpga_mnist_i/clk_wiz_0/inst/clk_in1_fpga_mnist_clk_wiz_0_0
    MMCME2_ADV_X1Y0      MMCME2_ADV (Prop_mmcme2_adv_CLKIN1_CLKOUT0)
                                                     -7.217    -4.668 r  fpga_mnist_i/clk_wiz_0/inst/mmcm_adv_inst/CLKOUT0
                         net (fo=1, routed)           1.581    -3.086    fpga_mnist_i/clk_wiz_0/inst/clk_out1_fpga_mnist_clk_wiz_0_0
    BUFGCTRL_X0Y0        BUFG (Prop_bufg_I_O)         0.091    -2.995 r  fpga_mnist_i/clk_wiz_0/inst/clkout1_buf/O
                         net (fo=2173, routed)        1.433    -1.562    <hidden>
    SLICE_X34Y20         FDCE                                         r  <hidden>

Slack:                    inf
  Source:                 fpga_mnist_i/axi_smc/inst/clk_map/psr_aclk/U0/ACTIVE_LOW_BSR_OUT_DFF[0].FDRE_BSR_N/C
                            (rising edge-triggered cell FDRE clocked by clk_out1_fpga_mnist_clk_wiz_0_0  {rise@0.000ns fall@5.000ns period=10.000ns})
  Destination:            <hidden>
                            (recovery check against rising-edge clock clk_out1_fpga_mnist_clk_wiz_0_0  {rise@0.000ns fall@5.000ns period=10.000ns})
  Path Group:             (none)
  Path Type:              Recovery (Max at Slow Process Corner)
  Data Path Delay:        2.777ns  (logic 0.674ns (24.273%)  route 2.103ns (75.727%))
  Logic Levels:           1  (LUT1=1)
  Clock Path Skew:        -0.610ns (DCD - SCD + CPR)
    Destination Clock Delay (DCD):    -1.562ns
    Source Clock Delay      (SCD):    -0.953ns
    Clock Pessimism Removal (CPR):    0.000ns
  Clock Uncertainty:      0.074ns  ((TSJ^2 + DJ^2)^1/2) / 2 + PE
    Total System Jitter     (TSJ):    0.071ns
    Discrete Jitter          (DJ):    0.131ns
    Phase Error              (PE):    0.000ns
  Timing Exception:       False Path

    Location             Delay type                Incr(ns)  Path(ns)    Netlist Resource(s)
  -------------------------------------------------------------------    -------------------
                         (clock clk_out1_fpga_mnist_clk_wiz_0_0 rise edge)
                                                      0.000     0.000 r  
    W5                                                0.000     0.000 r  sys_clock (IN)
                         net (fo=0)                   0.000     0.000    fpga_mnist_i/clk_wiz_0/inst/clk_in1
    W5                   IBUF (Prop_ibuf_I_O)         1.458     1.458 r  fpga_mnist_i/clk_wiz_0/inst/clkin1_ibufg/O
                         net (fo=1, routed)           1.233     2.691    fpga_mnist_i/clk_wiz_0/inst/clk_in1_fpga_mnist_clk_wiz_0_0
    MMCME2_ADV_X1Y0      MMCME2_ADV (Prop_mmcme2_adv_CLKIN1_CLKOUT0)
                                                     -6.961    -4.269 r  fpga_mnist_i/clk_wiz_0/inst/mmcm_adv_inst/CLKOUT0
                         net (fo=1, routed)           1.661    -2.608    fpga_mnist_i/clk_wiz_0/inst/clk_out1_fpga_mnist_clk_wiz_0_0
    BUFGCTRL_X0Y0        BUFG (Prop_bufg_I_O)         0.096    -2.512 r  fpga_mnist_i/clk_wiz_0/inst/clkout1_buf/O
                         net (fo=2173, routed)        1.559    -0.953    fpga_mnist_i/axi_smc/inst/clk_map/psr_aclk/U0/aclk
    SLICE_X34Y14         FDRE                                         r  fpga_mnist_i/axi_smc/inst/clk_map/psr_aclk/U0/ACTIVE_LOW_BSR_OUT_DFF[0].FDRE_BSR_N/C
  -------------------------------------------------------------------    -------------------
    SLICE_X34Y14         FDRE (Prop_fdre_C_Q)         0.518    -0.435 r  fpga_mnist_i/axi_smc/inst/clk_map/psr_aclk/U0/ACTIVE_LOW_BSR_OUT_DFF[0].FDRE_BSR_N/Q
                         net (fo=25, routed)          1.477     1.043    <hidden>
    SLICE_X34Y20         LUT1 (Prop_lut1_I0_O)        0.156     1.199 f  <hidden>
                         net (fo=3, routed)           0.625     1.824    <hidden>
    SLICE_X34Y20         FDCE                                         f  <hidden>
  -------------------------------------------------------------------    -------------------

                         (clock clk_out1_fpga_mnist_clk_wiz_0_0 rise edge)
                                                      0.000     0.000 r  
    W5                                                0.000     0.000 r  sys_clock (IN)
                         net (fo=0)                   0.000     0.000    fpga_mnist_i/clk_wiz_0/inst/clk_in1
    W5                   IBUF (Prop_ibuf_I_O)         1.388     1.388 r  fpga_mnist_i/clk_wiz_0/inst/clkin1_ibufg/O
                         net (fo=1, routed)           1.162     2.550    fpga_mnist_i/clk_wiz_0/inst/clk_in1_fpga_mnist_clk_wiz_0_0
    MMCME2_ADV_X1Y0      MMCME2_ADV (Prop_mmcme2_adv_CLKIN1_CLKOUT0)
                                                     -7.217    -4.668 r  fpga_mnist_i/clk_wiz_0/inst/mmcm_adv_inst/CLKOUT0
                         net (fo=1, routed)           1.581    -3.086    fpga_mnist_i/clk_wiz_0/inst/clk_out1_fpga_mnist_clk_wiz_0_0
    BUFGCTRL_X0Y0        BUFG (Prop_bufg_I_O)         0.091    -2.995 r  fpga_mnist_i/clk_wiz_0/inst/clkout1_buf/O
                         net (fo=2173, routed)        1.433    -1.562    <hidden>
    SLICE_X34Y20         FDCE                                         r  <hidden>

Slack:                    inf
  Source:                 fpga_mnist_i/axi_smc/inst/clk_map/psr_aclk/U0/ACTIVE_LOW_BSR_OUT_DFF[0].FDRE_BSR_N/C
                            (rising edge-triggered cell FDRE clocked by clk_out1_fpga_mnist_clk_wiz_0_0  {rise@0.000ns fall@5.000ns period=10.000ns})
  Destination:            <hidden>
                            (recovery check against rising-edge clock clk_out1_fpga_mnist_clk_wiz_0_0  {rise@0.000ns fall@5.000ns period=10.000ns})
  Path Group:             (none)
  Path Type:              Recovery (Max at Slow Process Corner)
  Data Path Delay:        2.740ns  (logic 0.671ns (24.487%)  route 2.069ns (75.513%))
  Logic Levels:           1  (LUT1=1)
  Clock Path Skew:        -0.611ns (DCD - SCD + CPR)
    Destination Clock Delay (DCD):    -1.563ns
    Source Clock Delay      (SCD):    -0.953ns
    Clock Pessimism Removal (CPR):    0.000ns
  Clock Uncertainty:      0.074ns  ((TSJ^2 + DJ^2)^1/2) / 2 + PE
    Total System Jitter     (TSJ):    0.071ns
    Discrete Jitter          (DJ):    0.131ns
    Phase Error              (PE):    0.000ns
  Timing Exception:       False Path

    Location             Delay type                Incr(ns)  Path(ns)    Netlist Resource(s)
  -------------------------------------------------------------------    -------------------
                         (clock clk_out1_fpga_mnist_clk_wiz_0_0 rise edge)
                                                      0.000     0.000 r  
    W5                                                0.000     0.000 r  sys_clock (IN)
                         net (fo=0)                   0.000     0.000    fpga_mnist_i/clk_wiz_0/inst/clk_in1
    W5                   IBUF (Prop_ibuf_I_O)         1.458     1.458 r  fpga_mnist_i/clk_wiz_0/inst/clkin1_ibufg/O
                         net (fo=1, routed)           1.233     2.691    fpga_mnist_i/clk_wiz_0/inst/clk_in1_fpga_mnist_clk_wiz_0_0
    MMCME2_ADV_X1Y0      MMCME2_ADV (Prop_mmcme2_adv_CLKIN1_CLKOUT0)
                                                     -6.961    -4.269 r  fpga_mnist_i/clk_wiz_0/inst/mmcm_adv_inst/CLKOUT0
                         net (fo=1, routed)           1.661    -2.608    fpga_mnist_i/clk_wiz_0/inst/clk_out1_fpga_mnist_clk_wiz_0_0
    BUFGCTRL_X0Y0        BUFG (Prop_bufg_I_O)         0.096    -2.512 r  fpga_mnist_i/clk_wiz_0/inst/clkout1_buf/O
                         net (fo=2173, routed)        1.559    -0.953    fpga_mnist_i/axi_smc/inst/clk_map/psr_aclk/U0/aclk
    SLICE_X34Y14         FDRE                                         r  fpga_mnist_i/axi_smc/inst/clk_map/psr_aclk/U0/ACTIVE_LOW_BSR_OUT_DFF[0].FDRE_BSR_N/C
  -------------------------------------------------------------------    -------------------
    SLICE_X34Y14         FDRE (Prop_fdre_C_Q)         0.518    -0.435 r  fpga_mnist_i/axi_smc/inst/clk_map/psr_aclk/U0/ACTIVE_LOW_BSR_OUT_DFF[0].FDRE_BSR_N/Q
                         net (fo=25, routed)          1.458     1.024    <hidden>
    SLICE_X34Y20         LUT1 (Prop_lut1_I0_O)        0.153     1.177 f  <hidden>
                         net (fo=3, routed)           0.611     1.788    <hidden>
    SLICE_X34Y21         FDCE                                         f  <hidden>
  -------------------------------------------------------------------    -------------------

                         (clock clk_out1_fpga_mnist_clk_wiz_0_0 rise edge)
                                                      0.000     0.000 r  
    W5                                                0.000     0.000 r  sys_clock (IN)
                         net (fo=0)                   0.000     0.000    fpga_mnist_i/clk_wiz_0/inst/clk_in1
    W5                   IBUF (Prop_ibuf_I_O)         1.388     1.388 r  fpga_mnist_i/clk_wiz_0/inst/clkin1_ibufg/O
                         net (fo=1, routed)           1.162     2.550    fpga_mnist_i/clk_wiz_0/inst/clk_in1_fpga_mnist_clk_wiz_0_0
    MMCME2_ADV_X1Y0      MMCME2_ADV (Prop_mmcme2_adv_CLKIN1_CLKOUT0)
                                                     -7.217    -4.668 r  fpga_mnist_i/clk_wiz_0/inst/mmcm_adv_inst/CLKOUT0
                         net (fo=1, routed)           1.581    -3.086    fpga_mnist_i/clk_wiz_0/inst/clk_out1_fpga_mnist_clk_wiz_0_0
    BUFGCTRL_X0Y0        BUFG (Prop_bufg_I_O)         0.091    -2.995 r  fpga_mnist_i/clk_wiz_0/inst/clkout1_buf/O
                         net (fo=2173, routed)        1.432    -1.563    <hidden>
    SLICE_X34Y21         FDCE                                         r  <hidden>

Slack:                    inf
  Source:                 fpga_mnist_i/axi_smc/inst/clk_map/psr_aclk/U0/ACTIVE_LOW_BSR_OUT_DFF[0].FDRE_BSR_N/C
                            (rising edge-triggered cell FDRE clocked by clk_out1_fpga_mnist_clk_wiz_0_0  {rise@0.000ns fall@5.000ns period=10.000ns})
  Destination:            <hidden>
                            (recovery check against rising-edge clock clk_out1_fpga_mnist_clk_wiz_0_0  {rise@0.000ns fall@5.000ns period=10.000ns})
  Path Group:             (none)
  Path Type:              Recovery (Max at Slow Process Corner)
  Data Path Delay:        2.740ns  (logic 0.671ns (24.487%)  route 2.069ns (75.513%))
  Logic Levels:           1  (LUT1=1)
  Clock Path Skew:        -0.611ns (DCD - SCD + CPR)
    Destination Clock Delay (DCD):    -1.563ns
    Source Clock Delay      (SCD):    -0.953ns
    Clock Pessimism Removal (CPR):    0.000ns
  Clock Uncertainty:      0.074ns  ((TSJ^2 + DJ^2)^1/2) / 2 + PE
    Total System Jitter     (TSJ):    0.071ns
    Discrete Jitter          (DJ):    0.131ns
    Phase Error              (PE):    0.000ns
  Timing Exception:       False Path

    Location             Delay type                Incr(ns)  Path(ns)    Netlist Resource(s)
  -------------------------------------------------------------------    -------------------
                         (clock clk_out1_fpga_mnist_clk_wiz_0_0 rise edge)
                                                      0.000     0.000 r  
    W5                                                0.000     0.000 r  sys_clock (IN)
                         net (fo=0)                   0.000     0.000    fpga_mnist_i/clk_wiz_0/inst/clk_in1
    W5                   IBUF (Prop_ibuf_I_O)         1.458     1.458 r  fpga_mnist_i/clk_wiz_0/inst/clkin1_ibufg/O
                         net (fo=1, routed)           1.233     2.691    fpga_mnist_i/clk_wiz_0/inst/clk_in1_fpga_mnist_clk_wiz_0_0
    MMCME2_ADV_X1Y0      MMCME2_ADV (Prop_mmcme2_adv_CLKIN1_CLKOUT0)
                                                     -6.961    -4.269 r  fpga_mnist_i/clk_wiz_0/inst/mmcm_adv_inst/CLKOUT0
                         net (fo=1, routed)           1.661    -2.608    fpga_mnist_i/clk_wiz_0/inst/clk_out1_fpga_mnist_clk_wiz_0_0
    BUFGCTRL_X0Y0        BUFG (Prop_bufg_I_O)         0.096    -2.512 r  fpga_mnist_i/clk_wiz_0/inst/clkout1_buf/O
                         net (fo=2173, routed)        1.559    -0.953    fpga_mnist_i/axi_smc/inst/clk_map/psr_aclk/U0/aclk
    SLICE_X34Y14         FDRE                                         r  fpga_mnist_i/axi_smc/inst/clk_map/psr_aclk/U0/ACTIVE_LOW_BSR_OUT_DFF[0].FDRE_BSR_N/C
  -------------------------------------------------------------------    -------------------
    SLICE_X34Y14         FDRE (Prop_fdre_C_Q)         0.518    -0.435 r  fpga_mnist_i/axi_smc/inst/clk_map/psr_aclk/U0/ACTIVE_LOW_BSR_OUT_DFF[0].FDRE_BSR_N/Q
                         net (fo=25, routed)          1.458     1.024    <hidden>
    SLICE_X34Y20         LUT1 (Prop_lut1_I0_O)        0.153     1.177 f  <hidden>
                         net (fo=3, routed)           0.611     1.788    <hidden>
    SLICE_X34Y21         FDCE                                         f  <hidden>
  -------------------------------------------------------------------    -------------------

                         (clock clk_out1_fpga_mnist_clk_wiz_0_0 rise edge)
                                                      0.000     0.000 r  
    W5                                                0.000     0.000 r  sys_clock (IN)
                         net (fo=0)                   0.000     0.000    fpga_mnist_i/clk_wiz_0/inst/clk_in1
    W5                   IBUF (Prop_ibuf_I_O)         1.388     1.388 r  fpga_mnist_i/clk_wiz_0/inst/clkin1_ibufg/O
                         net (fo=1, routed)           1.162     2.550    fpga_mnist_i/clk_wiz_0/inst/clk_in1_fpga_mnist_clk_wiz_0_0
    MMCME2_ADV_X1Y0      MMCME2_ADV (Prop_mmcme2_adv_CLKIN1_CLKOUT0)
                                                     -7.217    -4.668 r  fpga_mnist_i/clk_wiz_0/inst/mmcm_adv_inst/CLKOUT0
                         net (fo=1, routed)           1.581    -3.086    fpga_mnist_i/clk_wiz_0/inst/clk_out1_fpga_mnist_clk_wiz_0_0
    BUFGCTRL_X0Y0        BUFG (Prop_bufg_I_O)         0.091    -2.995 r  fpga_mnist_i/clk_wiz_0/inst/clkout1_buf/O
                         net (fo=2173, routed)        1.432    -1.563    <hidden>
    SLICE_X34Y21         FDCE                                         r  <hidden>

Slack:                    inf
  Source:                 fpga_mnist_i/axi_smc/inst/clk_map/psr_aclk/U0/ACTIVE_LOW_BSR_OUT_DFF[0].FDRE_BSR_N/C
                            (rising edge-triggered cell FDRE clocked by clk_out1_fpga_mnist_clk_wiz_0_0  {rise@0.000ns fall@5.000ns period=10.000ns})
  Destination:            <hidden>
                            (recovery check against rising-edge clock clk_out1_fpga_mnist_clk_wiz_0_0  {rise@0.000ns fall@5.000ns period=10.000ns})
  Path Group:             (none)
  Path Type:              Recovery (Max at Slow Process Corner)
  Data Path Delay:        2.740ns  (logic 0.671ns (24.487%)  route 2.069ns (75.513%))
  Logic Levels:           1  (LUT1=1)
  Clock Path Skew:        -0.611ns (DCD - SCD + CPR)
    Destination Clock Delay (DCD):    -1.563ns
    Source Clock Delay      (SCD):    -0.953ns
    Clock Pessimism Removal (CPR):    0.000ns
  Clock Uncertainty:      0.074ns  ((TSJ^2 + DJ^2)^1/2) / 2 + PE
    Total System Jitter     (TSJ):    0.071ns
    Discrete Jitter          (DJ):    0.131ns
    Phase Error              (PE):    0.000ns
  Timing Exception:       False Path

    Location             Delay type                Incr(ns)  Path(ns)    Netlist Resource(s)
  -------------------------------------------------------------------    -------------------
                         (clock clk_out1_fpga_mnist_clk_wiz_0_0 rise edge)
                                                      0.000     0.000 r  
    W5                                                0.000     0.000 r  sys_clock (IN)
                         net (fo=0)                   0.000     0.000    fpga_mnist_i/clk_wiz_0/inst/clk_in1
    W5                   IBUF (Prop_ibuf_I_O)         1.458     1.458 r  fpga_mnist_i/clk_wiz_0/inst/clkin1_ibufg/O
                         net (fo=1, routed)           1.233     2.691    fpga_mnist_i/clk_wiz_0/inst/clk_in1_fpga_mnist_clk_wiz_0_0
    MMCME2_ADV_X1Y0      MMCME2_ADV (Prop_mmcme2_adv_CLKIN1_CLKOUT0)
                                                     -6.961    -4.269 r  fpga_mnist_i/clk_wiz_0/inst/mmcm_adv_inst/CLKOUT0
                         net (fo=1, routed)           1.661    -2.608    fpga_mnist_i/clk_wiz_0/inst/clk_out1_fpga_mnist_clk_wiz_0_0
    BUFGCTRL_X0Y0        BUFG (Prop_bufg_I_O)         0.096    -2.512 r  fpga_mnist_i/clk_wiz_0/inst/clkout1_buf/O
                         net (fo=2173, routed)        1.559    -0.953    fpga_mnist_i/axi_smc/inst/clk_map/psr_aclk/U0/aclk
    SLICE_X34Y14         FDRE                                         r  fpga_mnist_i/axi_smc/inst/clk_map/psr_aclk/U0/ACTIVE_LOW_BSR_OUT_DFF[0].FDRE_BSR_N/C
  -------------------------------------------------------------------    -------------------
    SLICE_X34Y14         FDRE (Prop_fdre_C_Q)         0.518    -0.435 r  fpga_mnist_i/axi_smc/inst/clk_map/psr_aclk/U0/ACTIVE_LOW_BSR_OUT_DFF[0].FDRE_BSR_N/Q
                         net (fo=25, routed)          1.458     1.024    <hidden>
    SLICE_X34Y20         LUT1 (Prop_lut1_I0_O)        0.153     1.177 f  <hidden>
                         net (fo=3, routed)           0.611     1.788    <hidden>
    SLICE_X34Y21         FDCE                                         f  <hidden>
  -------------------------------------------------------------------    -------------------

                         (clock clk_out1_fpga_mnist_clk_wiz_0_0 rise edge)
                                                      0.000     0.000 r  
    W5                                                0.000     0.000 r  sys_clock (IN)
                         net (fo=0)                   0.000     0.000    fpga_mnist_i/clk_wiz_0/inst/clk_in1
    W5                   IBUF (Prop_ibuf_I_O)         1.388     1.388 r  fpga_mnist_i/clk_wiz_0/inst/clkin1_ibufg/O
                         net (fo=1, routed)           1.162     2.550    fpga_mnist_i/clk_wiz_0/inst/clk_in1_fpga_mnist_clk_wiz_0_0
    MMCME2_ADV_X1Y0      MMCME2_ADV (Prop_mmcme2_adv_CLKIN1_CLKOUT0)
                                                     -7.217    -4.668 r  fpga_mnist_i/clk_wiz_0/inst/mmcm_adv_inst/CLKOUT0
                         net (fo=1, routed)           1.581    -3.086    fpga_mnist_i/clk_wiz_0/inst/clk_out1_fpga_mnist_clk_wiz_0_0
    BUFGCTRL_X0Y0        BUFG (Prop_bufg_I_O)         0.091    -2.995 r  fpga_mnist_i/clk_wiz_0/inst/clkout1_buf/O
                         net (fo=2173, routed)        1.432    -1.563    <hidden>
    SLICE_X34Y21         FDCE                                         r  <hidden>

Slack:                    inf
  Source:                 fpga_mnist_i/axi_smc/inst/clk_map/psr_aclk/U0/ACTIVE_LOW_BSR_OUT_DFF[0].FDRE_BSR_N/C
                            (rising edge-triggered cell FDRE clocked by clk_out1_fpga_mnist_clk_wiz_0_0  {rise@0.000ns fall@5.000ns period=10.000ns})
  Destination:            <hidden>
                            (recovery check against rising-edge clock clk_out1_fpga_mnist_clk_wiz_0_0  {rise@0.000ns fall@5.000ns period=10.000ns})
  Path Group:             (none)
  Path Type:              Recovery (Max at Slow Process Corner)
  Data Path Delay:        2.726ns  (logic 0.642ns (23.552%)  route 2.084ns (76.448%))
  Logic Levels:           1  (LUT1=1)
  Clock Path Skew:        -0.608ns (DCD - SCD + CPR)
    Destination Clock Delay (DCD):    -1.560ns
    Source Clock Delay      (SCD):    -0.953ns
    Clock Pessimism Removal (CPR):    0.000ns
  Clock Uncertainty:      0.074ns  ((TSJ^2 + DJ^2)^1/2) / 2 + PE
    Total System Jitter     (TSJ):    0.071ns
    Discrete Jitter          (DJ):    0.131ns
    Phase Error              (PE):    0.000ns
  Timing Exception:       False Path

    Location             Delay type                Incr(ns)  Path(ns)    Netlist Resource(s)
  -------------------------------------------------------------------    -------------------
                         (clock clk_out1_fpga_mnist_clk_wiz_0_0 rise edge)
                                                      0.000     0.000 r  
    W5                                                0.000     0.000 r  sys_clock (IN)
                         net (fo=0)                   0.000     0.000    fpga_mnist_i/clk_wiz_0/inst/clk_in1
    W5                   IBUF (Prop_ibuf_I_O)         1.458     1.458 r  fpga_mnist_i/clk_wiz_0/inst/clkin1_ibufg/O
                         net (fo=1, routed)           1.233     2.691    fpga_mnist_i/clk_wiz_0/inst/clk_in1_fpga_mnist_clk_wiz_0_0
    MMCME2_ADV_X1Y0      MMCME2_ADV (Prop_mmcme2_adv_CLKIN1_CLKOUT0)
                                                     -6.961    -4.269 r  fpga_mnist_i/clk_wiz_0/inst/mmcm_adv_inst/CLKOUT0
                         net (fo=1, routed)           1.661    -2.608    fpga_mnist_i/clk_wiz_0/inst/clk_out1_fpga_mnist_clk_wiz_0_0
    BUFGCTRL_X0Y0        BUFG (Prop_bufg_I_O)         0.096    -2.512 r  fpga_mnist_i/clk_wiz_0/inst/clkout1_buf/O
                         net (fo=2173, routed)        1.559    -0.953    fpga_mnist_i/axi_smc/inst/clk_map/psr_aclk/U0/aclk
    SLICE_X34Y14         FDRE                                         r  fpga_mnist_i/axi_smc/inst/clk_map/psr_aclk/U0/ACTIVE_LOW_BSR_OUT_DFF[0].FDRE_BSR_N/C
  -------------------------------------------------------------------    -------------------
    SLICE_X34Y14         FDRE (Prop_fdre_C_Q)         0.518    -0.435 r  fpga_mnist_i/axi_smc/inst/clk_map/psr_aclk/U0/ACTIVE_LOW_BSR_OUT_DFF[0].FDRE_BSR_N/Q
                         net (fo=25, routed)          1.304     0.869    <hidden>
    SLICE_X37Y18         LUT1 (Prop_lut1_I0_O)        0.124     0.993 f  <hidden>
                         net (fo=3, routed)           0.780     1.773    <hidden>
    SLICE_X36Y18         FDCE                                         f  <hidden>
  -------------------------------------------------------------------    -------------------

                         (clock clk_out1_fpga_mnist_clk_wiz_0_0 rise edge)
                                                      0.000     0.000 r  
    W5                                                0.000     0.000 r  sys_clock (IN)
                         net (fo=0)                   0.000     0.000    fpga_mnist_i/clk_wiz_0/inst/clk_in1
    W5                   IBUF (Prop_ibuf_I_O)         1.388     1.388 r  fpga_mnist_i/clk_wiz_0/inst/clkin1_ibufg/O
                         net (fo=1, routed)           1.162     2.550    fpga_mnist_i/clk_wiz_0/inst/clk_in1_fpga_mnist_clk_wiz_0_0
    MMCME2_ADV_X1Y0      MMCME2_ADV (Prop_mmcme2_adv_CLKIN1_CLKOUT0)
                                                     -7.217    -4.668 r  fpga_mnist_i/clk_wiz_0/inst/mmcm_adv_inst/CLKOUT0
                         net (fo=1, routed)           1.581    -3.086    fpga_mnist_i/clk_wiz_0/inst/clk_out1_fpga_mnist_clk_wiz_0_0
    BUFGCTRL_X0Y0        BUFG (Prop_bufg_I_O)         0.091    -2.995 r  fpga_mnist_i/clk_wiz_0/inst/clkout1_buf/O
                         net (fo=2173, routed)        1.435    -1.560    <hidden>
    SLICE_X36Y18         FDCE                                         r  <hidden>

Slack:                    inf
  Source:                 fpga_mnist_i/axi_smc/inst/clk_map/psr_aclk/U0/ACTIVE_LOW_BSR_OUT_DFF[0].FDRE_BSR_N/C
                            (rising edge-triggered cell FDRE clocked by clk_out1_fpga_mnist_clk_wiz_0_0  {rise@0.000ns fall@5.000ns period=10.000ns})
  Destination:            <hidden>
                            (recovery check against rising-edge clock clk_out1_fpga_mnist_clk_wiz_0_0  {rise@0.000ns fall@5.000ns period=10.000ns})
  Path Group:             (none)
  Path Type:              Recovery (Max at Slow Process Corner)
  Data Path Delay:        2.726ns  (logic 0.642ns (23.552%)  route 2.084ns (76.448%))
  Logic Levels:           1  (LUT1=1)
  Clock Path Skew:        -0.608ns (DCD - SCD + CPR)
    Destination Clock Delay (DCD):    -1.560ns
    Source Clock Delay      (SCD):    -0.953ns
    Clock Pessimism Removal (CPR):    0.000ns
  Clock Uncertainty:      0.074ns  ((TSJ^2 + DJ^2)^1/2) / 2 + PE
    Total System Jitter     (TSJ):    0.071ns
    Discrete Jitter          (DJ):    0.131ns
    Phase Error              (PE):    0.000ns
  Timing Exception:       False Path

    Location             Delay type                Incr(ns)  Path(ns)    Netlist Resource(s)
  -------------------------------------------------------------------    -------------------
                         (clock clk_out1_fpga_mnist_clk_wiz_0_0 rise edge)
                                                      0.000     0.000 r  
    W5                                                0.000     0.000 r  sys_clock (IN)
                         net (fo=0)                   0.000     0.000    fpga_mnist_i/clk_wiz_0/inst/clk_in1
    W5                   IBUF (Prop_ibuf_I_O)         1.458     1.458 r  fpga_mnist_i/clk_wiz_0/inst/clkin1_ibufg/O
                         net (fo=1, routed)           1.233     2.691    fpga_mnist_i/clk_wiz_0/inst/clk_in1_fpga_mnist_clk_wiz_0_0
    MMCME2_ADV_X1Y0      MMCME2_ADV (Prop_mmcme2_adv_CLKIN1_CLKOUT0)
                                                     -6.961    -4.269 r  fpga_mnist_i/clk_wiz_0/inst/mmcm_adv_inst/CLKOUT0
                         net (fo=1, routed)           1.661    -2.608    fpga_mnist_i/clk_wiz_0/inst/clk_out1_fpga_mnist_clk_wiz_0_0
    BUFGCTRL_X0Y0        BUFG (Prop_bufg_I_O)         0.096    -2.512 r  fpga_mnist_i/clk_wiz_0/inst/clkout1_buf/O
                         net (fo=2173, routed)        1.559    -0.953    fpga_mnist_i/axi_smc/inst/clk_map/psr_aclk/U0/aclk
    SLICE_X34Y14         FDRE                                         r  fpga_mnist_i/axi_smc/inst/clk_map/psr_aclk/U0/ACTIVE_LOW_BSR_OUT_DFF[0].FDRE_BSR_N/C
  -------------------------------------------------------------------    -------------------
    SLICE_X34Y14         FDRE (Prop_fdre_C_Q)         0.518    -0.435 r  fpga_mnist_i/axi_smc/inst/clk_map/psr_aclk/U0/ACTIVE_LOW_BSR_OUT_DFF[0].FDRE_BSR_N/Q
                         net (fo=25, routed)          1.304     0.869    <hidden>
    SLICE_X37Y18         LUT1 (Prop_lut1_I0_O)        0.124     0.993 f  <hidden>
                         net (fo=3, routed)           0.780     1.773    <hidden>
    SLICE_X36Y18         FDCE                                         f  <hidden>
  -------------------------------------------------------------------    -------------------

                         (clock clk_out1_fpga_mnist_clk_wiz_0_0 rise edge)
                                                      0.000     0.000 r  
    W5                                                0.000     0.000 r  sys_clock (IN)
                         net (fo=0)                   0.000     0.000    fpga_mnist_i/clk_wiz_0/inst/clk_in1
    W5                   IBUF (Prop_ibuf_I_O)         1.388     1.388 r  fpga_mnist_i/clk_wiz_0/inst/clkin1_ibufg/O
                         net (fo=1, routed)           1.162     2.550    fpga_mnist_i/clk_wiz_0/inst/clk_in1_fpga_mnist_clk_wiz_0_0
    MMCME2_ADV_X1Y0      MMCME2_ADV (Prop_mmcme2_adv_CLKIN1_CLKOUT0)
                                                     -7.217    -4.668 r  fpga_mnist_i/clk_wiz_0/inst/mmcm_adv_inst/CLKOUT0
                         net (fo=1, routed)           1.581    -3.086    fpga_mnist_i/clk_wiz_0/inst/clk_out1_fpga_mnist_clk_wiz_0_0
    BUFGCTRL_X0Y0        BUFG (Prop_bufg_I_O)         0.091    -2.995 r  fpga_mnist_i/clk_wiz_0/inst/clkout1_buf/O
                         net (fo=2173, routed)        1.435    -1.560    <hidden>
    SLICE_X36Y18         FDCE                                         r  <hidden>

Slack:                    inf
  Source:                 fpga_mnist_i/axi_smc/inst/clk_map/psr_aclk/U0/ACTIVE_LOW_BSR_OUT_DFF[0].FDRE_BSR_N/C
                            (rising edge-triggered cell FDRE clocked by clk_out1_fpga_mnist_clk_wiz_0_0  {rise@0.000ns fall@5.000ns period=10.000ns})
  Destination:            <hidden>
                            (recovery check against rising-edge clock clk_out1_fpga_mnist_clk_wiz_0_0  {rise@0.000ns fall@5.000ns period=10.000ns})
  Path Group:             (none)
  Path Type:              Recovery (Max at Slow Process Corner)
  Data Path Delay:        2.726ns  (logic 0.642ns (23.552%)  route 2.084ns (76.448%))
  Logic Levels:           1  (LUT1=1)
  Clock Path Skew:        -0.608ns (DCD - SCD + CPR)
    Destination Clock Delay (DCD):    -1.560ns
    Source Clock Delay      (SCD):    -0.953ns
    Clock Pessimism Removal (CPR):    0.000ns
  Clock Uncertainty:      0.074ns  ((TSJ^2 + DJ^2)^1/2) / 2 + PE
    Total System Jitter     (TSJ):    0.071ns
    Discrete Jitter          (DJ):    0.131ns
    Phase Error              (PE):    0.000ns
  Timing Exception:       False Path

    Location             Delay type                Incr(ns)  Path(ns)    Netlist Resource(s)
  -------------------------------------------------------------------    -------------------
                         (clock clk_out1_fpga_mnist_clk_wiz_0_0 rise edge)
                                                      0.000     0.000 r  
    W5                                                0.000     0.000 r  sys_clock (IN)
                         net (fo=0)                   0.000     0.000    fpga_mnist_i/clk_wiz_0/inst/clk_in1
    W5                   IBUF (Prop_ibuf_I_O)         1.458     1.458 r  fpga_mnist_i/clk_wiz_0/inst/clkin1_ibufg/O
                         net (fo=1, routed)           1.233     2.691    fpga_mnist_i/clk_wiz_0/inst/clk_in1_fpga_mnist_clk_wiz_0_0
    MMCME2_ADV_X1Y0      MMCME2_ADV (Prop_mmcme2_adv_CLKIN1_CLKOUT0)
                                                     -6.961    -4.269 r  fpga_mnist_i/clk_wiz_0/inst/mmcm_adv_inst/CLKOUT0
                         net (fo=1, routed)           1.661    -2.608    fpga_mnist_i/clk_wiz_0/inst/clk_out1_fpga_mnist_clk_wiz_0_0
    BUFGCTRL_X0Y0        BUFG (Prop_bufg_I_O)         0.096    -2.512 r  fpga_mnist_i/clk_wiz_0/inst/clkout1_buf/O
                         net (fo=2173, routed)        1.559    -0.953    fpga_mnist_i/axi_smc/inst/clk_map/psr_aclk/U0/aclk
    SLICE_X34Y14         FDRE                                         r  fpga_mnist_i/axi_smc/inst/clk_map/psr_aclk/U0/ACTIVE_LOW_BSR_OUT_DFF[0].FDRE_BSR_N/C
  -------------------------------------------------------------------    -------------------
    SLICE_X34Y14         FDRE (Prop_fdre_C_Q)         0.518    -0.435 r  fpga_mnist_i/axi_smc/inst/clk_map/psr_aclk/U0/ACTIVE_LOW_BSR_OUT_DFF[0].FDRE_BSR_N/Q
                         net (fo=25, routed)          1.304     0.869    <hidden>
    SLICE_X37Y18         LUT1 (Prop_lut1_I0_O)        0.124     0.993 f  <hidden>
                         net (fo=3, routed)           0.780     1.773    <hidden>
    SLICE_X36Y18         FDCE                                         f  <hidden>
  -------------------------------------------------------------------    -------------------

                         (clock clk_out1_fpga_mnist_clk_wiz_0_0 rise edge)
                                                      0.000     0.000 r  
    W5                                                0.000     0.000 r  sys_clock (IN)
                         net (fo=0)                   0.000     0.000    fpga_mnist_i/clk_wiz_0/inst/clk_in1
    W5                   IBUF (Prop_ibuf_I_O)         1.388     1.388 r  fpga_mnist_i/clk_wiz_0/inst/clkin1_ibufg/O
                         net (fo=1, routed)           1.162     2.550    fpga_mnist_i/clk_wiz_0/inst/clk_in1_fpga_mnist_clk_wiz_0_0
    MMCME2_ADV_X1Y0      MMCME2_ADV (Prop_mmcme2_adv_CLKIN1_CLKOUT0)
                                                     -7.217    -4.668 r  fpga_mnist_i/clk_wiz_0/inst/mmcm_adv_inst/CLKOUT0
                         net (fo=1, routed)           1.581    -3.086    fpga_mnist_i/clk_wiz_0/inst/clk_out1_fpga_mnist_clk_wiz_0_0
    BUFGCTRL_X0Y0        BUFG (Prop_bufg_I_O)         0.091    -2.995 r  fpga_mnist_i/clk_wiz_0/inst/clkout1_buf/O
                         net (fo=2173, routed)        1.435    -1.560    <hidden>
    SLICE_X36Y18         FDCE                                         r  <hidden>





Min Delay Paths
--------------------------------------------------------------------------------------
Slack:                    inf
  Source:                 fpga_mnist_i/proc_sys_reset_0/U0/FDRE_inst/C
                            (rising edge-triggered cell FDRE clocked by clk_out1_fpga_mnist_clk_wiz_0_0  {rise@0.000ns fall@5.000ns period=10.000ns})
  Destination:            <hidden>
                            (rising edge-triggered cell FDRE clocked by clk_out1_fpga_mnist_clk_wiz_0_0  {rise@0.000ns fall@5.000ns period=10.000ns})
  Path Group:             (none)
  Path Type:              Hold (Min at Slow Process Corner)
  Data Path Delay:        0.947ns  (logic 0.367ns (38.756%)  route 0.580ns (61.244%))
  Logic Levels:           0  
  Clock Path Skew:        0.600ns (DCD - SCD - CPR)
    Destination Clock Delay (DCD):    -0.877ns
    Source Clock Delay      (SCD):    -1.476ns
    Clock Pessimism Removal (CPR):    -0.000ns
  Clock Uncertainty:      0.074ns  ((TSJ^2 + DJ^2)^1/2) / 2 + PE
    Total System Jitter     (TSJ):    0.071ns
    Discrete Jitter          (DJ):    0.131ns
    Phase Error              (PE):    0.000ns
  Timing Exception:       False Path

    Location             Delay type                Incr(ns)  Path(ns)    Netlist Resource(s)
  -------------------------------------------------------------------    -------------------
                         (clock clk_out1_fpga_mnist_clk_wiz_0_0 rise edge)
                                                      0.000     0.000 r  
    W5                                                0.000     0.000 r  sys_clock (IN)
                         net (fo=0)                   0.000     0.000    fpga_mnist_i/clk_wiz_0/inst/clk_in1
    W5                   IBUF (Prop_ibuf_I_O)         1.388     1.388 r  fpga_mnist_i/clk_wiz_0/inst/clkin1_ibufg/O
                         net (fo=1, routed)           1.162     2.550    fpga_mnist_i/clk_wiz_0/inst/clk_in1_fpga_mnist_clk_wiz_0_0
    MMCME2_ADV_X1Y0      MMCME2_ADV (Prop_mmcme2_adv_CLKIN1_CLKOUT0)
                                                     -7.217    -4.668 r  fpga_mnist_i/clk_wiz_0/inst/mmcm_adv_inst/CLKOUT0
                         net (fo=1, routed)           1.581    -3.086    fpga_mnist_i/clk_wiz_0/inst/clk_out1_fpga_mnist_clk_wiz_0_0
    BUFGCTRL_X0Y0        BUFG (Prop_bufg_I_O)         0.091    -2.995 r  fpga_mnist_i/clk_wiz_0/inst/clkout1_buf/O
                         net (fo=2173, routed)        1.519    -1.476    fpga_mnist_i/proc_sys_reset_0/U0/slowest_sync_clk
    SLICE_X62Y5          FDRE                                         r  fpga_mnist_i/proc_sys_reset_0/U0/FDRE_inst/C
  -------------------------------------------------------------------    -------------------
    SLICE_X62Y5          FDRE (Prop_fdre_C_Q)         0.367    -1.109 r  fpga_mnist_i/proc_sys_reset_0/U0/FDRE_inst/Q
                         net (fo=6, routed)           0.580    -0.529    <hidden>
    SLICE_X58Y10         FDRE                                         r  <hidden>
  -------------------------------------------------------------------    -------------------

                         (clock clk_out1_fpga_mnist_clk_wiz_0_0 rise edge)
                                                      0.000     0.000 r  
    W5                                                0.000     0.000 r  sys_clock (IN)
                         net (fo=0)                   0.000     0.000    fpga_mnist_i/clk_wiz_0/inst/clk_in1
    W5                   IBUF (Prop_ibuf_I_O)         1.458     1.458 r  fpga_mnist_i/clk_wiz_0/inst/clkin1_ibufg/O
                         net (fo=1, routed)           1.233     2.691    fpga_mnist_i/clk_wiz_0/inst/clk_in1_fpga_mnist_clk_wiz_0_0
    MMCME2_ADV_X1Y0      MMCME2_ADV (Prop_mmcme2_adv_CLKIN1_CLKOUT0)
                                                     -6.961    -4.269 r  fpga_mnist_i/clk_wiz_0/inst/mmcm_adv_inst/CLKOUT0
                         net (fo=1, routed)           1.661    -2.608    fpga_mnist_i/clk_wiz_0/inst/clk_out1_fpga_mnist_clk_wiz_0_0
    BUFGCTRL_X0Y0        BUFG (Prop_bufg_I_O)         0.096    -2.512 r  fpga_mnist_i/clk_wiz_0/inst/clkout1_buf/O
                         net (fo=2173, routed)        1.635    -0.877    <hidden>
    SLICE_X58Y10         FDRE                                         r  <hidden>

Slack:                    inf
  Source:                 fpga_mnist_i/axi_smc/inst/clk_map/psr_aclk/U0/ACTIVE_LOW_BSR_OUT_DFF[0].FDRE_BSR_N/C
                            (rising edge-triggered cell FDRE clocked by clk_out1_fpga_mnist_clk_wiz_0_0  {rise@0.000ns fall@5.000ns period=10.000ns})
  Destination:            <hidden>
                            (removal check against rising-edge clock clk_out1_fpga_mnist_clk_wiz_0_0  {rise@0.000ns fall@5.000ns period=10.000ns})
  Path Group:             (none)
  Path Type:              Removal (Min at Slow Process Corner)
  Data Path Delay:        1.534ns  (logic 0.518ns (33.764%)  route 1.016ns (66.236%))
  Logic Levels:           1  (LUT1=1)
  Clock Path Skew:        0.607ns (DCD - SCD - CPR)
    Destination Clock Delay (DCD):    -0.950ns
    Source Clock Delay      (SCD):    -1.556ns
    Clock Pessimism Removal (CPR):    -0.000ns
  Clock Uncertainty:      0.074ns  ((TSJ^2 + DJ^2)^1/2) / 2 + PE
    Total System Jitter     (TSJ):    0.071ns
    Discrete Jitter          (DJ):    0.131ns
    Phase Error              (PE):    0.000ns
  Timing Exception:       False Path

    Location             Delay type                Incr(ns)  Path(ns)    Netlist Resource(s)
  -------------------------------------------------------------------    -------------------
                         (clock clk_out1_fpga_mnist_clk_wiz_0_0 rise edge)
                                                      0.000     0.000 r  
    W5                                                0.000     0.000 r  sys_clock (IN)
                         net (fo=0)                   0.000     0.000    fpga_mnist_i/clk_wiz_0/inst/clk_in1
    W5                   IBUF (Prop_ibuf_I_O)         1.388     1.388 r  fpga_mnist_i/clk_wiz_0/inst/clkin1_ibufg/O
                         net (fo=1, routed)           1.162     2.550    fpga_mnist_i/clk_wiz_0/inst/clk_in1_fpga_mnist_clk_wiz_0_0
    MMCME2_ADV_X1Y0      MMCME2_ADV (Prop_mmcme2_adv_CLKIN1_CLKOUT0)
                                                     -7.217    -4.668 r  fpga_mnist_i/clk_wiz_0/inst/mmcm_adv_inst/CLKOUT0
                         net (fo=1, routed)           1.581    -3.086    fpga_mnist_i/clk_wiz_0/inst/clk_out1_fpga_mnist_clk_wiz_0_0
    BUFGCTRL_X0Y0        BUFG (Prop_bufg_I_O)         0.091    -2.995 r  fpga_mnist_i/clk_wiz_0/inst/clkout1_buf/O
                         net (fo=2173, routed)        1.439    -1.556    fpga_mnist_i/axi_smc/inst/clk_map/psr_aclk/U0/aclk
    SLICE_X34Y14         FDRE                                         r  fpga_mnist_i/axi_smc/inst/clk_map/psr_aclk/U0/ACTIVE_LOW_BSR_OUT_DFF[0].FDRE_BSR_N/C
  -------------------------------------------------------------------    -------------------
    SLICE_X34Y14         FDRE (Prop_fdre_C_Q)         0.418    -1.138 r  fpga_mnist_i/axi_smc/inst/clk_map/psr_aclk/U0/ACTIVE_LOW_BSR_OUT_DFF[0].FDRE_BSR_N/Q
                         net (fo=25, routed)          0.698    -0.440    <hidden>
    SLICE_X33Y11         LUT1 (Prop_lut1_I0_O)        0.100    -0.340 f  <hidden>
                         net (fo=3, routed)           0.318    -0.022    <hidden>
    SLICE_X39Y11         FDCE                                         f  <hidden>
  -------------------------------------------------------------------    -------------------

                         (clock clk_out1_fpga_mnist_clk_wiz_0_0 rise edge)
                                                      0.000     0.000 r  
    W5                                                0.000     0.000 r  sys_clock (IN)
                         net (fo=0)                   0.000     0.000    fpga_mnist_i/clk_wiz_0/inst/clk_in1
    W5                   IBUF (Prop_ibuf_I_O)         1.458     1.458 r  fpga_mnist_i/clk_wiz_0/inst/clkin1_ibufg/O
                         net (fo=1, routed)           1.233     2.691    fpga_mnist_i/clk_wiz_0/inst/clk_in1_fpga_mnist_clk_wiz_0_0
    MMCME2_ADV_X1Y0      MMCME2_ADV (Prop_mmcme2_adv_CLKIN1_CLKOUT0)
                                                     -6.961    -4.269 r  fpga_mnist_i/clk_wiz_0/inst/mmcm_adv_inst/CLKOUT0
                         net (fo=1, routed)           1.661    -2.608    fpga_mnist_i/clk_wiz_0/inst/clk_out1_fpga_mnist_clk_wiz_0_0
    BUFGCTRL_X0Y0        BUFG (Prop_bufg_I_O)         0.096    -2.512 r  fpga_mnist_i/clk_wiz_0/inst/clkout1_buf/O
                         net (fo=2173, routed)        1.562    -0.950    <hidden>
    SLICE_X39Y11         FDCE                                         r  <hidden>

Slack:                    inf
  Source:                 fpga_mnist_i/axi_smc/inst/clk_map/psr_aclk/U0/ACTIVE_LOW_BSR_OUT_DFF[0].FDRE_BSR_N/C
                            (rising edge-triggered cell FDRE clocked by clk_out1_fpga_mnist_clk_wiz_0_0  {rise@0.000ns fall@5.000ns period=10.000ns})
  Destination:            <hidden>
                            (removal check against rising-edge clock clk_out1_fpga_mnist_clk_wiz_0_0  {rise@0.000ns fall@5.000ns period=10.000ns})
  Path Group:             (none)
  Path Type:              Removal (Min at Slow Process Corner)
  Data Path Delay:        1.534ns  (logic 0.518ns (33.764%)  route 1.016ns (66.236%))
  Logic Levels:           1  (LUT1=1)
  Clock Path Skew:        0.607ns (DCD - SCD - CPR)
    Destination Clock Delay (DCD):    -0.950ns
    Source Clock Delay      (SCD):    -1.556ns
    Clock Pessimism Removal (CPR):    -0.000ns
  Clock Uncertainty:      0.074ns  ((TSJ^2 + DJ^2)^1/2) / 2 + PE
    Total System Jitter     (TSJ):    0.071ns
    Discrete Jitter          (DJ):    0.131ns
    Phase Error              (PE):    0.000ns
  Timing Exception:       False Path

    Location             Delay type                Incr(ns)  Path(ns)    Netlist Resource(s)
  -------------------------------------------------------------------    -------------------
                         (clock clk_out1_fpga_mnist_clk_wiz_0_0 rise edge)
                                                      0.000     0.000 r  
    W5                                                0.000     0.000 r  sys_clock (IN)
                         net (fo=0)                   0.000     0.000    fpga_mnist_i/clk_wiz_0/inst/clk_in1
    W5                   IBUF (Prop_ibuf_I_O)         1.388     1.388 r  fpga_mnist_i/clk_wiz_0/inst/clkin1_ibufg/O
                         net (fo=1, routed)           1.162     2.550    fpga_mnist_i/clk_wiz_0/inst/clk_in1_fpga_mnist_clk_wiz_0_0
    MMCME2_ADV_X1Y0      MMCME2_ADV (Prop_mmcme2_adv_CLKIN1_CLKOUT0)
                                                     -7.217    -4.668 r  fpga_mnist_i/clk_wiz_0/inst/mmcm_adv_inst/CLKOUT0
                         net (fo=1, routed)           1.581    -3.086    fpga_mnist_i/clk_wiz_0/inst/clk_out1_fpga_mnist_clk_wiz_0_0
    BUFGCTRL_X0Y0        BUFG (Prop_bufg_I_O)         0.091    -2.995 r  fpga_mnist_i/clk_wiz_0/inst/clkout1_buf/O
                         net (fo=2173, routed)        1.439    -1.556    fpga_mnist_i/axi_smc/inst/clk_map/psr_aclk/U0/aclk
    SLICE_X34Y14         FDRE                                         r  fpga_mnist_i/axi_smc/inst/clk_map/psr_aclk/U0/ACTIVE_LOW_BSR_OUT_DFF[0].FDRE_BSR_N/C
  -------------------------------------------------------------------    -------------------
    SLICE_X34Y14         FDRE (Prop_fdre_C_Q)         0.418    -1.138 r  fpga_mnist_i/axi_smc/inst/clk_map/psr_aclk/U0/ACTIVE_LOW_BSR_OUT_DFF[0].FDRE_BSR_N/Q
                         net (fo=25, routed)          0.698    -0.440    <hidden>
    SLICE_X33Y11         LUT1 (Prop_lut1_I0_O)        0.100    -0.340 f  <hidden>
                         net (fo=3, routed)           0.318    -0.022    <hidden>
    SLICE_X39Y11         FDCE                                         f  <hidden>
  -------------------------------------------------------------------    -------------------

                         (clock clk_out1_fpga_mnist_clk_wiz_0_0 rise edge)
                                                      0.000     0.000 r  
    W5                                                0.000     0.000 r  sys_clock (IN)
                         net (fo=0)                   0.000     0.000    fpga_mnist_i/clk_wiz_0/inst/clk_in1
    W5                   IBUF (Prop_ibuf_I_O)         1.458     1.458 r  fpga_mnist_i/clk_wiz_0/inst/clkin1_ibufg/O
                         net (fo=1, routed)           1.233     2.691    fpga_mnist_i/clk_wiz_0/inst/clk_in1_fpga_mnist_clk_wiz_0_0
    MMCME2_ADV_X1Y0      MMCME2_ADV (Prop_mmcme2_adv_CLKIN1_CLKOUT0)
                                                     -6.961    -4.269 r  fpga_mnist_i/clk_wiz_0/inst/mmcm_adv_inst/CLKOUT0
                         net (fo=1, routed)           1.661    -2.608    fpga_mnist_i/clk_wiz_0/inst/clk_out1_fpga_mnist_clk_wiz_0_0
    BUFGCTRL_X0Y0        BUFG (Prop_bufg_I_O)         0.096    -2.512 r  fpga_mnist_i/clk_wiz_0/inst/clkout1_buf/O
                         net (fo=2173, routed)        1.562    -0.950    <hidden>
    SLICE_X39Y11         FDCE                                         r  <hidden>

Slack:                    inf
  Source:                 fpga_mnist_i/axi_smc/inst/clk_map/psr_aclk/U0/ACTIVE_LOW_BSR_OUT_DFF[0].FDRE_BSR_N/C
                            (rising edge-triggered cell FDRE clocked by clk_out1_fpga_mnist_clk_wiz_0_0  {rise@0.000ns fall@5.000ns period=10.000ns})
  Destination:            <hidden>
                            (removal check against rising-edge clock clk_out1_fpga_mnist_clk_wiz_0_0  {rise@0.000ns fall@5.000ns period=10.000ns})
  Path Group:             (none)
  Path Type:              Removal (Min at Slow Process Corner)
  Data Path Delay:        1.534ns  (logic 0.518ns (33.764%)  route 1.016ns (66.236%))
  Logic Levels:           1  (LUT1=1)
  Clock Path Skew:        0.607ns (DCD - SCD - CPR)
    Destination Clock Delay (DCD):    -0.950ns
    Source Clock Delay      (SCD):    -1.556ns
    Clock Pessimism Removal (CPR):    -0.000ns
  Clock Uncertainty:      0.074ns  ((TSJ^2 + DJ^2)^1/2) / 2 + PE
    Total System Jitter     (TSJ):    0.071ns
    Discrete Jitter          (DJ):    0.131ns
    Phase Error              (PE):    0.000ns
  Timing Exception:       False Path

    Location             Delay type                Incr(ns)  Path(ns)    Netlist Resource(s)
  -------------------------------------------------------------------    -------------------
                         (clock clk_out1_fpga_mnist_clk_wiz_0_0 rise edge)
                                                      0.000     0.000 r  
    W5                                                0.000     0.000 r  sys_clock (IN)
                         net (fo=0)                   0.000     0.000    fpga_mnist_i/clk_wiz_0/inst/clk_in1
    W5                   IBUF (Prop_ibuf_I_O)         1.388     1.388 r  fpga_mnist_i/clk_wiz_0/inst/clkin1_ibufg/O
                         net (fo=1, routed)           1.162     2.550    fpga_mnist_i/clk_wiz_0/inst/clk_in1_fpga_mnist_clk_wiz_0_0
    MMCME2_ADV_X1Y0      MMCME2_ADV (Prop_mmcme2_adv_CLKIN1_CLKOUT0)
                                                     -7.217    -4.668 r  fpga_mnist_i/clk_wiz_0/inst/mmcm_adv_inst/CLKOUT0
                         net (fo=1, routed)           1.581    -3.086    fpga_mnist_i/clk_wiz_0/inst/clk_out1_fpga_mnist_clk_wiz_0_0
    BUFGCTRL_X0Y0        BUFG (Prop_bufg_I_O)         0.091    -2.995 r  fpga_mnist_i/clk_wiz_0/inst/clkout1_buf/O
                         net (fo=2173, routed)        1.439    -1.556    fpga_mnist_i/axi_smc/inst/clk_map/psr_aclk/U0/aclk
    SLICE_X34Y14         FDRE                                         r  fpga_mnist_i/axi_smc/inst/clk_map/psr_aclk/U0/ACTIVE_LOW_BSR_OUT_DFF[0].FDRE_BSR_N/C
  -------------------------------------------------------------------    -------------------
    SLICE_X34Y14         FDRE (Prop_fdre_C_Q)         0.418    -1.138 r  fpga_mnist_i/axi_smc/inst/clk_map/psr_aclk/U0/ACTIVE_LOW_BSR_OUT_DFF[0].FDRE_BSR_N/Q
                         net (fo=25, routed)          0.698    -0.440    <hidden>
    SLICE_X33Y11         LUT1 (Prop_lut1_I0_O)        0.100    -0.340 f  <hidden>
                         net (fo=3, routed)           0.318    -0.022    <hidden>
    SLICE_X39Y11         FDCE                                         f  <hidden>
  -------------------------------------------------------------------    -------------------

                         (clock clk_out1_fpga_mnist_clk_wiz_0_0 rise edge)
                                                      0.000     0.000 r  
    W5                                                0.000     0.000 r  sys_clock (IN)
                         net (fo=0)                   0.000     0.000    fpga_mnist_i/clk_wiz_0/inst/clk_in1
    W5                   IBUF (Prop_ibuf_I_O)         1.458     1.458 r  fpga_mnist_i/clk_wiz_0/inst/clkin1_ibufg/O
                         net (fo=1, routed)           1.233     2.691    fpga_mnist_i/clk_wiz_0/inst/clk_in1_fpga_mnist_clk_wiz_0_0
    MMCME2_ADV_X1Y0      MMCME2_ADV (Prop_mmcme2_adv_CLKIN1_CLKOUT0)
                                                     -6.961    -4.269 r  fpga_mnist_i/clk_wiz_0/inst/mmcm_adv_inst/CLKOUT0
                         net (fo=1, routed)           1.661    -2.608    fpga_mnist_i/clk_wiz_0/inst/clk_out1_fpga_mnist_clk_wiz_0_0
    BUFGCTRL_X0Y0        BUFG (Prop_bufg_I_O)         0.096    -2.512 r  fpga_mnist_i/clk_wiz_0/inst/clkout1_buf/O
                         net (fo=2173, routed)        1.562    -0.950    <hidden>
    SLICE_X39Y11         FDCE                                         r  <hidden>

Slack:                    inf
  Source:                 fpga_mnist_i/axi_smc/inst/clk_map/psr_aclk/U0/ACTIVE_LOW_BSR_OUT_DFF[0].FDRE_BSR_N/C
                            (rising edge-triggered cell FDRE clocked by clk_out1_fpga_mnist_clk_wiz_0_0  {rise@0.000ns fall@5.000ns period=10.000ns})
  Destination:            <hidden>
                            (removal check against rising-edge clock clk_out1_fpga_mnist_clk_wiz_0_0  {rise@0.000ns fall@5.000ns period=10.000ns})
  Path Group:             (none)
  Path Type:              Removal (Min at Slow Process Corner)
  Data Path Delay:        1.623ns  (logic 0.518ns (31.918%)  route 1.105ns (68.082%))
  Logic Levels:           1  (LUT1=1)
  Clock Path Skew:        0.600ns (DCD - SCD - CPR)
    Destination Clock Delay (DCD):    -0.957ns
    Source Clock Delay      (SCD):    -1.556ns
    Clock Pessimism Removal (CPR):    -0.000ns
  Clock Uncertainty:      0.074ns  ((TSJ^2 + DJ^2)^1/2) / 2 + PE
    Total System Jitter     (TSJ):    0.071ns
    Discrete Jitter          (DJ):    0.131ns
    Phase Error              (PE):    0.000ns
  Timing Exception:       False Path

    Location             Delay type                Incr(ns)  Path(ns)    Netlist Resource(s)
  -------------------------------------------------------------------    -------------------
                         (clock clk_out1_fpga_mnist_clk_wiz_0_0 rise edge)
                                                      0.000     0.000 r  
    W5                                                0.000     0.000 r  sys_clock (IN)
                         net (fo=0)                   0.000     0.000    fpga_mnist_i/clk_wiz_0/inst/clk_in1
    W5                   IBUF (Prop_ibuf_I_O)         1.388     1.388 r  fpga_mnist_i/clk_wiz_0/inst/clkin1_ibufg/O
                         net (fo=1, routed)           1.162     2.550    fpga_mnist_i/clk_wiz_0/inst/clk_in1_fpga_mnist_clk_wiz_0_0
    MMCME2_ADV_X1Y0      MMCME2_ADV (Prop_mmcme2_adv_CLKIN1_CLKOUT0)
                                                     -7.217    -4.668 r  fpga_mnist_i/clk_wiz_0/inst/mmcm_adv_inst/CLKOUT0
                         net (fo=1, routed)           1.581    -3.086    fpga_mnist_i/clk_wiz_0/inst/clk_out1_fpga_mnist_clk_wiz_0_0
    BUFGCTRL_X0Y0        BUFG (Prop_bufg_I_O)         0.091    -2.995 r  fpga_mnist_i/clk_wiz_0/inst/clkout1_buf/O
                         net (fo=2173, routed)        1.439    -1.556    fpga_mnist_i/axi_smc/inst/clk_map/psr_aclk/U0/aclk
    SLICE_X34Y14         FDRE                                         r  fpga_mnist_i/axi_smc/inst/clk_map/psr_aclk/U0/ACTIVE_LOW_BSR_OUT_DFF[0].FDRE_BSR_N/C
  -------------------------------------------------------------------    -------------------
    SLICE_X34Y14         FDRE (Prop_fdre_C_Q)         0.418    -1.138 r  fpga_mnist_i/axi_smc/inst/clk_map/psr_aclk/U0/ACTIVE_LOW_BSR_OUT_DFF[0].FDRE_BSR_N/Q
                         net (fo=25, routed)          0.821    -0.317    <hidden>
    SLICE_X35Y16         LUT1 (Prop_lut1_I0_O)        0.100    -0.217 f  <hidden>
                         net (fo=3, routed)           0.284     0.067    <hidden>
    SLICE_X35Y17         FDCE                                         f  <hidden>
  -------------------------------------------------------------------    -------------------

                         (clock clk_out1_fpga_mnist_clk_wiz_0_0 rise edge)
                                                      0.000     0.000 r  
    W5                                                0.000     0.000 r  sys_clock (IN)
                         net (fo=0)                   0.000     0.000    fpga_mnist_i/clk_wiz_0/inst/clk_in1
    W5                   IBUF (Prop_ibuf_I_O)         1.458     1.458 r  fpga_mnist_i/clk_wiz_0/inst/clkin1_ibufg/O
                         net (fo=1, routed)           1.233     2.691    fpga_mnist_i/clk_wiz_0/inst/clk_in1_fpga_mnist_clk_wiz_0_0
    MMCME2_ADV_X1Y0      MMCME2_ADV (Prop_mmcme2_adv_CLKIN1_CLKOUT0)
                                                     -6.961    -4.269 r  fpga_mnist_i/clk_wiz_0/inst/mmcm_adv_inst/CLKOUT0
                         net (fo=1, routed)           1.661    -2.608    fpga_mnist_i/clk_wiz_0/inst/clk_out1_fpga_mnist_clk_wiz_0_0
    BUFGCTRL_X0Y0        BUFG (Prop_bufg_I_O)         0.096    -2.512 r  fpga_mnist_i/clk_wiz_0/inst/clkout1_buf/O
                         net (fo=2173, routed)        1.555    -0.957    <hidden>
    SLICE_X35Y17         FDCE                                         r  <hidden>

Slack:                    inf
  Source:                 fpga_mnist_i/axi_smc/inst/clk_map/psr_aclk/U0/ACTIVE_LOW_BSR_OUT_DFF[0].FDRE_BSR_N/C
                            (rising edge-triggered cell FDRE clocked by clk_out1_fpga_mnist_clk_wiz_0_0  {rise@0.000ns fall@5.000ns period=10.000ns})
  Destination:            <hidden>
                            (removal check against rising-edge clock clk_out1_fpga_mnist_clk_wiz_0_0  {rise@0.000ns fall@5.000ns period=10.000ns})
  Path Group:             (none)
  Path Type:              Removal (Min at Slow Process Corner)
  Data Path Delay:        1.623ns  (logic 0.518ns (31.918%)  route 1.105ns (68.082%))
  Logic Levels:           1  (LUT1=1)
  Clock Path Skew:        0.600ns (DCD - SCD - CPR)
    Destination Clock Delay (DCD):    -0.957ns
    Source Clock Delay      (SCD):    -1.556ns
    Clock Pessimism Removal (CPR):    -0.000ns
  Clock Uncertainty:      0.074ns  ((TSJ^2 + DJ^2)^1/2) / 2 + PE
    Total System Jitter     (TSJ):    0.071ns
    Discrete Jitter          (DJ):    0.131ns
    Phase Error              (PE):    0.000ns
  Timing Exception:       False Path

    Location             Delay type                Incr(ns)  Path(ns)    Netlist Resource(s)
  -------------------------------------------------------------------    -------------------
                         (clock clk_out1_fpga_mnist_clk_wiz_0_0 rise edge)
                                                      0.000     0.000 r  
    W5                                                0.000     0.000 r  sys_clock (IN)
                         net (fo=0)                   0.000     0.000    fpga_mnist_i/clk_wiz_0/inst/clk_in1
    W5                   IBUF (Prop_ibuf_I_O)         1.388     1.388 r  fpga_mnist_i/clk_wiz_0/inst/clkin1_ibufg/O
                         net (fo=1, routed)           1.162     2.550    fpga_mnist_i/clk_wiz_0/inst/clk_in1_fpga_mnist_clk_wiz_0_0
    MMCME2_ADV_X1Y0      MMCME2_ADV (Prop_mmcme2_adv_CLKIN1_CLKOUT0)
                                                     -7.217    -4.668 r  fpga_mnist_i/clk_wiz_0/inst/mmcm_adv_inst/CLKOUT0
                         net (fo=1, routed)           1.581    -3.086    fpga_mnist_i/clk_wiz_0/inst/clk_out1_fpga_mnist_clk_wiz_0_0
    BUFGCTRL_X0Y0        BUFG (Prop_bufg_I_O)         0.091    -2.995 r  fpga_mnist_i/clk_wiz_0/inst/clkout1_buf/O
                         net (fo=2173, routed)        1.439    -1.556    fpga_mnist_i/axi_smc/inst/clk_map/psr_aclk/U0/aclk
    SLICE_X34Y14         FDRE                                         r  fpga_mnist_i/axi_smc/inst/clk_map/psr_aclk/U0/ACTIVE_LOW_BSR_OUT_DFF[0].FDRE_BSR_N/C
  -------------------------------------------------------------------    -------------------
    SLICE_X34Y14         FDRE (Prop_fdre_C_Q)         0.418    -1.138 r  fpga_mnist_i/axi_smc/inst/clk_map/psr_aclk/U0/ACTIVE_LOW_BSR_OUT_DFF[0].FDRE_BSR_N/Q
                         net (fo=25, routed)          0.821    -0.317    <hidden>
    SLICE_X35Y16         LUT1 (Prop_lut1_I0_O)        0.100    -0.217 f  <hidden>
                         net (fo=3, routed)           0.284     0.067    <hidden>
    SLICE_X35Y17         FDCE                                         f  <hidden>
  -------------------------------------------------------------------    -------------------

                         (clock clk_out1_fpga_mnist_clk_wiz_0_0 rise edge)
                                                      0.000     0.000 r  
    W5                                                0.000     0.000 r  sys_clock (IN)
                         net (fo=0)                   0.000     0.000    fpga_mnist_i/clk_wiz_0/inst/clk_in1
    W5                   IBUF (Prop_ibuf_I_O)         1.458     1.458 r  fpga_mnist_i/clk_wiz_0/inst/clkin1_ibufg/O
                         net (fo=1, routed)           1.233     2.691    fpga_mnist_i/clk_wiz_0/inst/clk_in1_fpga_mnist_clk_wiz_0_0
    MMCME2_ADV_X1Y0      MMCME2_ADV (Prop_mmcme2_adv_CLKIN1_CLKOUT0)
                                                     -6.961    -4.269 r  fpga_mnist_i/clk_wiz_0/inst/mmcm_adv_inst/CLKOUT0
                         net (fo=1, routed)           1.661    -2.608    fpga_mnist_i/clk_wiz_0/inst/clk_out1_fpga_mnist_clk_wiz_0_0
    BUFGCTRL_X0Y0        BUFG (Prop_bufg_I_O)         0.096    -2.512 r  fpga_mnist_i/clk_wiz_0/inst/clkout1_buf/O
                         net (fo=2173, routed)        1.555    -0.957    <hidden>
    SLICE_X35Y17         FDCE                                         r  <hidden>

Slack:                    inf
  Source:                 fpga_mnist_i/axi_smc/inst/clk_map/psr_aclk/U0/ACTIVE_LOW_BSR_OUT_DFF[0].FDRE_BSR_N/C
                            (rising edge-triggered cell FDRE clocked by clk_out1_fpga_mnist_clk_wiz_0_0  {rise@0.000ns fall@5.000ns period=10.000ns})
  Destination:            <hidden>
                            (removal check against rising-edge clock clk_out1_fpga_mnist_clk_wiz_0_0  {rise@0.000ns fall@5.000ns period=10.000ns})
  Path Group:             (none)
  Path Type:              Removal (Min at Slow Process Corner)
  Data Path Delay:        1.623ns  (logic 0.518ns (31.918%)  route 1.105ns (68.082%))
  Logic Levels:           1  (LUT1=1)
  Clock Path Skew:        0.600ns (DCD - SCD - CPR)
    Destination Clock Delay (DCD):    -0.957ns
    Source Clock Delay      (SCD):    -1.556ns
    Clock Pessimism Removal (CPR):    -0.000ns
  Clock Uncertainty:      0.074ns  ((TSJ^2 + DJ^2)^1/2) / 2 + PE
    Total System Jitter     (TSJ):    0.071ns
    Discrete Jitter          (DJ):    0.131ns
    Phase Error              (PE):    0.000ns
  Timing Exception:       False Path

    Location             Delay type                Incr(ns)  Path(ns)    Netlist Resource(s)
  -------------------------------------------------------------------    -------------------
                         (clock clk_out1_fpga_mnist_clk_wiz_0_0 rise edge)
                                                      0.000     0.000 r  
    W5                                                0.000     0.000 r  sys_clock (IN)
                         net (fo=0)                   0.000     0.000    fpga_mnist_i/clk_wiz_0/inst/clk_in1
    W5                   IBUF (Prop_ibuf_I_O)         1.388     1.388 r  fpga_mnist_i/clk_wiz_0/inst/clkin1_ibufg/O
                         net (fo=1, routed)           1.162     2.550    fpga_mnist_i/clk_wiz_0/inst/clk_in1_fpga_mnist_clk_wiz_0_0
    MMCME2_ADV_X1Y0      MMCME2_ADV (Prop_mmcme2_adv_CLKIN1_CLKOUT0)
                                                     -7.217    -4.668 r  fpga_mnist_i/clk_wiz_0/inst/mmcm_adv_inst/CLKOUT0
                         net (fo=1, routed)           1.581    -3.086    fpga_mnist_i/clk_wiz_0/inst/clk_out1_fpga_mnist_clk_wiz_0_0
    BUFGCTRL_X0Y0        BUFG (Prop_bufg_I_O)         0.091    -2.995 r  fpga_mnist_i/clk_wiz_0/inst/clkout1_buf/O
                         net (fo=2173, routed)        1.439    -1.556    fpga_mnist_i/axi_smc/inst/clk_map/psr_aclk/U0/aclk
    SLICE_X34Y14         FDRE                                         r  fpga_mnist_i/axi_smc/inst/clk_map/psr_aclk/U0/ACTIVE_LOW_BSR_OUT_DFF[0].FDRE_BSR_N/C
  -------------------------------------------------------------------    -------------------
    SLICE_X34Y14         FDRE (Prop_fdre_C_Q)         0.418    -1.138 r  fpga_mnist_i/axi_smc/inst/clk_map/psr_aclk/U0/ACTIVE_LOW_BSR_OUT_DFF[0].FDRE_BSR_N/Q
                         net (fo=25, routed)          0.821    -0.317    <hidden>
    SLICE_X35Y16         LUT1 (Prop_lut1_I0_O)        0.100    -0.217 f  <hidden>
                         net (fo=3, routed)           0.284     0.067    <hidden>
    SLICE_X35Y17         FDCE                                         f  <hidden>
  -------------------------------------------------------------------    -------------------

                         (clock clk_out1_fpga_mnist_clk_wiz_0_0 rise edge)
                                                      0.000     0.000 r  
    W5                                                0.000     0.000 r  sys_clock (IN)
                         net (fo=0)                   0.000     0.000    fpga_mnist_i/clk_wiz_0/inst/clk_in1
    W5                   IBUF (Prop_ibuf_I_O)         1.458     1.458 r  fpga_mnist_i/clk_wiz_0/inst/clkin1_ibufg/O
                         net (fo=1, routed)           1.233     2.691    fpga_mnist_i/clk_wiz_0/inst/clk_in1_fpga_mnist_clk_wiz_0_0
    MMCME2_ADV_X1Y0      MMCME2_ADV (Prop_mmcme2_adv_CLKIN1_CLKOUT0)
                                                     -6.961    -4.269 r  fpga_mnist_i/clk_wiz_0/inst/mmcm_adv_inst/CLKOUT0
                         net (fo=1, routed)           1.661    -2.608    fpga_mnist_i/clk_wiz_0/inst/clk_out1_fpga_mnist_clk_wiz_0_0
    BUFGCTRL_X0Y0        BUFG (Prop_bufg_I_O)         0.096    -2.512 r  fpga_mnist_i/clk_wiz_0/inst/clkout1_buf/O
                         net (fo=2173, routed)        1.555    -0.957    <hidden>
    SLICE_X35Y17         FDCE                                         r  <hidden>

Slack:                    inf
  Source:                 fpga_mnist_i/axi_smc/inst/clk_map/psr_aclk/U0/ACTIVE_LOW_BSR_OUT_DFF[0].FDRE_BSR_N/C
                            (rising edge-triggered cell FDRE clocked by clk_out1_fpga_mnist_clk_wiz_0_0  {rise@0.000ns fall@5.000ns period=10.000ns})
  Destination:            <hidden>
                            (removal check against rising-edge clock clk_out1_fpga_mnist_clk_wiz_0_0  {rise@0.000ns fall@5.000ns period=10.000ns})
  Path Group:             (none)
  Path Type:              Removal (Min at Fast Process Corner)
  Data Path Delay:        0.695ns  (logic 0.208ns (29.929%)  route 0.487ns (70.071%))
  Logic Levels:           1  (LUT1=1)
  Clock Path Skew:        -0.241ns (DCD - SCD - CPR)
    Destination Clock Delay (DCD):    -0.865ns
    Source Clock Delay      (SCD):    -0.623ns
    Clock Pessimism Removal (CPR):    -0.000ns
  Clock Uncertainty:      0.074ns  ((TSJ^2 + DJ^2)^1/2) / 2 + PE
    Total System Jitter     (TSJ):    0.071ns
    Discrete Jitter          (DJ):    0.131ns
    Phase Error              (PE):    0.000ns
  Timing Exception:       False Path

    Location             Delay type                Incr(ns)  Path(ns)    Netlist Resource(s)
  -------------------------------------------------------------------    -------------------
                         (clock clk_out1_fpga_mnist_clk_wiz_0_0 rise edge)
                                                      0.000     0.000 r  
    W5                                                0.000     0.000 r  sys_clock (IN)
                         net (fo=0)                   0.000     0.000    fpga_mnist_i/clk_wiz_0/inst/clk_in1
    W5                   IBUF (Prop_ibuf_I_O)         0.226     0.226 r  fpga_mnist_i/clk_wiz_0/inst/clkin1_ibufg/O
                         net (fo=1, routed)           0.440     0.667    fpga_mnist_i/clk_wiz_0/inst/clk_in1_fpga_mnist_clk_wiz_0_0
    MMCME2_ADV_X1Y0      MMCME2_ADV (Prop_mmcme2_adv_CLKIN1_CLKOUT0)
                                                     -2.360    -1.693 r  fpga_mnist_i/clk_wiz_0/inst/mmcm_adv_inst/CLKOUT0
                         net (fo=1, routed)           0.486    -1.207    fpga_mnist_i/clk_wiz_0/inst/clk_out1_fpga_mnist_clk_wiz_0_0
    BUFGCTRL_X0Y0        BUFG (Prop_bufg_I_O)         0.026    -1.181 r  fpga_mnist_i/clk_wiz_0/inst/clkout1_buf/O
                         net (fo=2173, routed)        0.558    -0.623    fpga_mnist_i/axi_smc/inst/clk_map/psr_aclk/U0/aclk
    SLICE_X34Y14         FDRE                                         r  fpga_mnist_i/axi_smc/inst/clk_map/psr_aclk/U0/ACTIVE_LOW_BSR_OUT_DFF[0].FDRE_BSR_N/C
  -------------------------------------------------------------------    -------------------
    SLICE_X34Y14         FDRE (Prop_fdre_C_Q)         0.164    -0.459 r  fpga_mnist_i/axi_smc/inst/clk_map/psr_aclk/U0/ACTIVE_LOW_BSR_OUT_DFF[0].FDRE_BSR_N/Q
                         net (fo=25, routed)          0.310    -0.149    <hidden>
    SLICE_X35Y15         LUT1 (Prop_lut1_I0_O)        0.044    -0.105 f  <hidden>
                         net (fo=3, routed)           0.177     0.072    <hidden>
    SLICE_X35Y15         FDCE                                         f  <hidden>
  -------------------------------------------------------------------    -------------------

                         (clock clk_out1_fpga_mnist_clk_wiz_0_0 rise edge)
                                                      0.000     0.000 r  
    W5                                                0.000     0.000 r  sys_clock (IN)
                         net (fo=0)                   0.000     0.000    fpga_mnist_i/clk_wiz_0/inst/clk_in1
    W5                   IBUF (Prop_ibuf_I_O)         0.414     0.414 r  fpga_mnist_i/clk_wiz_0/inst/clkin1_ibufg/O
                         net (fo=1, routed)           0.480     0.894    fpga_mnist_i/clk_wiz_0/inst/clk_in1_fpga_mnist_clk_wiz_0_0
    MMCME2_ADV_X1Y0      MMCME2_ADV (Prop_mmcme2_adv_CLKIN1_CLKOUT0)
                                                     -3.142    -2.248 r  fpga_mnist_i/clk_wiz_0/inst/mmcm_adv_inst/CLKOUT0
                         net (fo=1, routed)           0.530    -1.718    fpga_mnist_i/clk_wiz_0/inst/clk_out1_fpga_mnist_clk_wiz_0_0
    BUFGCTRL_X0Y0        BUFG (Prop_bufg_I_O)         0.029    -1.689 r  fpga_mnist_i/clk_wiz_0/inst/clkout1_buf/O
                         net (fo=2173, routed)        0.825    -0.865    <hidden>
    SLICE_X35Y15         FDCE                                         r  <hidden>

Slack:                    inf
  Source:                 fpga_mnist_i/axi_smc/inst/clk_map/psr_aclk/U0/ACTIVE_LOW_BSR_OUT_DFF[0].FDRE_BSR_N/C
                            (rising edge-triggered cell FDRE clocked by clk_out1_fpga_mnist_clk_wiz_0_0  {rise@0.000ns fall@5.000ns period=10.000ns})
  Destination:            <hidden>
                            (removal check against rising-edge clock clk_out1_fpga_mnist_clk_wiz_0_0  {rise@0.000ns fall@5.000ns period=10.000ns})
  Path Group:             (none)
  Path Type:              Removal (Min at Fast Process Corner)
  Data Path Delay:        0.695ns  (logic 0.208ns (29.929%)  route 0.487ns (70.071%))
  Logic Levels:           1  (LUT1=1)
  Clock Path Skew:        -0.241ns (DCD - SCD - CPR)
    Destination Clock Delay (DCD):    -0.865ns
    Source Clock Delay      (SCD):    -0.623ns
    Clock Pessimism Removal (CPR):    -0.000ns
  Clock Uncertainty:      0.074ns  ((TSJ^2 + DJ^2)^1/2) / 2 + PE
    Total System Jitter     (TSJ):    0.071ns
    Discrete Jitter          (DJ):    0.131ns
    Phase Error              (PE):    0.000ns
  Timing Exception:       False Path

    Location             Delay type                Incr(ns)  Path(ns)    Netlist Resource(s)
  -------------------------------------------------------------------    -------------------
                         (clock clk_out1_fpga_mnist_clk_wiz_0_0 rise edge)
                                                      0.000     0.000 r  
    W5                                                0.000     0.000 r  sys_clock (IN)
                         net (fo=0)                   0.000     0.000    fpga_mnist_i/clk_wiz_0/inst/clk_in1
    W5                   IBUF (Prop_ibuf_I_O)         0.226     0.226 r  fpga_mnist_i/clk_wiz_0/inst/clkin1_ibufg/O
                         net (fo=1, routed)           0.440     0.667    fpga_mnist_i/clk_wiz_0/inst/clk_in1_fpga_mnist_clk_wiz_0_0
    MMCME2_ADV_X1Y0      MMCME2_ADV (Prop_mmcme2_adv_CLKIN1_CLKOUT0)
                                                     -2.360    -1.693 r  fpga_mnist_i/clk_wiz_0/inst/mmcm_adv_inst/CLKOUT0
                         net (fo=1, routed)           0.486    -1.207    fpga_mnist_i/clk_wiz_0/inst/clk_out1_fpga_mnist_clk_wiz_0_0
    BUFGCTRL_X0Y0        BUFG (Prop_bufg_I_O)         0.026    -1.181 r  fpga_mnist_i/clk_wiz_0/inst/clkout1_buf/O
                         net (fo=2173, routed)        0.558    -0.623    fpga_mnist_i/axi_smc/inst/clk_map/psr_aclk/U0/aclk
    SLICE_X34Y14         FDRE                                         r  fpga_mnist_i/axi_smc/inst/clk_map/psr_aclk/U0/ACTIVE_LOW_BSR_OUT_DFF[0].FDRE_BSR_N/C
  -------------------------------------------------------------------    -------------------
    SLICE_X34Y14         FDRE (Prop_fdre_C_Q)         0.164    -0.459 r  fpga_mnist_i/axi_smc/inst/clk_map/psr_aclk/U0/ACTIVE_LOW_BSR_OUT_DFF[0].FDRE_BSR_N/Q
                         net (fo=25, routed)          0.310    -0.149    <hidden>
    SLICE_X35Y15         LUT1 (Prop_lut1_I0_O)        0.044    -0.105 f  <hidden>
                         net (fo=3, routed)           0.177     0.072    <hidden>
    SLICE_X35Y15         FDCE                                         f  <hidden>
  -------------------------------------------------------------------    -------------------

                         (clock clk_out1_fpga_mnist_clk_wiz_0_0 rise edge)
                                                      0.000     0.000 r  
    W5                                                0.000     0.000 r  sys_clock (IN)
                         net (fo=0)                   0.000     0.000    fpga_mnist_i/clk_wiz_0/inst/clk_in1
    W5                   IBUF (Prop_ibuf_I_O)         0.414     0.414 r  fpga_mnist_i/clk_wiz_0/inst/clkin1_ibufg/O
                         net (fo=1, routed)           0.480     0.894    fpga_mnist_i/clk_wiz_0/inst/clk_in1_fpga_mnist_clk_wiz_0_0
    MMCME2_ADV_X1Y0      MMCME2_ADV (Prop_mmcme2_adv_CLKIN1_CLKOUT0)
                                                     -3.142    -2.248 r  fpga_mnist_i/clk_wiz_0/inst/mmcm_adv_inst/CLKOUT0
                         net (fo=1, routed)           0.530    -1.718    fpga_mnist_i/clk_wiz_0/inst/clk_out1_fpga_mnist_clk_wiz_0_0
    BUFGCTRL_X0Y0        BUFG (Prop_bufg_I_O)         0.029    -1.689 r  fpga_mnist_i/clk_wiz_0/inst/clkout1_buf/O
                         net (fo=2173, routed)        0.825    -0.865    <hidden>
    SLICE_X35Y15         FDCE                                         r  <hidden>

Slack:                    inf
  Source:                 fpga_mnist_i/axi_smc/inst/clk_map/psr_aclk/U0/ACTIVE_LOW_BSR_OUT_DFF[0].FDRE_BSR_N/C
                            (rising edge-triggered cell FDRE clocked by clk_out1_fpga_mnist_clk_wiz_0_0  {rise@0.000ns fall@5.000ns period=10.000ns})
  Destination:            <hidden>
                            (removal check against rising-edge clock clk_out1_fpga_mnist_clk_wiz_0_0  {rise@0.000ns fall@5.000ns period=10.000ns})
  Path Group:             (none)
  Path Type:              Removal (Min at Fast Process Corner)
  Data Path Delay:        0.695ns  (logic 0.208ns (29.929%)  route 0.487ns (70.071%))
  Logic Levels:           1  (LUT1=1)
  Clock Path Skew:        -0.241ns (DCD - SCD - CPR)
    Destination Clock Delay (DCD):    -0.865ns
    Source Clock Delay      (SCD):    -0.623ns
    Clock Pessimism Removal (CPR):    -0.000ns
  Clock Uncertainty:      0.074ns  ((TSJ^2 + DJ^2)^1/2) / 2 + PE
    Total System Jitter     (TSJ):    0.071ns
    Discrete Jitter          (DJ):    0.131ns
    Phase Error              (PE):    0.000ns
  Timing Exception:       False Path

    Location             Delay type                Incr(ns)  Path(ns)    Netlist Resource(s)
  -------------------------------------------------------------------    -------------------
                         (clock clk_out1_fpga_mnist_clk_wiz_0_0 rise edge)
                                                      0.000     0.000 r  
    W5                                                0.000     0.000 r  sys_clock (IN)
                         net (fo=0)                   0.000     0.000    fpga_mnist_i/clk_wiz_0/inst/clk_in1
    W5                   IBUF (Prop_ibuf_I_O)         0.226     0.226 r  fpga_mnist_i/clk_wiz_0/inst/clkin1_ibufg/O
                         net (fo=1, routed)           0.440     0.667    fpga_mnist_i/clk_wiz_0/inst/clk_in1_fpga_mnist_clk_wiz_0_0
    MMCME2_ADV_X1Y0      MMCME2_ADV (Prop_mmcme2_adv_CLKIN1_CLKOUT0)
                                                     -2.360    -1.693 r  fpga_mnist_i/clk_wiz_0/inst/mmcm_adv_inst/CLKOUT0
                         net (fo=1, routed)           0.486    -1.207    fpga_mnist_i/clk_wiz_0/inst/clk_out1_fpga_mnist_clk_wiz_0_0
    BUFGCTRL_X0Y0        BUFG (Prop_bufg_I_O)         0.026    -1.181 r  fpga_mnist_i/clk_wiz_0/inst/clkout1_buf/O
                         net (fo=2173, routed)        0.558    -0.623    fpga_mnist_i/axi_smc/inst/clk_map/psr_aclk/U0/aclk
    SLICE_X34Y14         FDRE                                         r  fpga_mnist_i/axi_smc/inst/clk_map/psr_aclk/U0/ACTIVE_LOW_BSR_OUT_DFF[0].FDRE_BSR_N/C
  -------------------------------------------------------------------    -------------------
    SLICE_X34Y14         FDRE (Prop_fdre_C_Q)         0.164    -0.459 r  fpga_mnist_i/axi_smc/inst/clk_map/psr_aclk/U0/ACTIVE_LOW_BSR_OUT_DFF[0].FDRE_BSR_N/Q
                         net (fo=25, routed)          0.310    -0.149    <hidden>
    SLICE_X35Y15         LUT1 (Prop_lut1_I0_O)        0.044    -0.105 f  <hidden>
                         net (fo=3, routed)           0.177     0.072    <hidden>
    SLICE_X35Y15         FDCE                                         f  <hidden>
  -------------------------------------------------------------------    -------------------

                         (clock clk_out1_fpga_mnist_clk_wiz_0_0 rise edge)
                                                      0.000     0.000 r  
    W5                                                0.000     0.000 r  sys_clock (IN)
                         net (fo=0)                   0.000     0.000    fpga_mnist_i/clk_wiz_0/inst/clk_in1
    W5                   IBUF (Prop_ibuf_I_O)         0.414     0.414 r  fpga_mnist_i/clk_wiz_0/inst/clkin1_ibufg/O
                         net (fo=1, routed)           0.480     0.894    fpga_mnist_i/clk_wiz_0/inst/clk_in1_fpga_mnist_clk_wiz_0_0
    MMCME2_ADV_X1Y0      MMCME2_ADV (Prop_mmcme2_adv_CLKIN1_CLKOUT0)
                                                     -3.142    -2.248 r  fpga_mnist_i/clk_wiz_0/inst/mmcm_adv_inst/CLKOUT0
                         net (fo=1, routed)           0.530    -1.718    fpga_mnist_i/clk_wiz_0/inst/clk_out1_fpga_mnist_clk_wiz_0_0
    BUFGCTRL_X0Y0        BUFG (Prop_bufg_I_O)         0.029    -1.689 r  fpga_mnist_i/clk_wiz_0/inst/clkout1_buf/O
                         net (fo=2173, routed)        0.825    -0.865    <hidden>
    SLICE_X35Y15         FDCE                                         r  <hidden>





--------------------------------------------------------------------------------------
Path Group:  (none)
From Clock:  clk_out1_fpga_mnist_clk_wiz_0_0
  To Clock:  

Max Delay             8 Endpoints
Min Delay             8 Endpoints
--------------------------------------------------------------------------------------


Max Delay Paths
--------------------------------------------------------------------------------------
Slack:                    inf
  Source:                 fpga_mnist_i/axi_uartlite_0/U0/UARTLITE_CORE_I/UARTLITE_TX_I/TX_reg/C
                            (rising edge-triggered cell FDSE clocked by clk_out1_fpga_mnist_clk_wiz_0_0  {rise@0.000ns fall@5.000ns period=10.000ns})
  Destination:            usb_uart_txd
                            (output port)
  Path Group:             (none)
  Path Type:              Max at Slow Process Corner
  Data Path Delay:        9.969ns  (logic 3.974ns (39.860%)  route 5.995ns (60.140%))
  Logic Levels:           1  (OBUF=1)
  Clock Uncertainty:      0.169ns  ((TSJ^2 + DJ^2)^1/2) / 2 + PE
    Total System Jitter     (TSJ):    0.050ns
    Discrete Jitter          (DJ):    0.131ns
    Phase Error              (PE):    0.099ns

    Location             Delay type                Incr(ns)  Path(ns)    Netlist Resource(s)
  -------------------------------------------------------------------    -------------------
                         (clock clk_out1_fpga_mnist_clk_wiz_0_0 rise edge)
                                                      0.000     0.000 r  
    W5                                                0.000     0.000 r  sys_clock (IN)
                         net (fo=0)                   0.000     0.000    fpga_mnist_i/clk_wiz_0/inst/clk_in1
    W5                   IBUF (Prop_ibuf_I_O)         1.458     1.458 r  fpga_mnist_i/clk_wiz_0/inst/clkin1_ibufg/O
                         net (fo=1, routed)           1.233     2.691    fpga_mnist_i/clk_wiz_0/inst/clk_in1_fpga_mnist_clk_wiz_0_0
    MMCME2_ADV_X1Y0      MMCME2_ADV (Prop_mmcme2_adv_CLKIN1_CLKOUT0)
                                                     -6.961    -4.269 r  fpga_mnist_i/clk_wiz_0/inst/mmcm_adv_inst/CLKOUT0
                         net (fo=1, routed)           1.661    -2.608    fpga_mnist_i/clk_wiz_0/inst/clk_out1_fpga_mnist_clk_wiz_0_0
    BUFGCTRL_X0Y0        BUFG (Prop_bufg_I_O)         0.096    -2.512 r  fpga_mnist_i/clk_wiz_0/inst/clkout1_buf/O
                         net (fo=2173, routed)        1.568    -0.944    fpga_mnist_i/axi_uartlite_0/U0/UARTLITE_CORE_I/UARTLITE_TX_I/s_axi_aclk
    SLICE_X48Y10         FDSE                                         r  fpga_mnist_i/axi_uartlite_0/U0/UARTLITE_CORE_I/UARTLITE_TX_I/TX_reg/C
  -------------------------------------------------------------------    -------------------
    SLICE_X48Y10         FDSE (Prop_fdse_C_Q)         0.456    -0.488 r  fpga_mnist_i/axi_uartlite_0/U0/UARTLITE_CORE_I/UARTLITE_TX_I/TX_reg/Q
                         net (fo=1, routed)           5.995     5.508    usb_uart_txd_OBUF
    A18                  OBUF (Prop_obuf_I_O)         3.518     9.026 r  usb_uart_txd_OBUF_inst/O
                         net (fo=0)                   0.000     9.026    usb_uart_txd
    A18                                                               r  usb_uart_txd (OUT)
  -------------------------------------------------------------------    -------------------

Slack:                    inf
  Source:                 fpga_mnist_i/proc_sys_reset_0/U0/ACTIVE_LOW_PR_OUT_DFF[0].FDRE_PER_N/C
                            (rising edge-triggered cell FDRE clocked by clk_out1_fpga_mnist_clk_wiz_0_0  {rise@0.000ns fall@5.000ns period=10.000ns})
  Destination:            seven_segment_display[3]
                            (output port)
  Path Group:             (none)
  Path Type:              Max at Slow Process Corner
  Data Path Delay:        8.542ns  (logic 4.414ns (51.671%)  route 4.128ns (48.329%))
  Logic Levels:           2  (LUT5=1 OBUF=1)
  Clock Uncertainty:      0.169ns  ((TSJ^2 + DJ^2)^1/2) / 2 + PE
    Total System Jitter     (TSJ):    0.050ns
    Discrete Jitter          (DJ):    0.131ns
    Phase Error              (PE):    0.099ns

    Location             Delay type                Incr(ns)  Path(ns)    Netlist Resource(s)
  -------------------------------------------------------------------    -------------------
                         (clock clk_out1_fpga_mnist_clk_wiz_0_0 rise edge)
                                                      0.000     0.000 r  
    W5                                                0.000     0.000 r  sys_clock (IN)
                         net (fo=0)                   0.000     0.000    fpga_mnist_i/clk_wiz_0/inst/clk_in1
    W5                   IBUF (Prop_ibuf_I_O)         1.458     1.458 r  fpga_mnist_i/clk_wiz_0/inst/clkin1_ibufg/O
                         net (fo=1, routed)           1.233     2.691    fpga_mnist_i/clk_wiz_0/inst/clk_in1_fpga_mnist_clk_wiz_0_0
    MMCME2_ADV_X1Y0      MMCME2_ADV (Prop_mmcme2_adv_CLKIN1_CLKOUT0)
                                                     -6.961    -4.269 r  fpga_mnist_i/clk_wiz_0/inst/mmcm_adv_inst/CLKOUT0
                         net (fo=1, routed)           1.661    -2.608    fpga_mnist_i/clk_wiz_0/inst/clk_out1_fpga_mnist_clk_wiz_0_0
    BUFGCTRL_X0Y0        BUFG (Prop_bufg_I_O)         0.096    -2.512 r  fpga_mnist_i/clk_wiz_0/inst/clkout1_buf/O
                         net (fo=2173, routed)        1.637    -0.875    fpga_mnist_i/proc_sys_reset_0/U0/slowest_sync_clk
    SLICE_X60Y5          FDRE                                         r  fpga_mnist_i/proc_sys_reset_0/U0/ACTIVE_LOW_PR_OUT_DFF[0].FDRE_PER_N/C
  -------------------------------------------------------------------    -------------------
    SLICE_X60Y5          FDRE (Prop_fdre_C_Q)         0.518    -0.357 r  fpga_mnist_i/proc_sys_reset_0/U0/ACTIVE_LOW_PR_OUT_DFF[0].FDRE_PER_N/Q
                         net (fo=31, routed)          1.444     1.088    fpga_mnist_i/mnist_accel_0/inst/mnist_accel_slave_lite_v1_0_S_AXI_inst/top_mnist_fpga_instance/seven_seg_instance/s_axi_aresetn
    SLICE_X49Y8          LUT5 (Prop_lut5_I0_O)        0.152     1.240 r  fpga_mnist_i/mnist_accel_0/inst/mnist_accel_slave_lite_v1_0_S_AXI_inst/top_mnist_fpga_instance/seven_seg_instance/hex0[3]_INST_0/O
                         net (fo=1, routed)           2.684     3.924    seven_segment_display_OBUF[3]
    V8                   OBUF (Prop_obuf_I_O)         3.744     7.667 r  seven_segment_display_OBUF[3]_inst/O
                         net (fo=0)                   0.000     7.667    seven_segment_display[3]
    V8                                                                r  seven_segment_display[3] (OUT)
  -------------------------------------------------------------------    -------------------

Slack:                    inf
  Source:                 fpga_mnist_i/proc_sys_reset_0/U0/ACTIVE_LOW_PR_OUT_DFF[0].FDRE_PER_N/C
                            (rising edge-triggered cell FDRE clocked by clk_out1_fpga_mnist_clk_wiz_0_0  {rise@0.000ns fall@5.000ns period=10.000ns})
  Destination:            seven_segment_display[1]
                            (output port)
  Path Group:             (none)
  Path Type:              Max at Slow Process Corner
  Data Path Delay:        8.406ns  (logic 4.399ns (52.335%)  route 4.007ns (47.665%))
  Logic Levels:           2  (LUT5=1 OBUF=1)
  Clock Uncertainty:      0.169ns  ((TSJ^2 + DJ^2)^1/2) / 2 + PE
    Total System Jitter     (TSJ):    0.050ns
    Discrete Jitter          (DJ):    0.131ns
    Phase Error              (PE):    0.099ns

    Location             Delay type                Incr(ns)  Path(ns)    Netlist Resource(s)
  -------------------------------------------------------------------    -------------------
                         (clock clk_out1_fpga_mnist_clk_wiz_0_0 rise edge)
                                                      0.000     0.000 r  
    W5                                                0.000     0.000 r  sys_clock (IN)
                         net (fo=0)                   0.000     0.000    fpga_mnist_i/clk_wiz_0/inst/clk_in1
    W5                   IBUF (Prop_ibuf_I_O)         1.458     1.458 r  fpga_mnist_i/clk_wiz_0/inst/clkin1_ibufg/O
                         net (fo=1, routed)           1.233     2.691    fpga_mnist_i/clk_wiz_0/inst/clk_in1_fpga_mnist_clk_wiz_0_0
    MMCME2_ADV_X1Y0      MMCME2_ADV (Prop_mmcme2_adv_CLKIN1_CLKOUT0)
                                                     -6.961    -4.269 r  fpga_mnist_i/clk_wiz_0/inst/mmcm_adv_inst/CLKOUT0
                         net (fo=1, routed)           1.661    -2.608    fpga_mnist_i/clk_wiz_0/inst/clk_out1_fpga_mnist_clk_wiz_0_0
    BUFGCTRL_X0Y0        BUFG (Prop_bufg_I_O)         0.096    -2.512 r  fpga_mnist_i/clk_wiz_0/inst/clkout1_buf/O
                         net (fo=2173, routed)        1.637    -0.875    fpga_mnist_i/proc_sys_reset_0/U0/slowest_sync_clk
    SLICE_X60Y5          FDRE                                         r  fpga_mnist_i/proc_sys_reset_0/U0/ACTIVE_LOW_PR_OUT_DFF[0].FDRE_PER_N/C
  -------------------------------------------------------------------    -------------------
    SLICE_X60Y5          FDRE (Prop_fdre_C_Q)         0.518    -0.357 r  fpga_mnist_i/proc_sys_reset_0/U0/ACTIVE_LOW_PR_OUT_DFF[0].FDRE_PER_N/Q
                         net (fo=31, routed)          1.439     1.083    fpga_mnist_i/mnist_accel_0/inst/mnist_accel_slave_lite_v1_0_S_AXI_inst/top_mnist_fpga_instance/seven_seg_instance/s_axi_aresetn
    SLICE_X49Y8          LUT5 (Prop_lut5_I0_O)        0.150     1.233 r  fpga_mnist_i/mnist_accel_0/inst/mnist_accel_slave_lite_v1_0_S_AXI_inst/top_mnist_fpga_instance/seven_seg_instance/hex0[1]_INST_0/O
                         net (fo=1, routed)           2.567     3.800    seven_segment_display_OBUF[1]
    W6                   OBUF (Prop_obuf_I_O)         3.731     7.531 r  seven_segment_display_OBUF[1]_inst/O
                         net (fo=0)                   0.000     7.531    seven_segment_display[1]
    W6                                                                r  seven_segment_display[1] (OUT)
  -------------------------------------------------------------------    -------------------

Slack:                    inf
  Source:                 fpga_mnist_i/proc_sys_reset_0/U0/ACTIVE_LOW_PR_OUT_DFF[0].FDRE_PER_N/C
                            (rising edge-triggered cell FDRE clocked by clk_out1_fpga_mnist_clk_wiz_0_0  {rise@0.000ns fall@5.000ns period=10.000ns})
  Destination:            seven_segment_display[0]
                            (output port)
  Path Group:             (none)
  Path Type:              Max at Slow Process Corner
  Data Path Delay:        8.291ns  (logic 4.153ns (50.088%)  route 4.138ns (49.912%))
  Logic Levels:           2  (LUT5=1 OBUF=1)
  Clock Uncertainty:      0.169ns  ((TSJ^2 + DJ^2)^1/2) / 2 + PE
    Total System Jitter     (TSJ):    0.050ns
    Discrete Jitter          (DJ):    0.131ns
    Phase Error              (PE):    0.099ns

    Location             Delay type                Incr(ns)  Path(ns)    Netlist Resource(s)
  -------------------------------------------------------------------    -------------------
                         (clock clk_out1_fpga_mnist_clk_wiz_0_0 rise edge)
                                                      0.000     0.000 r  
    W5                                                0.000     0.000 r  sys_clock (IN)
                         net (fo=0)                   0.000     0.000    fpga_mnist_i/clk_wiz_0/inst/clk_in1
    W5                   IBUF (Prop_ibuf_I_O)         1.458     1.458 r  fpga_mnist_i/clk_wiz_0/inst/clkin1_ibufg/O
                         net (fo=1, routed)           1.233     2.691    fpga_mnist_i/clk_wiz_0/inst/clk_in1_fpga_mnist_clk_wiz_0_0
    MMCME2_ADV_X1Y0      MMCME2_ADV (Prop_mmcme2_adv_CLKIN1_CLKOUT0)
                                                     -6.961    -4.269 r  fpga_mnist_i/clk_wiz_0/inst/mmcm_adv_inst/CLKOUT0
                         net (fo=1, routed)           1.661    -2.608    fpga_mnist_i/clk_wiz_0/inst/clk_out1_fpga_mnist_clk_wiz_0_0
    BUFGCTRL_X0Y0        BUFG (Prop_bufg_I_O)         0.096    -2.512 r  fpga_mnist_i/clk_wiz_0/inst/clkout1_buf/O
                         net (fo=2173, routed)        1.637    -0.875    fpga_mnist_i/proc_sys_reset_0/U0/slowest_sync_clk
    SLICE_X60Y5          FDRE                                         r  fpga_mnist_i/proc_sys_reset_0/U0/ACTIVE_LOW_PR_OUT_DFF[0].FDRE_PER_N/C
  -------------------------------------------------------------------    -------------------
    SLICE_X60Y5          FDRE (Prop_fdre_C_Q)         0.518    -0.357 r  fpga_mnist_i/proc_sys_reset_0/U0/ACTIVE_LOW_PR_OUT_DFF[0].FDRE_PER_N/Q
                         net (fo=31, routed)          1.439     1.083    fpga_mnist_i/mnist_accel_0/inst/mnist_accel_slave_lite_v1_0_S_AXI_inst/top_mnist_fpga_instance/seven_seg_instance/s_axi_aresetn
    SLICE_X49Y8          LUT5 (Prop_lut5_I0_O)        0.124     1.207 r  fpga_mnist_i/mnist_accel_0/inst/mnist_accel_slave_lite_v1_0_S_AXI_inst/top_mnist_fpga_instance/seven_seg_instance/hex0[0]_INST_0/O
                         net (fo=1, routed)           2.699     3.906    seven_segment_display_OBUF[0]
    W7                   OBUF (Prop_obuf_I_O)         3.511     7.416 r  seven_segment_display_OBUF[0]_inst/O
                         net (fo=0)                   0.000     7.416    seven_segment_display[0]
    W7                                                                r  seven_segment_display[0] (OUT)
  -------------------------------------------------------------------    -------------------

Slack:                    inf
  Source:                 fpga_mnist_i/mnist_accel_0/inst/mnist_accel_slave_lite_v1_0_S_AXI_inst/top_mnist_fpga_instance/u_argmax/max_index_reg[0]/C
                            (rising edge-triggered cell FDCE clocked by clk_out1_fpga_mnist_clk_wiz_0_0  {rise@0.000ns fall@5.000ns period=10.000ns})
  Destination:            seven_segment_display[5]
                            (output port)
  Path Group:             (none)
  Path Type:              Max at Slow Process Corner
  Data Path Delay:        8.296ns  (logic 4.372ns (52.708%)  route 3.923ns (47.292%))
  Logic Levels:           2  (LUT5=1 OBUF=1)
  Clock Uncertainty:      0.169ns  ((TSJ^2 + DJ^2)^1/2) / 2 + PE
    Total System Jitter     (TSJ):    0.050ns
    Discrete Jitter          (DJ):    0.131ns
    Phase Error              (PE):    0.099ns

    Location             Delay type                Incr(ns)  Path(ns)    Netlist Resource(s)
  -------------------------------------------------------------------    -------------------
                         (clock clk_out1_fpga_mnist_clk_wiz_0_0 rise edge)
                                                      0.000     0.000 r  
    W5                                                0.000     0.000 r  sys_clock (IN)
                         net (fo=0)                   0.000     0.000    fpga_mnist_i/clk_wiz_0/inst/clk_in1
    W5                   IBUF (Prop_ibuf_I_O)         1.458     1.458 r  fpga_mnist_i/clk_wiz_0/inst/clkin1_ibufg/O
                         net (fo=1, routed)           1.233     2.691    fpga_mnist_i/clk_wiz_0/inst/clk_in1_fpga_mnist_clk_wiz_0_0
    MMCME2_ADV_X1Y0      MMCME2_ADV (Prop_mmcme2_adv_CLKIN1_CLKOUT0)
                                                     -6.961    -4.269 r  fpga_mnist_i/clk_wiz_0/inst/mmcm_adv_inst/CLKOUT0
                         net (fo=1, routed)           1.661    -2.608    fpga_mnist_i/clk_wiz_0/inst/clk_out1_fpga_mnist_clk_wiz_0_0
    BUFGCTRL_X0Y0        BUFG (Prop_bufg_I_O)         0.096    -2.512 r  fpga_mnist_i/clk_wiz_0/inst/clkout1_buf/O
                         net (fo=2173, routed)        1.568    -0.944    fpga_mnist_i/mnist_accel_0/inst/mnist_accel_slave_lite_v1_0_S_AXI_inst/top_mnist_fpga_instance/u_argmax/s_axi_aclk
    SLICE_X46Y2          FDCE                                         r  fpga_mnist_i/mnist_accel_0/inst/mnist_accel_slave_lite_v1_0_S_AXI_inst/top_mnist_fpga_instance/u_argmax/max_index_reg[0]/C
  -------------------------------------------------------------------    -------------------
    SLICE_X46Y2          FDCE (Prop_fdce_C_Q)         0.518    -0.426 r  fpga_mnist_i/mnist_accel_0/inst/mnist_accel_slave_lite_v1_0_S_AXI_inst/top_mnist_fpga_instance/u_argmax/max_index_reg[0]/Q
                         net (fo=7, routed)           1.545     1.119    fpga_mnist_i/mnist_accel_0/inst/mnist_accel_slave_lite_v1_0_S_AXI_inst/top_mnist_fpga_instance/seven_seg_instance/max_index[0]
    SLICE_X50Y8          LUT5 (Prop_lut5_I1_O)        0.146     1.265 r  fpga_mnist_i/mnist_accel_0/inst/mnist_accel_slave_lite_v1_0_S_AXI_inst/top_mnist_fpga_instance/seven_seg_instance/hex0[5]_INST_0/O
                         net (fo=1, routed)           2.379     3.644    seven_segment_display_OBUF[5]
    V5                   OBUF (Prop_obuf_I_O)         3.708     7.352 r  seven_segment_display_OBUF[5]_inst/O
                         net (fo=0)                   0.000     7.352    seven_segment_display[5]
    V5                                                                r  seven_segment_display[5] (OUT)
  -------------------------------------------------------------------    -------------------

Slack:                    inf
  Source:                 fpga_mnist_i/proc_sys_reset_0/U0/ACTIVE_LOW_PR_OUT_DFF[0].FDRE_PER_N/C
                            (rising edge-triggered cell FDRE clocked by clk_out1_fpga_mnist_clk_wiz_0_0  {rise@0.000ns fall@5.000ns period=10.000ns})
  Destination:            seven_segment_display[6]
                            (output port)
  Path Group:             (none)
  Path Type:              Max at Slow Process Corner
  Data Path Delay:        8.202ns  (logic 4.173ns (50.883%)  route 4.029ns (49.117%))
  Logic Levels:           2  (LUT5=1 OBUF=1)
  Clock Uncertainty:      0.169ns  ((TSJ^2 + DJ^2)^1/2) / 2 + PE
    Total System Jitter     (TSJ):    0.050ns
    Discrete Jitter          (DJ):    0.131ns
    Phase Error              (PE):    0.099ns

    Location             Delay type                Incr(ns)  Path(ns)    Netlist Resource(s)
  -------------------------------------------------------------------    -------------------
                         (clock clk_out1_fpga_mnist_clk_wiz_0_0 rise edge)
                                                      0.000     0.000 r  
    W5                                                0.000     0.000 r  sys_clock (IN)
                         net (fo=0)                   0.000     0.000    fpga_mnist_i/clk_wiz_0/inst/clk_in1
    W5                   IBUF (Prop_ibuf_I_O)         1.458     1.458 r  fpga_mnist_i/clk_wiz_0/inst/clkin1_ibufg/O
                         net (fo=1, routed)           1.233     2.691    fpga_mnist_i/clk_wiz_0/inst/clk_in1_fpga_mnist_clk_wiz_0_0
    MMCME2_ADV_X1Y0      MMCME2_ADV (Prop_mmcme2_adv_CLKIN1_CLKOUT0)
                                                     -6.961    -4.269 r  fpga_mnist_i/clk_wiz_0/inst/mmcm_adv_inst/CLKOUT0
                         net (fo=1, routed)           1.661    -2.608    fpga_mnist_i/clk_wiz_0/inst/clk_out1_fpga_mnist_clk_wiz_0_0
    BUFGCTRL_X0Y0        BUFG (Prop_bufg_I_O)         0.096    -2.512 r  fpga_mnist_i/clk_wiz_0/inst/clkout1_buf/O
                         net (fo=2173, routed)        1.637    -0.875    fpga_mnist_i/proc_sys_reset_0/U0/slowest_sync_clk
    SLICE_X60Y5          FDRE                                         r  fpga_mnist_i/proc_sys_reset_0/U0/ACTIVE_LOW_PR_OUT_DFF[0].FDRE_PER_N/C
  -------------------------------------------------------------------    -------------------
    SLICE_X60Y5          FDRE (Prop_fdre_C_Q)         0.518    -0.357 f  fpga_mnist_i/proc_sys_reset_0/U0/ACTIVE_LOW_PR_OUT_DFF[0].FDRE_PER_N/Q
                         net (fo=31, routed)          1.605     1.248    fpga_mnist_i/mnist_accel_0/inst/mnist_accel_slave_lite_v1_0_S_AXI_inst/top_mnist_fpga_instance/seven_seg_instance/s_axi_aresetn
    SLICE_X47Y8          LUT5 (Prop_lut5_I0_O)        0.124     1.372 r  fpga_mnist_i/mnist_accel_0/inst/mnist_accel_slave_lite_v1_0_S_AXI_inst/top_mnist_fpga_instance/seven_seg_instance/hex0[6]_INST_0/O
                         net (fo=1, routed)           2.424     3.796    seven_segment_display_OBUF[6]
    U7                   OBUF (Prop_obuf_I_O)         3.531     7.328 r  seven_segment_display_OBUF[6]_inst/O
                         net (fo=0)                   0.000     7.328    seven_segment_display[6]
    U7                                                                r  seven_segment_display[6] (OUT)
  -------------------------------------------------------------------    -------------------

Slack:                    inf
  Source:                 fpga_mnist_i/proc_sys_reset_0/U0/ACTIVE_LOW_PR_OUT_DFF[0].FDRE_PER_N/C
                            (rising edge-triggered cell FDRE clocked by clk_out1_fpga_mnist_clk_wiz_0_0  {rise@0.000ns fall@5.000ns period=10.000ns})
  Destination:            seven_segment_display[2]
                            (output port)
  Path Group:             (none)
  Path Type:              Max at Slow Process Corner
  Data Path Delay:        8.170ns  (logic 4.177ns (51.125%)  route 3.993ns (48.875%))
  Logic Levels:           2  (LUT5=1 OBUF=1)
  Clock Uncertainty:      0.169ns  ((TSJ^2 + DJ^2)^1/2) / 2 + PE
    Total System Jitter     (TSJ):    0.050ns
    Discrete Jitter          (DJ):    0.131ns
    Phase Error              (PE):    0.099ns

    Location             Delay type                Incr(ns)  Path(ns)    Netlist Resource(s)
  -------------------------------------------------------------------    -------------------
                         (clock clk_out1_fpga_mnist_clk_wiz_0_0 rise edge)
                                                      0.000     0.000 r  
    W5                                                0.000     0.000 r  sys_clock (IN)
                         net (fo=0)                   0.000     0.000    fpga_mnist_i/clk_wiz_0/inst/clk_in1
    W5                   IBUF (Prop_ibuf_I_O)         1.458     1.458 r  fpga_mnist_i/clk_wiz_0/inst/clkin1_ibufg/O
                         net (fo=1, routed)           1.233     2.691    fpga_mnist_i/clk_wiz_0/inst/clk_in1_fpga_mnist_clk_wiz_0_0
    MMCME2_ADV_X1Y0      MMCME2_ADV (Prop_mmcme2_adv_CLKIN1_CLKOUT0)
                                                     -6.961    -4.269 r  fpga_mnist_i/clk_wiz_0/inst/mmcm_adv_inst/CLKOUT0
                         net (fo=1, routed)           1.661    -2.608    fpga_mnist_i/clk_wiz_0/inst/clk_out1_fpga_mnist_clk_wiz_0_0
    BUFGCTRL_X0Y0        BUFG (Prop_bufg_I_O)         0.096    -2.512 r  fpga_mnist_i/clk_wiz_0/inst/clkout1_buf/O
                         net (fo=2173, routed)        1.637    -0.875    fpga_mnist_i/proc_sys_reset_0/U0/slowest_sync_clk
    SLICE_X60Y5          FDRE                                         r  fpga_mnist_i/proc_sys_reset_0/U0/ACTIVE_LOW_PR_OUT_DFF[0].FDRE_PER_N/C
  -------------------------------------------------------------------    -------------------
    SLICE_X60Y5          FDRE (Prop_fdre_C_Q)         0.518    -0.357 r  fpga_mnist_i/proc_sys_reset_0/U0/ACTIVE_LOW_PR_OUT_DFF[0].FDRE_PER_N/Q
                         net (fo=31, routed)          1.444     1.088    fpga_mnist_i/mnist_accel_0/inst/mnist_accel_slave_lite_v1_0_S_AXI_inst/top_mnist_fpga_instance/seven_seg_instance/s_axi_aresetn
    SLICE_X49Y8          LUT5 (Prop_lut5_I0_O)        0.124     1.212 r  fpga_mnist_i/mnist_accel_0/inst/mnist_accel_slave_lite_v1_0_S_AXI_inst/top_mnist_fpga_instance/seven_seg_instance/hex0[2]_INST_0/O
                         net (fo=1, routed)           2.549     3.761    seven_segment_display_OBUF[2]
    U8                   OBUF (Prop_obuf_I_O)         3.535     7.296 r  seven_segment_display_OBUF[2]_inst/O
                         net (fo=0)                   0.000     7.296    seven_segment_display[2]
    U8                                                                r  seven_segment_display[2] (OUT)
  -------------------------------------------------------------------    -------------------

Slack:                    inf
  Source:                 fpga_mnist_i/mnist_accel_0/inst/mnist_accel_slave_lite_v1_0_S_AXI_inst/top_mnist_fpga_instance/u_argmax/max_index_reg[0]/C
                            (rising edge-triggered cell FDCE clocked by clk_out1_fpga_mnist_clk_wiz_0_0  {rise@0.000ns fall@5.000ns period=10.000ns})
  Destination:            seven_segment_display[4]
                            (output port)
  Path Group:             (none)
  Path Type:              Max at Slow Process Corner
  Data Path Delay:        8.080ns  (logic 4.162ns (51.510%)  route 3.918ns (48.490%))
  Logic Levels:           2  (LUT5=1 OBUF=1)
  Clock Uncertainty:      0.169ns  ((TSJ^2 + DJ^2)^1/2) / 2 + PE
    Total System Jitter     (TSJ):    0.050ns
    Discrete Jitter          (DJ):    0.131ns
    Phase Error              (PE):    0.099ns

    Location             Delay type                Incr(ns)  Path(ns)    Netlist Resource(s)
  -------------------------------------------------------------------    -------------------
                         (clock clk_out1_fpga_mnist_clk_wiz_0_0 rise edge)
                                                      0.000     0.000 r  
    W5                                                0.000     0.000 r  sys_clock (IN)
                         net (fo=0)                   0.000     0.000    fpga_mnist_i/clk_wiz_0/inst/clk_in1
    W5                   IBUF (Prop_ibuf_I_O)         1.458     1.458 r  fpga_mnist_i/clk_wiz_0/inst/clkin1_ibufg/O
                         net (fo=1, routed)           1.233     2.691    fpga_mnist_i/clk_wiz_0/inst/clk_in1_fpga_mnist_clk_wiz_0_0
    MMCME2_ADV_X1Y0      MMCME2_ADV (Prop_mmcme2_adv_CLKIN1_CLKOUT0)
                                                     -6.961    -4.269 r  fpga_mnist_i/clk_wiz_0/inst/mmcm_adv_inst/CLKOUT0
                         net (fo=1, routed)           1.661    -2.608    fpga_mnist_i/clk_wiz_0/inst/clk_out1_fpga_mnist_clk_wiz_0_0
    BUFGCTRL_X0Y0        BUFG (Prop_bufg_I_O)         0.096    -2.512 r  fpga_mnist_i/clk_wiz_0/inst/clkout1_buf/O
                         net (fo=2173, routed)        1.568    -0.944    fpga_mnist_i/mnist_accel_0/inst/mnist_accel_slave_lite_v1_0_S_AXI_inst/top_mnist_fpga_instance/u_argmax/s_axi_aclk
    SLICE_X46Y2          FDCE                                         r  fpga_mnist_i/mnist_accel_0/inst/mnist_accel_slave_lite_v1_0_S_AXI_inst/top_mnist_fpga_instance/u_argmax/max_index_reg[0]/C
  -------------------------------------------------------------------    -------------------
    SLICE_X46Y2          FDCE (Prop_fdce_C_Q)         0.518    -0.426 r  fpga_mnist_i/mnist_accel_0/inst/mnist_accel_slave_lite_v1_0_S_AXI_inst/top_mnist_fpga_instance/u_argmax/max_index_reg[0]/Q
                         net (fo=7, routed)           1.545     1.119    fpga_mnist_i/mnist_accel_0/inst/mnist_accel_slave_lite_v1_0_S_AXI_inst/top_mnist_fpga_instance/seven_seg_instance/max_index[0]
    SLICE_X50Y8          LUT5 (Prop_lut5_I4_O)        0.124     1.243 r  fpga_mnist_i/mnist_accel_0/inst/mnist_accel_slave_lite_v1_0_S_AXI_inst/top_mnist_fpga_instance/seven_seg_instance/hex0[4]_INST_0/O
                         net (fo=1, routed)           2.373     3.616    seven_segment_display_OBUF[4]
    U5                   OBUF (Prop_obuf_I_O)         3.520     7.136 r  seven_segment_display_OBUF[4]_inst/O
                         net (fo=0)                   0.000     7.136    seven_segment_display[4]
    U5                                                                r  seven_segment_display[4] (OUT)
  -------------------------------------------------------------------    -------------------





Min Delay Paths
--------------------------------------------------------------------------------------
Slack:                    inf
  Source:                 fpga_mnist_i/mnist_accel_0/inst/mnist_accel_slave_lite_v1_0_S_AXI_inst/top_mnist_fpga_instance/u_argmax/max_index_reg[2]/C
                            (rising edge-triggered cell FDCE clocked by clk_out1_fpga_mnist_clk_wiz_0_0  {rise@0.000ns fall@5.000ns period=10.000ns})
  Destination:            seven_segment_display[6]
                            (output port)
  Path Group:             (none)
  Path Type:              Min at Fast Process Corner
  Data Path Delay:        2.390ns  (logic 1.441ns (60.318%)  route 0.948ns (39.682%))
  Logic Levels:           2  (LUT5=1 OBUF=1)
  Clock Uncertainty:      0.169ns  ((TSJ^2 + DJ^2)^1/2) / 2 + PE
    Total System Jitter     (TSJ):    0.050ns
    Discrete Jitter          (DJ):    0.131ns
    Phase Error              (PE):    0.099ns

    Location             Delay type                Incr(ns)  Path(ns)    Netlist Resource(s)
  -------------------------------------------------------------------    -------------------
                         (clock clk_out1_fpga_mnist_clk_wiz_0_0 rise edge)
                                                      0.000     0.000 r  
    W5                                                0.000     0.000 r  sys_clock (IN)
                         net (fo=0)                   0.000     0.000    fpga_mnist_i/clk_wiz_0/inst/clk_in1
    W5                   IBUF (Prop_ibuf_I_O)         0.226     0.226 r  fpga_mnist_i/clk_wiz_0/inst/clkin1_ibufg/O
                         net (fo=1, routed)           0.440     0.667    fpga_mnist_i/clk_wiz_0/inst/clk_in1_fpga_mnist_clk_wiz_0_0
    MMCME2_ADV_X1Y0      MMCME2_ADV (Prop_mmcme2_adv_CLKIN1_CLKOUT0)
                                                     -2.360    -1.693 r  fpga_mnist_i/clk_wiz_0/inst/mmcm_adv_inst/CLKOUT0
                         net (fo=1, routed)           0.486    -1.207    fpga_mnist_i/clk_wiz_0/inst/clk_out1_fpga_mnist_clk_wiz_0_0
    BUFGCTRL_X0Y0        BUFG (Prop_bufg_I_O)         0.026    -1.181 r  fpga_mnist_i/clk_wiz_0/inst/clkout1_buf/O
                         net (fo=2173, routed)        0.564    -0.617    fpga_mnist_i/mnist_accel_0/inst/mnist_accel_slave_lite_v1_0_S_AXI_inst/top_mnist_fpga_instance/u_argmax/s_axi_aclk
    SLICE_X46Y5          FDCE                                         r  fpga_mnist_i/mnist_accel_0/inst/mnist_accel_slave_lite_v1_0_S_AXI_inst/top_mnist_fpga_instance/u_argmax/max_index_reg[2]/C
  -------------------------------------------------------------------    -------------------
    SLICE_X46Y5          FDCE (Prop_fdce_C_Q)         0.164    -0.453 r  fpga_mnist_i/mnist_accel_0/inst/mnist_accel_slave_lite_v1_0_S_AXI_inst/top_mnist_fpga_instance/u_argmax/max_index_reg[2]/Q
                         net (fo=7, routed)           0.206    -0.247    fpga_mnist_i/mnist_accel_0/inst/mnist_accel_slave_lite_v1_0_S_AXI_inst/top_mnist_fpga_instance/seven_seg_instance/max_index[2]
    SLICE_X47Y8          LUT5 (Prop_lut5_I3_O)        0.045    -0.202 r  fpga_mnist_i/mnist_accel_0/inst/mnist_accel_slave_lite_v1_0_S_AXI_inst/top_mnist_fpga_instance/seven_seg_instance/hex0[6]_INST_0/O
                         net (fo=1, routed)           0.742     0.540    seven_segment_display_OBUF[6]
    U7                   OBUF (Prop_obuf_I_O)         1.232     1.772 r  seven_segment_display_OBUF[6]_inst/O
                         net (fo=0)                   0.000     1.772    seven_segment_display[6]
    U7                                                                r  seven_segment_display[6] (OUT)
  -------------------------------------------------------------------    -------------------

Slack:                    inf
  Source:                 fpga_mnist_i/mnist_accel_0/inst/mnist_accel_slave_lite_v1_0_S_AXI_inst/top_mnist_fpga_instance/u_argmax/max_index_reg[3]/C
                            (rising edge-triggered cell FDCE clocked by clk_out1_fpga_mnist_clk_wiz_0_0  {rise@0.000ns fall@5.000ns period=10.000ns})
  Destination:            seven_segment_display[4]
                            (output port)
  Path Group:             (none)
  Path Type:              Min at Fast Process Corner
  Data Path Delay:        2.547ns  (logic 1.430ns (56.148%)  route 1.117ns (43.852%))
  Logic Levels:           2  (LUT5=1 OBUF=1)
  Clock Uncertainty:      0.169ns  ((TSJ^2 + DJ^2)^1/2) / 2 + PE
    Total System Jitter     (TSJ):    0.050ns
    Discrete Jitter          (DJ):    0.131ns
    Phase Error              (PE):    0.099ns

    Location             Delay type                Incr(ns)  Path(ns)    Netlist Resource(s)
  -------------------------------------------------------------------    -------------------
                         (clock clk_out1_fpga_mnist_clk_wiz_0_0 rise edge)
                                                      0.000     0.000 r  
    W5                                                0.000     0.000 r  sys_clock (IN)
                         net (fo=0)                   0.000     0.000    fpga_mnist_i/clk_wiz_0/inst/clk_in1
    W5                   IBUF (Prop_ibuf_I_O)         0.226     0.226 r  fpga_mnist_i/clk_wiz_0/inst/clkin1_ibufg/O
                         net (fo=1, routed)           0.440     0.667    fpga_mnist_i/clk_wiz_0/inst/clk_in1_fpga_mnist_clk_wiz_0_0
    MMCME2_ADV_X1Y0      MMCME2_ADV (Prop_mmcme2_adv_CLKIN1_CLKOUT0)
                                                     -2.360    -1.693 r  fpga_mnist_i/clk_wiz_0/inst/mmcm_adv_inst/CLKOUT0
                         net (fo=1, routed)           0.486    -1.207    fpga_mnist_i/clk_wiz_0/inst/clk_out1_fpga_mnist_clk_wiz_0_0
    BUFGCTRL_X0Y0        BUFG (Prop_bufg_I_O)         0.026    -1.181 r  fpga_mnist_i/clk_wiz_0/inst/clkout1_buf/O
                         net (fo=2173, routed)        0.564    -0.617    fpga_mnist_i/mnist_accel_0/inst/mnist_accel_slave_lite_v1_0_S_AXI_inst/top_mnist_fpga_instance/u_argmax/s_axi_aclk
    SLICE_X46Y5          FDCE                                         r  fpga_mnist_i/mnist_accel_0/inst/mnist_accel_slave_lite_v1_0_S_AXI_inst/top_mnist_fpga_instance/u_argmax/max_index_reg[3]/C
  -------------------------------------------------------------------    -------------------
    SLICE_X46Y5          FDCE (Prop_fdce_C_Q)         0.164    -0.453 r  fpga_mnist_i/mnist_accel_0/inst/mnist_accel_slave_lite_v1_0_S_AXI_inst/top_mnist_fpga_instance/u_argmax/max_index_reg[3]/Q
                         net (fo=7, routed)           0.431    -0.022    fpga_mnist_i/mnist_accel_0/inst/mnist_accel_slave_lite_v1_0_S_AXI_inst/top_mnist_fpga_instance/seven_seg_instance/max_index[3]
    SLICE_X50Y8          LUT5 (Prop_lut5_I1_O)        0.045     0.023 r  fpga_mnist_i/mnist_accel_0/inst/mnist_accel_slave_lite_v1_0_S_AXI_inst/top_mnist_fpga_instance/seven_seg_instance/hex0[4]_INST_0/O
                         net (fo=1, routed)           0.685     0.708    seven_segment_display_OBUF[4]
    U5                   OBUF (Prop_obuf_I_O)         1.221     1.929 r  seven_segment_display_OBUF[4]_inst/O
                         net (fo=0)                   0.000     1.929    seven_segment_display[4]
    U5                                                                r  seven_segment_display[4] (OUT)
  -------------------------------------------------------------------    -------------------

Slack:                    inf
  Source:                 fpga_mnist_i/mnist_accel_0/inst/mnist_accel_slave_lite_v1_0_S_AXI_inst/top_mnist_fpga_instance/u_argmax/max_index_reg[1]/C
                            (rising edge-triggered cell FDCE clocked by clk_out1_fpga_mnist_clk_wiz_0_0  {rise@0.000ns fall@5.000ns period=10.000ns})
  Destination:            seven_segment_display[2]
                            (output port)
  Path Group:             (none)
  Path Type:              Min at Fast Process Corner
  Data Path Delay:        2.582ns  (logic 1.445ns (55.958%)  route 1.137ns (44.042%))
  Logic Levels:           2  (LUT5=1 OBUF=1)
  Clock Uncertainty:      0.169ns  ((TSJ^2 + DJ^2)^1/2) / 2 + PE
    Total System Jitter     (TSJ):    0.050ns
    Discrete Jitter          (DJ):    0.131ns
    Phase Error              (PE):    0.099ns

    Location             Delay type                Incr(ns)  Path(ns)    Netlist Resource(s)
  -------------------------------------------------------------------    -------------------
                         (clock clk_out1_fpga_mnist_clk_wiz_0_0 rise edge)
                                                      0.000     0.000 r  
    W5                                                0.000     0.000 r  sys_clock (IN)
                         net (fo=0)                   0.000     0.000    fpga_mnist_i/clk_wiz_0/inst/clk_in1
    W5                   IBUF (Prop_ibuf_I_O)         0.226     0.226 r  fpga_mnist_i/clk_wiz_0/inst/clkin1_ibufg/O
                         net (fo=1, routed)           0.440     0.667    fpga_mnist_i/clk_wiz_0/inst/clk_in1_fpga_mnist_clk_wiz_0_0
    MMCME2_ADV_X1Y0      MMCME2_ADV (Prop_mmcme2_adv_CLKIN1_CLKOUT0)
                                                     -2.360    -1.693 r  fpga_mnist_i/clk_wiz_0/inst/mmcm_adv_inst/CLKOUT0
                         net (fo=1, routed)           0.486    -1.207    fpga_mnist_i/clk_wiz_0/inst/clk_out1_fpga_mnist_clk_wiz_0_0
    BUFGCTRL_X0Y0        BUFG (Prop_bufg_I_O)         0.026    -1.181 r  fpga_mnist_i/clk_wiz_0/inst/clkout1_buf/O
                         net (fo=2173, routed)        0.564    -0.617    fpga_mnist_i/mnist_accel_0/inst/mnist_accel_slave_lite_v1_0_S_AXI_inst/top_mnist_fpga_instance/u_argmax/s_axi_aclk
    SLICE_X46Y5          FDCE                                         r  fpga_mnist_i/mnist_accel_0/inst/mnist_accel_slave_lite_v1_0_S_AXI_inst/top_mnist_fpga_instance/u_argmax/max_index_reg[1]/C
  -------------------------------------------------------------------    -------------------
    SLICE_X46Y5          FDCE (Prop_fdce_C_Q)         0.164    -0.453 r  fpga_mnist_i/mnist_accel_0/inst/mnist_accel_slave_lite_v1_0_S_AXI_inst/top_mnist_fpga_instance/u_argmax/max_index_reg[1]/Q
                         net (fo=7, routed)           0.371    -0.082    fpga_mnist_i/mnist_accel_0/inst/mnist_accel_slave_lite_v1_0_S_AXI_inst/top_mnist_fpga_instance/seven_seg_instance/max_index[1]
    SLICE_X49Y8          LUT5 (Prop_lut5_I4_O)        0.045    -0.037 r  fpga_mnist_i/mnist_accel_0/inst/mnist_accel_slave_lite_v1_0_S_AXI_inst/top_mnist_fpga_instance/seven_seg_instance/hex0[2]_INST_0/O
                         net (fo=1, routed)           0.766     0.729    seven_segment_display_OBUF[2]
    U8                   OBUF (Prop_obuf_I_O)         1.236     1.965 r  seven_segment_display_OBUF[2]_inst/O
                         net (fo=0)                   0.000     1.965    seven_segment_display[2]
    U8                                                                r  seven_segment_display[2] (OUT)
  -------------------------------------------------------------------    -------------------

Slack:                    inf
  Source:                 fpga_mnist_i/mnist_accel_0/inst/mnist_accel_slave_lite_v1_0_S_AXI_inst/top_mnist_fpga_instance/u_argmax/max_index_reg[3]/C
                            (rising edge-triggered cell FDCE clocked by clk_out1_fpga_mnist_clk_wiz_0_0  {rise@0.000ns fall@5.000ns period=10.000ns})
  Destination:            seven_segment_display[5]
                            (output port)
  Path Group:             (none)
  Path Type:              Min at Fast Process Corner
  Data Path Delay:        2.610ns  (logic 1.484ns (56.850%)  route 1.126ns (43.150%))
  Logic Levels:           2  (LUT5=1 OBUF=1)
  Clock Uncertainty:      0.169ns  ((TSJ^2 + DJ^2)^1/2) / 2 + PE
    Total System Jitter     (TSJ):    0.050ns
    Discrete Jitter          (DJ):    0.131ns
    Phase Error              (PE):    0.099ns

    Location             Delay type                Incr(ns)  Path(ns)    Netlist Resource(s)
  -------------------------------------------------------------------    -------------------
                         (clock clk_out1_fpga_mnist_clk_wiz_0_0 rise edge)
                                                      0.000     0.000 r  
    W5                                                0.000     0.000 r  sys_clock (IN)
                         net (fo=0)                   0.000     0.000    fpga_mnist_i/clk_wiz_0/inst/clk_in1
    W5                   IBUF (Prop_ibuf_I_O)         0.226     0.226 r  fpga_mnist_i/clk_wiz_0/inst/clkin1_ibufg/O
                         net (fo=1, routed)           0.440     0.667    fpga_mnist_i/clk_wiz_0/inst/clk_in1_fpga_mnist_clk_wiz_0_0
    MMCME2_ADV_X1Y0      MMCME2_ADV (Prop_mmcme2_adv_CLKIN1_CLKOUT0)
                                                     -2.360    -1.693 r  fpga_mnist_i/clk_wiz_0/inst/mmcm_adv_inst/CLKOUT0
                         net (fo=1, routed)           0.486    -1.207    fpga_mnist_i/clk_wiz_0/inst/clk_out1_fpga_mnist_clk_wiz_0_0
    BUFGCTRL_X0Y0        BUFG (Prop_bufg_I_O)         0.026    -1.181 r  fpga_mnist_i/clk_wiz_0/inst/clkout1_buf/O
                         net (fo=2173, routed)        0.564    -0.617    fpga_mnist_i/mnist_accel_0/inst/mnist_accel_slave_lite_v1_0_S_AXI_inst/top_mnist_fpga_instance/u_argmax/s_axi_aclk
    SLICE_X46Y5          FDCE                                         r  fpga_mnist_i/mnist_accel_0/inst/mnist_accel_slave_lite_v1_0_S_AXI_inst/top_mnist_fpga_instance/u_argmax/max_index_reg[3]/C
  -------------------------------------------------------------------    -------------------
    SLICE_X46Y5          FDCE (Prop_fdce_C_Q)         0.164    -0.453 r  fpga_mnist_i/mnist_accel_0/inst/mnist_accel_slave_lite_v1_0_S_AXI_inst/top_mnist_fpga_instance/u_argmax/max_index_reg[3]/Q
                         net (fo=7, routed)           0.431    -0.022    fpga_mnist_i/mnist_accel_0/inst/mnist_accel_slave_lite_v1_0_S_AXI_inst/top_mnist_fpga_instance/seven_seg_instance/max_index[3]
    SLICE_X50Y8          LUT5 (Prop_lut5_I4_O)        0.048     0.026 r  fpga_mnist_i/mnist_accel_0/inst/mnist_accel_slave_lite_v1_0_S_AXI_inst/top_mnist_fpga_instance/seven_seg_instance/hex0[5]_INST_0/O
                         net (fo=1, routed)           0.695     0.721    seven_segment_display_OBUF[5]
    V5                   OBUF (Prop_obuf_I_O)         1.272     1.992 r  seven_segment_display_OBUF[5]_inst/O
                         net (fo=0)                   0.000     1.992    seven_segment_display[5]
    V5                                                                r  seven_segment_display[5] (OUT)
  -------------------------------------------------------------------    -------------------

Slack:                    inf
  Source:                 fpga_mnist_i/mnist_accel_0/inst/mnist_accel_slave_lite_v1_0_S_AXI_inst/top_mnist_fpga_instance/u_argmax/max_index_reg[1]/C
                            (rising edge-triggered cell FDCE clocked by clk_out1_fpga_mnist_clk_wiz_0_0  {rise@0.000ns fall@5.000ns period=10.000ns})
  Destination:            seven_segment_display[0]
                            (output port)
  Path Group:             (none)
  Path Type:              Min at Fast Process Corner
  Data Path Delay:        2.612ns  (logic 1.421ns (54.397%)  route 1.191ns (45.603%))
  Logic Levels:           2  (LUT5=1 OBUF=1)
  Clock Uncertainty:      0.169ns  ((TSJ^2 + DJ^2)^1/2) / 2 + PE
    Total System Jitter     (TSJ):    0.050ns
    Discrete Jitter          (DJ):    0.131ns
    Phase Error              (PE):    0.099ns

    Location             Delay type                Incr(ns)  Path(ns)    Netlist Resource(s)
  -------------------------------------------------------------------    -------------------
                         (clock clk_out1_fpga_mnist_clk_wiz_0_0 rise edge)
                                                      0.000     0.000 r  
    W5                                                0.000     0.000 r  sys_clock (IN)
                         net (fo=0)                   0.000     0.000    fpga_mnist_i/clk_wiz_0/inst/clk_in1
    W5                   IBUF (Prop_ibuf_I_O)         0.226     0.226 r  fpga_mnist_i/clk_wiz_0/inst/clkin1_ibufg/O
                         net (fo=1, routed)           0.440     0.667    fpga_mnist_i/clk_wiz_0/inst/clk_in1_fpga_mnist_clk_wiz_0_0
    MMCME2_ADV_X1Y0      MMCME2_ADV (Prop_mmcme2_adv_CLKIN1_CLKOUT0)
                                                     -2.360    -1.693 r  fpga_mnist_i/clk_wiz_0/inst/mmcm_adv_inst/CLKOUT0
                         net (fo=1, routed)           0.486    -1.207    fpga_mnist_i/clk_wiz_0/inst/clk_out1_fpga_mnist_clk_wiz_0_0
    BUFGCTRL_X0Y0        BUFG (Prop_bufg_I_O)         0.026    -1.181 r  fpga_mnist_i/clk_wiz_0/inst/clkout1_buf/O
                         net (fo=2173, routed)        0.564    -0.617    fpga_mnist_i/mnist_accel_0/inst/mnist_accel_slave_lite_v1_0_S_AXI_inst/top_mnist_fpga_instance/u_argmax/s_axi_aclk
    SLICE_X46Y5          FDCE                                         r  fpga_mnist_i/mnist_accel_0/inst/mnist_accel_slave_lite_v1_0_S_AXI_inst/top_mnist_fpga_instance/u_argmax/max_index_reg[1]/C
  -------------------------------------------------------------------    -------------------
    SLICE_X46Y5          FDCE (Prop_fdce_C_Q)         0.164    -0.453 r  fpga_mnist_i/mnist_accel_0/inst/mnist_accel_slave_lite_v1_0_S_AXI_inst/top_mnist_fpga_instance/u_argmax/max_index_reg[1]/Q
                         net (fo=7, routed)           0.370    -0.083    fpga_mnist_i/mnist_accel_0/inst/mnist_accel_slave_lite_v1_0_S_AXI_inst/top_mnist_fpga_instance/seven_seg_instance/max_index[1]
    SLICE_X49Y8          LUT5 (Prop_lut5_I2_O)        0.045    -0.038 r  fpga_mnist_i/mnist_accel_0/inst/mnist_accel_slave_lite_v1_0_S_AXI_inst/top_mnist_fpga_instance/seven_seg_instance/hex0[0]_INST_0/O
                         net (fo=1, routed)           0.821     0.783    seven_segment_display_OBUF[0]
    W7                   OBUF (Prop_obuf_I_O)         1.212     1.995 r  seven_segment_display_OBUF[0]_inst/O
                         net (fo=0)                   0.000     1.995    seven_segment_display[0]
    W7                                                                r  seven_segment_display[0] (OUT)
  -------------------------------------------------------------------    -------------------

Slack:                    inf
  Source:                 fpga_mnist_i/mnist_accel_0/inst/mnist_accel_slave_lite_v1_0_S_AXI_inst/top_mnist_fpga_instance/u_argmax/max_index_reg[1]/C
                            (rising edge-triggered cell FDCE clocked by clk_out1_fpga_mnist_clk_wiz_0_0  {rise@0.000ns fall@5.000ns period=10.000ns})
  Destination:            seven_segment_display[1]
                            (output port)
  Path Group:             (none)
  Path Type:              Min at Fast Process Corner
  Data Path Delay:        2.642ns  (logic 1.504ns (56.937%)  route 1.138ns (43.063%))
  Logic Levels:           2  (LUT5=1 OBUF=1)
  Clock Uncertainty:      0.169ns  ((TSJ^2 + DJ^2)^1/2) / 2 + PE
    Total System Jitter     (TSJ):    0.050ns
    Discrete Jitter          (DJ):    0.131ns
    Phase Error              (PE):    0.099ns

    Location             Delay type                Incr(ns)  Path(ns)    Netlist Resource(s)
  -------------------------------------------------------------------    -------------------
                         (clock clk_out1_fpga_mnist_clk_wiz_0_0 rise edge)
                                                      0.000     0.000 r  
    W5                                                0.000     0.000 r  sys_clock (IN)
                         net (fo=0)                   0.000     0.000    fpga_mnist_i/clk_wiz_0/inst/clk_in1
    W5                   IBUF (Prop_ibuf_I_O)         0.226     0.226 r  fpga_mnist_i/clk_wiz_0/inst/clkin1_ibufg/O
                         net (fo=1, routed)           0.440     0.667    fpga_mnist_i/clk_wiz_0/inst/clk_in1_fpga_mnist_clk_wiz_0_0
    MMCME2_ADV_X1Y0      MMCME2_ADV (Prop_mmcme2_adv_CLKIN1_CLKOUT0)
                                                     -2.360    -1.693 r  fpga_mnist_i/clk_wiz_0/inst/mmcm_adv_inst/CLKOUT0
                         net (fo=1, routed)           0.486    -1.207    fpga_mnist_i/clk_wiz_0/inst/clk_out1_fpga_mnist_clk_wiz_0_0
    BUFGCTRL_X0Y0        BUFG (Prop_bufg_I_O)         0.026    -1.181 r  fpga_mnist_i/clk_wiz_0/inst/clkout1_buf/O
                         net (fo=2173, routed)        0.564    -0.617    fpga_mnist_i/mnist_accel_0/inst/mnist_accel_slave_lite_v1_0_S_AXI_inst/top_mnist_fpga_instance/u_argmax/s_axi_aclk
    SLICE_X46Y5          FDCE                                         r  fpga_mnist_i/mnist_accel_0/inst/mnist_accel_slave_lite_v1_0_S_AXI_inst/top_mnist_fpga_instance/u_argmax/max_index_reg[1]/C
  -------------------------------------------------------------------    -------------------
    SLICE_X46Y5          FDCE (Prop_fdce_C_Q)         0.164    -0.453 r  fpga_mnist_i/mnist_accel_0/inst/mnist_accel_slave_lite_v1_0_S_AXI_inst/top_mnist_fpga_instance/u_argmax/max_index_reg[1]/Q
                         net (fo=7, routed)           0.370    -0.083    fpga_mnist_i/mnist_accel_0/inst/mnist_accel_slave_lite_v1_0_S_AXI_inst/top_mnist_fpga_instance/seven_seg_instance/max_index[1]
    SLICE_X49Y8          LUT5 (Prop_lut5_I3_O)        0.048    -0.035 r  fpga_mnist_i/mnist_accel_0/inst/mnist_accel_slave_lite_v1_0_S_AXI_inst/top_mnist_fpga_instance/seven_seg_instance/hex0[1]_INST_0/O
                         net (fo=1, routed)           0.767     0.732    seven_segment_display_OBUF[1]
    W6                   OBUF (Prop_obuf_I_O)         1.292     2.024 r  seven_segment_display_OBUF[1]_inst/O
                         net (fo=0)                   0.000     2.024    seven_segment_display[1]
    W6                                                                r  seven_segment_display[1] (OUT)
  -------------------------------------------------------------------    -------------------

Slack:                    inf
  Source:                 fpga_mnist_i/mnist_accel_0/inst/mnist_accel_slave_lite_v1_0_S_AXI_inst/top_mnist_fpga_instance/u_argmax/max_index_reg[1]/C
                            (rising edge-triggered cell FDCE clocked by clk_out1_fpga_mnist_clk_wiz_0_0  {rise@0.000ns fall@5.000ns period=10.000ns})
  Destination:            seven_segment_display[3]
                            (output port)
  Path Group:             (none)
  Path Type:              Min at Fast Process Corner
  Data Path Delay:        2.708ns  (logic 1.516ns (55.988%)  route 1.192ns (44.012%))
  Logic Levels:           2  (LUT5=1 OBUF=1)
  Clock Uncertainty:      0.169ns  ((TSJ^2 + DJ^2)^1/2) / 2 + PE
    Total System Jitter     (TSJ):    0.050ns
    Discrete Jitter          (DJ):    0.131ns
    Phase Error              (PE):    0.099ns

    Location             Delay type                Incr(ns)  Path(ns)    Netlist Resource(s)
  -------------------------------------------------------------------    -------------------
                         (clock clk_out1_fpga_mnist_clk_wiz_0_0 rise edge)
                                                      0.000     0.000 r  
    W5                                                0.000     0.000 r  sys_clock (IN)
                         net (fo=0)                   0.000     0.000    fpga_mnist_i/clk_wiz_0/inst/clk_in1
    W5                   IBUF (Prop_ibuf_I_O)         0.226     0.226 r  fpga_mnist_i/clk_wiz_0/inst/clkin1_ibufg/O
                         net (fo=1, routed)           0.440     0.667    fpga_mnist_i/clk_wiz_0/inst/clk_in1_fpga_mnist_clk_wiz_0_0
    MMCME2_ADV_X1Y0      MMCME2_ADV (Prop_mmcme2_adv_CLKIN1_CLKOUT0)
                                                     -2.360    -1.693 r  fpga_mnist_i/clk_wiz_0/inst/mmcm_adv_inst/CLKOUT0
                         net (fo=1, routed)           0.486    -1.207    fpga_mnist_i/clk_wiz_0/inst/clk_out1_fpga_mnist_clk_wiz_0_0
    BUFGCTRL_X0Y0        BUFG (Prop_bufg_I_O)         0.026    -1.181 r  fpga_mnist_i/clk_wiz_0/inst/clkout1_buf/O
                         net (fo=2173, routed)        0.564    -0.617    fpga_mnist_i/mnist_accel_0/inst/mnist_accel_slave_lite_v1_0_S_AXI_inst/top_mnist_fpga_instance/u_argmax/s_axi_aclk
    SLICE_X46Y5          FDCE                                         r  fpga_mnist_i/mnist_accel_0/inst/mnist_accel_slave_lite_v1_0_S_AXI_inst/top_mnist_fpga_instance/u_argmax/max_index_reg[1]/C
  -------------------------------------------------------------------    -------------------
    SLICE_X46Y5          FDCE (Prop_fdce_C_Q)         0.164    -0.453 r  fpga_mnist_i/mnist_accel_0/inst/mnist_accel_slave_lite_v1_0_S_AXI_inst/top_mnist_fpga_instance/u_argmax/max_index_reg[1]/Q
                         net (fo=7, routed)           0.371    -0.082    fpga_mnist_i/mnist_accel_0/inst/mnist_accel_slave_lite_v1_0_S_AXI_inst/top_mnist_fpga_instance/seven_seg_instance/max_index[1]
    SLICE_X49Y8          LUT5 (Prop_lut5_I2_O)        0.049    -0.033 r  fpga_mnist_i/mnist_accel_0/inst/mnist_accel_slave_lite_v1_0_S_AXI_inst/top_mnist_fpga_instance/seven_seg_instance/hex0[3]_INST_0/O
                         net (fo=1, routed)           0.821     0.788    seven_segment_display_OBUF[3]
    V8                   OBUF (Prop_obuf_I_O)         1.303     2.091 r  seven_segment_display_OBUF[3]_inst/O
                         net (fo=0)                   0.000     2.091    seven_segment_display[3]
    V8                                                                r  seven_segment_display[3] (OUT)
  -------------------------------------------------------------------    -------------------

Slack:                    inf
  Source:                 fpga_mnist_i/axi_uartlite_0/U0/UARTLITE_CORE_I/UARTLITE_TX_I/TX_reg/C
                            (rising edge-triggered cell FDSE clocked by clk_out1_fpga_mnist_clk_wiz_0_0  {rise@0.000ns fall@5.000ns period=10.000ns})
  Destination:            usb_uart_txd
                            (output port)
  Path Group:             (none)
  Path Type:              Min at Fast Process Corner
  Data Path Delay:        3.740ns  (logic 1.360ns (36.355%)  route 2.380ns (63.645%))
  Logic Levels:           1  (OBUF=1)
  Clock Uncertainty:      0.169ns  ((TSJ^2 + DJ^2)^1/2) / 2 + PE
    Total System Jitter     (TSJ):    0.050ns
    Discrete Jitter          (DJ):    0.131ns
    Phase Error              (PE):    0.099ns

    Location             Delay type                Incr(ns)  Path(ns)    Netlist Resource(s)
  -------------------------------------------------------------------    -------------------
                         (clock clk_out1_fpga_mnist_clk_wiz_0_0 rise edge)
                                                      0.000     0.000 r  
    W5                                                0.000     0.000 r  sys_clock (IN)
                         net (fo=0)                   0.000     0.000    fpga_mnist_i/clk_wiz_0/inst/clk_in1
    W5                   IBUF (Prop_ibuf_I_O)         0.226     0.226 r  fpga_mnist_i/clk_wiz_0/inst/clkin1_ibufg/O
                         net (fo=1, routed)           0.440     0.667    fpga_mnist_i/clk_wiz_0/inst/clk_in1_fpga_mnist_clk_wiz_0_0
    MMCME2_ADV_X1Y0      MMCME2_ADV (Prop_mmcme2_adv_CLKIN1_CLKOUT0)
                                                     -2.360    -1.693 r  fpga_mnist_i/clk_wiz_0/inst/mmcm_adv_inst/CLKOUT0
                         net (fo=1, routed)           0.486    -1.207    fpga_mnist_i/clk_wiz_0/inst/clk_out1_fpga_mnist_clk_wiz_0_0
    BUFGCTRL_X0Y0        BUFG (Prop_bufg_I_O)         0.026    -1.181 r  fpga_mnist_i/clk_wiz_0/inst/clkout1_buf/O
                         net (fo=2173, routed)        0.564    -0.617    fpga_mnist_i/axi_uartlite_0/U0/UARTLITE_CORE_I/UARTLITE_TX_I/s_axi_aclk
    SLICE_X48Y10         FDSE                                         r  fpga_mnist_i/axi_uartlite_0/U0/UARTLITE_CORE_I/UARTLITE_TX_I/TX_reg/C
  -------------------------------------------------------------------    -------------------
    SLICE_X48Y10         FDSE (Prop_fdse_C_Q)         0.141    -0.476 r  fpga_mnist_i/axi_uartlite_0/U0/UARTLITE_CORE_I/UARTLITE_TX_I/TX_reg/Q
                         net (fo=1, routed)           2.380     1.904    usb_uart_txd_OBUF
    A18                  OBUF (Prop_obuf_I_O)         1.219     3.123 r  usb_uart_txd_OBUF_inst/O
                         net (fo=0)                   0.000     3.123    usb_uart_txd
    A18                                                               r  usb_uart_txd (OUT)
  -------------------------------------------------------------------    -------------------





--------------------------------------------------------------------------------------
Path Group:  (none)
From Clock:  clkfbout_fpga_mnist_clk_wiz_0_0
  To Clock:  

Max Delay             1 Endpoint
Min Delay             1 Endpoint
--------------------------------------------------------------------------------------


Max Delay Paths
--------------------------------------------------------------------------------------
Slack:                    inf
  Source:                 fpga_mnist_i/clk_wiz_0/inst/mmcm_adv_inst/CLKFBOUT
                            (clock source 'clkfbout_fpga_mnist_clk_wiz_0_0'  {rise@0.000ns fall@5.000ns period=10.000ns})
  Destination:            fpga_mnist_i/clk_wiz_0/inst/mmcm_adv_inst/CLKFBIN
  Path Group:             (none)
  Path Type:              Max at Fast Process Corner
  Data Path Delay:        1.375ns  (logic 0.029ns (2.109%)  route 1.346ns (97.891%))
  Logic Levels:           1  (BUFG=1)
  Clock Uncertainty:      0.148ns  ((TSJ^2 + DJ^2)^1/2) / 2 + PE
    Total System Jitter     (TSJ):    0.050ns
    Discrete Jitter          (DJ):    0.086ns
    Phase Error              (PE):    0.099ns

    Location             Delay type                Incr(ns)  Path(ns)    Netlist Resource(s)
  -------------------------------------------------------------------    -------------------
                         (clock clkfbout_fpga_mnist_clk_wiz_0_0 fall edge)
                                                      5.000     5.000 f  
    W5                                                0.000     5.000 f  sys_clock (IN)
                         net (fo=0)                   0.000     5.000    fpga_mnist_i/clk_wiz_0/inst/clk_in1
    W5                   IBUF (Prop_ibuf_I_O)         0.414     5.414 f  fpga_mnist_i/clk_wiz_0/inst/clkin1_ibufg/O
                         net (fo=1, routed)           0.480     5.894    fpga_mnist_i/clk_wiz_0/inst/clk_in1_fpga_mnist_clk_wiz_0_0
  -------------------------------------------------------------------    -------------------
    MMCME2_ADV_X1Y0      MMCME2_ADV (Prop_mmcme2_adv_CLKIN1_CLKFBOUT)
                                                     -3.142     2.752 f  fpga_mnist_i/clk_wiz_0/inst/mmcm_adv_inst/CLKFBOUT
                         net (fo=1, routed)           0.530     3.282    fpga_mnist_i/clk_wiz_0/inst/clkfbout_fpga_mnist_clk_wiz_0_0
    BUFGCTRL_X0Y1        BUFG (Prop_bufg_I_O)         0.029     3.311 f  fpga_mnist_i/clk_wiz_0/inst/clkf_buf/O
                         net (fo=1, routed)           0.817     4.127    fpga_mnist_i/clk_wiz_0/inst/clkfbout_buf_fpga_mnist_clk_wiz_0_0
    MMCME2_ADV_X1Y0      MMCME2_ADV                                   f  fpga_mnist_i/clk_wiz_0/inst/mmcm_adv_inst/CLKFBIN
  -------------------------------------------------------------------    -------------------





Min Delay Paths
--------------------------------------------------------------------------------------
Slack:                    inf
  Source:                 fpga_mnist_i/clk_wiz_0/inst/mmcm_adv_inst/CLKFBOUT
                            (clock source 'clkfbout_fpga_mnist_clk_wiz_0_0'  {rise@0.000ns fall@5.000ns period=10.000ns})
  Destination:            fpga_mnist_i/clk_wiz_0/inst/mmcm_adv_inst/CLKFBIN
  Path Group:             (none)
  Path Type:              Min at Slow Process Corner
  Data Path Delay:        3.129ns  (logic 0.091ns (2.908%)  route 3.038ns (97.092%))
  Logic Levels:           1  (BUFG=1)
  Clock Uncertainty:      0.148ns  ((TSJ^2 + DJ^2)^1/2) / 2 + PE
    Total System Jitter     (TSJ):    0.050ns
    Discrete Jitter          (DJ):    0.086ns
    Phase Error              (PE):    0.099ns

    Location             Delay type                Incr(ns)  Path(ns)    Netlist Resource(s)
  -------------------------------------------------------------------    -------------------
                         (clock clkfbout_fpga_mnist_clk_wiz_0_0 rise edge)
                                                      0.000     0.000 r  
    W5                                                0.000     0.000 r  sys_clock (IN)
                         net (fo=0)                   0.000     0.000    fpga_mnist_i/clk_wiz_0/inst/clk_in1
    W5                   IBUF (Prop_ibuf_I_O)         1.388     1.388 r  fpga_mnist_i/clk_wiz_0/inst/clkin1_ibufg/O
                         net (fo=1, routed)           1.162     2.550    fpga_mnist_i/clk_wiz_0/inst/clk_in1_fpga_mnist_clk_wiz_0_0
  -------------------------------------------------------------------    -------------------
    MMCME2_ADV_X1Y0      MMCME2_ADV (Prop_mmcme2_adv_CLKIN1_CLKFBOUT)
                                                     -7.217    -4.668 r  fpga_mnist_i/clk_wiz_0/inst/mmcm_adv_inst/CLKFBOUT
                         net (fo=1, routed)           1.581    -3.086    fpga_mnist_i/clk_wiz_0/inst/clkfbout_fpga_mnist_clk_wiz_0_0
    BUFGCTRL_X0Y1        BUFG (Prop_bufg_I_O)         0.091    -2.995 r  fpga_mnist_i/clk_wiz_0/inst/clkf_buf/O
                         net (fo=1, routed)           1.457    -1.538    fpga_mnist_i/clk_wiz_0/inst/clkfbout_buf_fpga_mnist_clk_wiz_0_0
    MMCME2_ADV_X1Y0      MMCME2_ADV                                   r  fpga_mnist_i/clk_wiz_0/inst/mmcm_adv_inst/CLKFBIN
  -------------------------------------------------------------------    -------------------





--------------------------------------------------------------------------------------
Path Group:  (none)
From Clock:  
  To Clock:  clk_out1_fpga_mnist_clk_wiz_0_0

Max Delay             1 Endpoint
Min Delay             1 Endpoint
--------------------------------------------------------------------------------------


Max Delay Paths
--------------------------------------------------------------------------------------
Slack:                    inf
  Source:                 fpga_mnist_i/clk_wiz_0/inst/mmcm_adv_inst/LOCKED
                            (internal pin)
  Destination:            fpga_mnist_i/proc_sys_reset_0/U0/EXT_LPF/lpf_int_reg/D
                            (rising edge-triggered cell FDRE clocked by clk_out1_fpga_mnist_clk_wiz_0_0  {rise@0.000ns fall@5.000ns period=10.000ns})
  Path Group:             (none)
  Path Type:              Setup (Max at Slow Process Corner)
  Data Path Delay:        1.267ns  (logic 0.124ns (9.788%)  route 1.143ns (90.212%))
  Logic Levels:           1  (LUT4=1)
  Clock Uncertainty:      0.169ns  ((TSJ^2 + DJ^2)^1/2) / 2 + PE
    Total System Jitter     (TSJ):    0.050ns
    Discrete Jitter          (DJ):    0.131ns
    Phase Error              (PE):    0.099ns

    Location             Delay type                Incr(ns)  Path(ns)    Netlist Resource(s)
  -------------------------------------------------------------------    -------------------
    MMCME2_ADV_X1Y0      MMCME2_ADV                   0.000     0.000 f  fpga_mnist_i/clk_wiz_0/inst/mmcm_adv_inst/LOCKED
                         net (fo=1, routed)           1.143     1.143    fpga_mnist_i/proc_sys_reset_0/U0/EXT_LPF/dcm_locked
    SLICE_X61Y2          LUT4 (Prop_lut4_I0_O)        0.124     1.267 r  fpga_mnist_i/proc_sys_reset_0/U0/EXT_LPF/lpf_int0/O
                         net (fo=1, routed)           0.000     1.267    fpga_mnist_i/proc_sys_reset_0/U0/EXT_LPF/lpf_int0__0
    SLICE_X61Y2          FDRE                                         r  fpga_mnist_i/proc_sys_reset_0/U0/EXT_LPF/lpf_int_reg/D
  -------------------------------------------------------------------    -------------------

                         (clock clk_out1_fpga_mnist_clk_wiz_0_0 rise edge)
                                                      0.000     0.000 r  
    W5                                                0.000     0.000 r  sys_clock (IN)
                         net (fo=0)                   0.000     0.000    fpga_mnist_i/clk_wiz_0/inst/clk_in1
    W5                   IBUF (Prop_ibuf_I_O)         1.388     1.388 r  fpga_mnist_i/clk_wiz_0/inst/clkin1_ibufg/O
                         net (fo=1, routed)           1.162     2.550    fpga_mnist_i/clk_wiz_0/inst/clk_in1_fpga_mnist_clk_wiz_0_0
    MMCME2_ADV_X1Y0      MMCME2_ADV (Prop_mmcme2_adv_CLKIN1_CLKOUT0)
                                                     -7.217    -4.668 r  fpga_mnist_i/clk_wiz_0/inst/mmcm_adv_inst/CLKOUT0
                         net (fo=1, routed)           1.581    -3.086    fpga_mnist_i/clk_wiz_0/inst/clk_out1_fpga_mnist_clk_wiz_0_0
    BUFGCTRL_X0Y0        BUFG (Prop_bufg_I_O)         0.091    -2.995 r  fpga_mnist_i/clk_wiz_0/inst/clkout1_buf/O
                         net (fo=2173, routed)        1.519    -1.476    fpga_mnist_i/proc_sys_reset_0/U0/EXT_LPF/slowest_sync_clk
    SLICE_X61Y2          FDRE                                         r  fpga_mnist_i/proc_sys_reset_0/U0/EXT_LPF/lpf_int_reg/C





Min Delay Paths
--------------------------------------------------------------------------------------
Slack:                    inf
  Source:                 fpga_mnist_i/clk_wiz_0/inst/mmcm_adv_inst/LOCKED
                            (internal pin)
  Destination:            fpga_mnist_i/proc_sys_reset_0/U0/EXT_LPF/lpf_int_reg/D
                            (rising edge-triggered cell FDRE clocked by clk_out1_fpga_mnist_clk_wiz_0_0  {rise@0.000ns fall@5.000ns period=10.000ns})
  Path Group:             (none)
  Path Type:              Hold (Min at Fast Process Corner)
  Data Path Delay:        0.475ns  (logic 0.045ns (9.478%)  route 0.430ns (90.522%))
  Logic Levels:           1  (LUT4=1)
  Clock Uncertainty:      0.169ns  ((TSJ^2 + DJ^2)^1/2) / 2 + PE
    Total System Jitter     (TSJ):    0.050ns
    Discrete Jitter          (DJ):    0.131ns
    Phase Error              (PE):    0.099ns

    Location             Delay type                Incr(ns)  Path(ns)    Netlist Resource(s)
  -------------------------------------------------------------------    -------------------
    MMCME2_ADV_X1Y0      MMCME2_ADV                   0.000     0.000 f  fpga_mnist_i/clk_wiz_0/inst/mmcm_adv_inst/LOCKED
                         net (fo=1, routed)           0.430     0.430    fpga_mnist_i/proc_sys_reset_0/U0/EXT_LPF/dcm_locked
    SLICE_X61Y2          LUT4 (Prop_lut4_I0_O)        0.045     0.475 r  fpga_mnist_i/proc_sys_reset_0/U0/EXT_LPF/lpf_int0/O
                         net (fo=1, routed)           0.000     0.475    fpga_mnist_i/proc_sys_reset_0/U0/EXT_LPF/lpf_int0__0
    SLICE_X61Y2          FDRE                                         r  fpga_mnist_i/proc_sys_reset_0/U0/EXT_LPF/lpf_int_reg/D
  -------------------------------------------------------------------    -------------------

                         (clock clk_out1_fpga_mnist_clk_wiz_0_0 rise edge)
                                                      0.000     0.000 r  
    W5                                                0.000     0.000 r  sys_clock (IN)
                         net (fo=0)                   0.000     0.000    fpga_mnist_i/clk_wiz_0/inst/clk_in1
    W5                   IBUF (Prop_ibuf_I_O)         0.414     0.414 r  fpga_mnist_i/clk_wiz_0/inst/clkin1_ibufg/O
                         net (fo=1, routed)           0.480     0.894    fpga_mnist_i/clk_wiz_0/inst/clk_in1_fpga_mnist_clk_wiz_0_0
    MMCME2_ADV_X1Y0      MMCME2_ADV (Prop_mmcme2_adv_CLKIN1_CLKOUT0)
                                                     -3.142    -2.248 r  fpga_mnist_i/clk_wiz_0/inst/mmcm_adv_inst/CLKOUT0
                         net (fo=1, routed)           0.530    -1.718    fpga_mnist_i/clk_wiz_0/inst/clk_out1_fpga_mnist_clk_wiz_0_0
    BUFGCTRL_X0Y0        BUFG (Prop_bufg_I_O)         0.029    -1.689 r  fpga_mnist_i/clk_wiz_0/inst/clkout1_buf/O
                         net (fo=2173, routed)        0.865    -0.825    fpga_mnist_i/proc_sys_reset_0/U0/EXT_LPF/slowest_sync_clk
    SLICE_X61Y2          FDRE                                         r  fpga_mnist_i/proc_sys_reset_0/U0/EXT_LPF/lpf_int_reg/C





