Copyright 1986-2022 Xilinx, Inc. All Rights Reserved. Copyright 2022-2024 Advanced Micro Devices, Inc. All Rights Reserved.
--------------------------------------------------------------------------------------------------------------------------------------------------------------------------------------------
| Tool Version : Vivado v.2024.2 (win64) Build 5239630 Fri Nov 08 22:35:27 MST 2024
| Date         : Fri Jan 30 12:33:12 2026
| Host         : DESKTOP-6GKB5CJ running 64-bit major release  (build 9200)
| Command      : report_methodology -file fpga_mnist_wrapper_methodology_drc_routed.rpt -pb fpga_mnist_wrapper_methodology_drc_routed.pb -rpx fpga_mnist_wrapper_methodology_drc_routed.rpx
| Design       : fpga_mnist_wrapper
| Device       : xc7a35tcpg236-1
| Speed File   : -1
| Design State : Fully Routed
--------------------------------------------------------------------------------------------------------------------------------------------------------------------------------------------

Report Methodology

Table of Contents
-----------------
1. REPORT SUMMARY
2. REPORT DETAILS

1. REPORT SUMMARY
-----------------
            Netlist: netlist
          Floorplan: design_1
      Design limits: <entire design considered>
             Max checks: <unlimited>
             Checks found: 200
+-----------+----------+---------------------------------------------+--------+
| Rule      | Severity | Description                                 | Checks |
+-----------+----------+---------------------------------------------+--------+
| DPIR-1    | Warning  | Asynchronous driver check                   | 67     |
| LUTAR-1   | Warning  | LUT drives async reset alert                | 5      |
| TIMING-9  | Warning  | Unknown CDC Logic                           | 1      |
| TIMING-16 | Warning  | Large setup violation                       | 115    |
| TIMING-18 | Warning  | Missing input or output delay               | 10     |
| XDCB-5    | Warning  | Runtime inefficient way to find pin objects | 2      |
+-----------+----------+---------------------------------------------+--------+

2. REPORT DETAILS
-----------------
DPIR-1#1 Warning
Asynchronous driver check  
DSP fpga_mnist_i/mnist_accel_0/inst/mnist_accel_slave_lite_v1_0_S_AXI_inst/top_mnist_fpga_instance/fc2_fsm/mac_reg0 input pin fpga_mnist_i/mnist_accel_0/inst/mnist_accel_slave_lite_v1_0_S_AXI_inst/top_mnist_fpga_instance/fc2_fsm/mac_reg0/A[0] is connected to registers with an asynchronous reset. This is preventing the possibility of merging these registers in to the DSP Block since the DSP block registers only possess synchronous reset capability.  It is suggested to recode or change these registers to remove the reset or use a synchronous reset to get the best optimization for performance, power and area.
Related violations: <none>

DPIR-1#2 Warning
Asynchronous driver check  
DSP fpga_mnist_i/mnist_accel_0/inst/mnist_accel_slave_lite_v1_0_S_AXI_inst/top_mnist_fpga_instance/fc2_fsm/mac_reg0 input pin fpga_mnist_i/mnist_accel_0/inst/mnist_accel_slave_lite_v1_0_S_AXI_inst/top_mnist_fpga_instance/fc2_fsm/mac_reg0/A[10] is connected to registers with an asynchronous reset. This is preventing the possibility of merging these registers in to the DSP Block since the DSP block registers only possess synchronous reset capability.  It is suggested to recode or change these registers to remove the reset or use a synchronous reset to get the best optimization for performance, power and area.
Related violations: <none>

DPIR-1#3 Warning
Asynchronous driver check  
DSP fpga_mnist_i/mnist_accel_0/inst/mnist_accel_slave_lite_v1_0_S_AXI_inst/top_mnist_fpga_instance/fc2_fsm/mac_reg0 input pin fpga_mnist_i/mnist_accel_0/inst/mnist_accel_slave_lite_v1_0_S_AXI_inst/top_mnist_fpga_instance/fc2_fsm/mac_reg0/A[11] is connected to registers with an asynchronous reset. This is preventing the possibility of merging these registers in to the DSP Block since the DSP block registers only possess synchronous reset capability.  It is suggested to recode or change these registers to remove the reset or use a synchronous reset to get the best optimization for performance, power and area.
Related violations: <none>

DPIR-1#4 Warning
Asynchronous driver check  
DSP fpga_mnist_i/mnist_accel_0/inst/mnist_accel_slave_lite_v1_0_S_AXI_inst/top_mnist_fpga_instance/fc2_fsm/mac_reg0 input pin fpga_mnist_i/mnist_accel_0/inst/mnist_accel_slave_lite_v1_0_S_AXI_inst/top_mnist_fpga_instance/fc2_fsm/mac_reg0/A[12] is connected to registers with an asynchronous reset. This is preventing the possibility of merging these registers in to the DSP Block since the DSP block registers only possess synchronous reset capability.  It is suggested to recode or change these registers to remove the reset or use a synchronous reset to get the best optimization for performance, power and area.
Related violations: <none>

DPIR-1#5 Warning
Asynchronous driver check  
DSP fpga_mnist_i/mnist_accel_0/inst/mnist_accel_slave_lite_v1_0_S_AXI_inst/top_mnist_fpga_instance/fc2_fsm/mac_reg0 input pin fpga_mnist_i/mnist_accel_0/inst/mnist_accel_slave_lite_v1_0_S_AXI_inst/top_mnist_fpga_instance/fc2_fsm/mac_reg0/A[13] is connected to registers with an asynchronous reset. This is preventing the possibility of merging these registers in to the DSP Block since the DSP block registers only possess synchronous reset capability.  It is suggested to recode or change these registers to remove the reset or use a synchronous reset to get the best optimization for performance, power and area.
Related violations: <none>

DPIR-1#6 Warning
Asynchronous driver check  
DSP fpga_mnist_i/mnist_accel_0/inst/mnist_accel_slave_lite_v1_0_S_AXI_inst/top_mnist_fpga_instance/fc2_fsm/mac_reg0 input pin fpga_mnist_i/mnist_accel_0/inst/mnist_accel_slave_lite_v1_0_S_AXI_inst/top_mnist_fpga_instance/fc2_fsm/mac_reg0/A[14] is connected to registers with an asynchronous reset. This is preventing the possibility of merging these registers in to the DSP Block since the DSP block registers only possess synchronous reset capability.  It is suggested to recode or change these registers to remove the reset or use a synchronous reset to get the best optimization for performance, power and area.
Related violations: <none>

DPIR-1#7 Warning
Asynchronous driver check  
DSP fpga_mnist_i/mnist_accel_0/inst/mnist_accel_slave_lite_v1_0_S_AXI_inst/top_mnist_fpga_instance/fc2_fsm/mac_reg0 input pin fpga_mnist_i/mnist_accel_0/inst/mnist_accel_slave_lite_v1_0_S_AXI_inst/top_mnist_fpga_instance/fc2_fsm/mac_reg0/A[15] is connected to registers with an asynchronous reset. This is preventing the possibility of merging these registers in to the DSP Block since the DSP block registers only possess synchronous reset capability.  It is suggested to recode or change these registers to remove the reset or use a synchronous reset to get the best optimization for performance, power and area.
Related violations: <none>

DPIR-1#8 Warning
Asynchronous driver check  
DSP fpga_mnist_i/mnist_accel_0/inst/mnist_accel_slave_lite_v1_0_S_AXI_inst/top_mnist_fpga_instance/fc2_fsm/mac_reg0 input pin fpga_mnist_i/mnist_accel_0/inst/mnist_accel_slave_lite_v1_0_S_AXI_inst/top_mnist_fpga_instance/fc2_fsm/mac_reg0/A[16] is connected to registers with an asynchronous reset. This is preventing the possibility of merging these registers in to the DSP Block since the DSP block registers only possess synchronous reset capability.  It is suggested to recode or change these registers to remove the reset or use a synchronous reset to get the best optimization for performance, power and area.
Related violations: <none>

DPIR-1#9 Warning
Asynchronous driver check  
DSP fpga_mnist_i/mnist_accel_0/inst/mnist_accel_slave_lite_v1_0_S_AXI_inst/top_mnist_fpga_instance/fc2_fsm/mac_reg0 input pin fpga_mnist_i/mnist_accel_0/inst/mnist_accel_slave_lite_v1_0_S_AXI_inst/top_mnist_fpga_instance/fc2_fsm/mac_reg0/A[1] is connected to registers with an asynchronous reset. This is preventing the possibility of merging these registers in to the DSP Block since the DSP block registers only possess synchronous reset capability.  It is suggested to recode or change these registers to remove the reset or use a synchronous reset to get the best optimization for performance, power and area.
Related violations: <none>

DPIR-1#10 Warning
Asynchronous driver check  
DSP fpga_mnist_i/mnist_accel_0/inst/mnist_accel_slave_lite_v1_0_S_AXI_inst/top_mnist_fpga_instance/fc2_fsm/mac_reg0 input pin fpga_mnist_i/mnist_accel_0/inst/mnist_accel_slave_lite_v1_0_S_AXI_inst/top_mnist_fpga_instance/fc2_fsm/mac_reg0/A[2] is connected to registers with an asynchronous reset. This is preventing the possibility of merging these registers in to the DSP Block since the DSP block registers only possess synchronous reset capability.  It is suggested to recode or change these registers to remove the reset or use a synchronous reset to get the best optimization for performance, power and area.
Related violations: <none>

DPIR-1#11 Warning
Asynchronous driver check  
DSP fpga_mnist_i/mnist_accel_0/inst/mnist_accel_slave_lite_v1_0_S_AXI_inst/top_mnist_fpga_instance/fc2_fsm/mac_reg0 input pin fpga_mnist_i/mnist_accel_0/inst/mnist_accel_slave_lite_v1_0_S_AXI_inst/top_mnist_fpga_instance/fc2_fsm/mac_reg0/A[3] is connected to registers with an asynchronous reset. This is preventing the possibility of merging these registers in to the DSP Block since the DSP block registers only possess synchronous reset capability.  It is suggested to recode or change these registers to remove the reset or use a synchronous reset to get the best optimization for performance, power and area.
Related violations: <none>

DPIR-1#12 Warning
Asynchronous driver check  
DSP fpga_mnist_i/mnist_accel_0/inst/mnist_accel_slave_lite_v1_0_S_AXI_inst/top_mnist_fpga_instance/fc2_fsm/mac_reg0 input pin fpga_mnist_i/mnist_accel_0/inst/mnist_accel_slave_lite_v1_0_S_AXI_inst/top_mnist_fpga_instance/fc2_fsm/mac_reg0/A[4] is connected to registers with an asynchronous reset. This is preventing the possibility of merging these registers in to the DSP Block since the DSP block registers only possess synchronous reset capability.  It is suggested to recode or change these registers to remove the reset or use a synchronous reset to get the best optimization for performance, power and area.
Related violations: <none>

DPIR-1#13 Warning
Asynchronous driver check  
DSP fpga_mnist_i/mnist_accel_0/inst/mnist_accel_slave_lite_v1_0_S_AXI_inst/top_mnist_fpga_instance/fc2_fsm/mac_reg0 input pin fpga_mnist_i/mnist_accel_0/inst/mnist_accel_slave_lite_v1_0_S_AXI_inst/top_mnist_fpga_instance/fc2_fsm/mac_reg0/A[5] is connected to registers with an asynchronous reset. This is preventing the possibility of merging these registers in to the DSP Block since the DSP block registers only possess synchronous reset capability.  It is suggested to recode or change these registers to remove the reset or use a synchronous reset to get the best optimization for performance, power and area.
Related violations: <none>

DPIR-1#14 Warning
Asynchronous driver check  
DSP fpga_mnist_i/mnist_accel_0/inst/mnist_accel_slave_lite_v1_0_S_AXI_inst/top_mnist_fpga_instance/fc2_fsm/mac_reg0 input pin fpga_mnist_i/mnist_accel_0/inst/mnist_accel_slave_lite_v1_0_S_AXI_inst/top_mnist_fpga_instance/fc2_fsm/mac_reg0/A[6] is connected to registers with an asynchronous reset. This is preventing the possibility of merging these registers in to the DSP Block since the DSP block registers only possess synchronous reset capability.  It is suggested to recode or change these registers to remove the reset or use a synchronous reset to get the best optimization for performance, power and area.
Related violations: <none>

DPIR-1#15 Warning
Asynchronous driver check  
DSP fpga_mnist_i/mnist_accel_0/inst/mnist_accel_slave_lite_v1_0_S_AXI_inst/top_mnist_fpga_instance/fc2_fsm/mac_reg0 input pin fpga_mnist_i/mnist_accel_0/inst/mnist_accel_slave_lite_v1_0_S_AXI_inst/top_mnist_fpga_instance/fc2_fsm/mac_reg0/A[7] is connected to registers with an asynchronous reset. This is preventing the possibility of merging these registers in to the DSP Block since the DSP block registers only possess synchronous reset capability.  It is suggested to recode or change these registers to remove the reset or use a synchronous reset to get the best optimization for performance, power and area.
Related violations: <none>

DPIR-1#16 Warning
Asynchronous driver check  
DSP fpga_mnist_i/mnist_accel_0/inst/mnist_accel_slave_lite_v1_0_S_AXI_inst/top_mnist_fpga_instance/fc2_fsm/mac_reg0 input pin fpga_mnist_i/mnist_accel_0/inst/mnist_accel_slave_lite_v1_0_S_AXI_inst/top_mnist_fpga_instance/fc2_fsm/mac_reg0/A[8] is connected to registers with an asynchronous reset. This is preventing the possibility of merging these registers in to the DSP Block since the DSP block registers only possess synchronous reset capability.  It is suggested to recode or change these registers to remove the reset or use a synchronous reset to get the best optimization for performance, power and area.
Related violations: <none>

DPIR-1#17 Warning
Asynchronous driver check  
DSP fpga_mnist_i/mnist_accel_0/inst/mnist_accel_slave_lite_v1_0_S_AXI_inst/top_mnist_fpga_instance/fc2_fsm/mac_reg0 input pin fpga_mnist_i/mnist_accel_0/inst/mnist_accel_slave_lite_v1_0_S_AXI_inst/top_mnist_fpga_instance/fc2_fsm/mac_reg0/A[9] is connected to registers with an asynchronous reset. This is preventing the possibility of merging these registers in to the DSP Block since the DSP block registers only possess synchronous reset capability.  It is suggested to recode or change these registers to remove the reset or use a synchronous reset to get the best optimization for performance, power and area.
Related violations: <none>

DPIR-1#18 Warning
Asynchronous driver check  
DSP fpga_mnist_i/mnist_accel_0/inst/mnist_accel_slave_lite_v1_0_S_AXI_inst/top_mnist_fpga_instance/fc2_fsm/mac_reg0 input pin fpga_mnist_i/mnist_accel_0/inst/mnist_accel_slave_lite_v1_0_S_AXI_inst/top_mnist_fpga_instance/fc2_fsm/mac_reg0/B[0] is connected to registers with an asynchronous reset. This is preventing the possibility of merging these registers in to the DSP Block since the DSP block registers only possess synchronous reset capability.  It is suggested to recode or change these registers to remove the reset or use a synchronous reset to get the best optimization for performance, power and area.
Related violations: <none>

DPIR-1#19 Warning
Asynchronous driver check  
DSP fpga_mnist_i/mnist_accel_0/inst/mnist_accel_slave_lite_v1_0_S_AXI_inst/top_mnist_fpga_instance/fc2_fsm/mac_reg0 input pin fpga_mnist_i/mnist_accel_0/inst/mnist_accel_slave_lite_v1_0_S_AXI_inst/top_mnist_fpga_instance/fc2_fsm/mac_reg0/B[10] is connected to registers with an asynchronous reset. This is preventing the possibility of merging these registers in to the DSP Block since the DSP block registers only possess synchronous reset capability.  It is suggested to recode or change these registers to remove the reset or use a synchronous reset to get the best optimization for performance, power and area.
Related violations: <none>

DPIR-1#20 Warning
Asynchronous driver check  
DSP fpga_mnist_i/mnist_accel_0/inst/mnist_accel_slave_lite_v1_0_S_AXI_inst/top_mnist_fpga_instance/fc2_fsm/mac_reg0 input pin fpga_mnist_i/mnist_accel_0/inst/mnist_accel_slave_lite_v1_0_S_AXI_inst/top_mnist_fpga_instance/fc2_fsm/mac_reg0/B[11] is connected to registers with an asynchronous reset. This is preventing the possibility of merging these registers in to the DSP Block since the DSP block registers only possess synchronous reset capability.  It is suggested to recode or change these registers to remove the reset or use a synchronous reset to get the best optimization for performance, power and area.
Related violations: <none>

DPIR-1#21 Warning
Asynchronous driver check  
DSP fpga_mnist_i/mnist_accel_0/inst/mnist_accel_slave_lite_v1_0_S_AXI_inst/top_mnist_fpga_instance/fc2_fsm/mac_reg0 input pin fpga_mnist_i/mnist_accel_0/inst/mnist_accel_slave_lite_v1_0_S_AXI_inst/top_mnist_fpga_instance/fc2_fsm/mac_reg0/B[12] is connected to registers with an asynchronous reset. This is preventing the possibility of merging these registers in to the DSP Block since the DSP block registers only possess synchronous reset capability.  It is suggested to recode or change these registers to remove the reset or use a synchronous reset to get the best optimization for performance, power and area.
Related violations: <none>

DPIR-1#22 Warning
Asynchronous driver check  
DSP fpga_mnist_i/mnist_accel_0/inst/mnist_accel_slave_lite_v1_0_S_AXI_inst/top_mnist_fpga_instance/fc2_fsm/mac_reg0 input pin fpga_mnist_i/mnist_accel_0/inst/mnist_accel_slave_lite_v1_0_S_AXI_inst/top_mnist_fpga_instance/fc2_fsm/mac_reg0/B[13] is connected to registers with an asynchronous reset. This is preventing the possibility of merging these registers in to the DSP Block since the DSP block registers only possess synchronous reset capability.  It is suggested to recode or change these registers to remove the reset or use a synchronous reset to get the best optimization for performance, power and area.
Related violations: <none>

DPIR-1#23 Warning
Asynchronous driver check  
DSP fpga_mnist_i/mnist_accel_0/inst/mnist_accel_slave_lite_v1_0_S_AXI_inst/top_mnist_fpga_instance/fc2_fsm/mac_reg0 input pin fpga_mnist_i/mnist_accel_0/inst/mnist_accel_slave_lite_v1_0_S_AXI_inst/top_mnist_fpga_instance/fc2_fsm/mac_reg0/B[14] is connected to registers with an asynchronous reset. This is preventing the possibility of merging these registers in to the DSP Block since the DSP block registers only possess synchronous reset capability.  It is suggested to recode or change these registers to remove the reset or use a synchronous reset to get the best optimization for performance, power and area.
Related violations: <none>

DPIR-1#24 Warning
Asynchronous driver check  
DSP fpga_mnist_i/mnist_accel_0/inst/mnist_accel_slave_lite_v1_0_S_AXI_inst/top_mnist_fpga_instance/fc2_fsm/mac_reg0 input pin fpga_mnist_i/mnist_accel_0/inst/mnist_accel_slave_lite_v1_0_S_AXI_inst/top_mnist_fpga_instance/fc2_fsm/mac_reg0/B[15] is connected to registers with an asynchronous reset. This is preventing the possibility of merging these registers in to the DSP Block since the DSP block registers only possess synchronous reset capability.  It is suggested to recode or change these registers to remove the reset or use a synchronous reset to get the best optimization for performance, power and area.
Related violations: <none>

DPIR-1#25 Warning
Asynchronous driver check  
DSP fpga_mnist_i/mnist_accel_0/inst/mnist_accel_slave_lite_v1_0_S_AXI_inst/top_mnist_fpga_instance/fc2_fsm/mac_reg0 input pin fpga_mnist_i/mnist_accel_0/inst/mnist_accel_slave_lite_v1_0_S_AXI_inst/top_mnist_fpga_instance/fc2_fsm/mac_reg0/B[16] is connected to registers with an asynchronous reset. This is preventing the possibility of merging these registers in to the DSP Block since the DSP block registers only possess synchronous reset capability.  It is suggested to recode or change these registers to remove the reset or use a synchronous reset to get the best optimization for performance, power and area.
Related violations: <none>

DPIR-1#26 Warning
Asynchronous driver check  
DSP fpga_mnist_i/mnist_accel_0/inst/mnist_accel_slave_lite_v1_0_S_AXI_inst/top_mnist_fpga_instance/fc2_fsm/mac_reg0 input pin fpga_mnist_i/mnist_accel_0/inst/mnist_accel_slave_lite_v1_0_S_AXI_inst/top_mnist_fpga_instance/fc2_fsm/mac_reg0/B[17] is connected to registers with an asynchronous reset. This is preventing the possibility of merging these registers in to the DSP Block since the DSP block registers only possess synchronous reset capability.  It is suggested to recode or change these registers to remove the reset or use a synchronous reset to get the best optimization for performance, power and area.
Related violations: <none>

DPIR-1#27 Warning
Asynchronous driver check  
DSP fpga_mnist_i/mnist_accel_0/inst/mnist_accel_slave_lite_v1_0_S_AXI_inst/top_mnist_fpga_instance/fc2_fsm/mac_reg0 input pin fpga_mnist_i/mnist_accel_0/inst/mnist_accel_slave_lite_v1_0_S_AXI_inst/top_mnist_fpga_instance/fc2_fsm/mac_reg0/B[1] is connected to registers with an asynchronous reset. This is preventing the possibility of merging these registers in to the DSP Block since the DSP block registers only possess synchronous reset capability.  It is suggested to recode or change these registers to remove the reset or use a synchronous reset to get the best optimization for performance, power and area.
Related violations: <none>

DPIR-1#28 Warning
Asynchronous driver check  
DSP fpga_mnist_i/mnist_accel_0/inst/mnist_accel_slave_lite_v1_0_S_AXI_inst/top_mnist_fpga_instance/fc2_fsm/mac_reg0 input pin fpga_mnist_i/mnist_accel_0/inst/mnist_accel_slave_lite_v1_0_S_AXI_inst/top_mnist_fpga_instance/fc2_fsm/mac_reg0/B[2] is connected to registers with an asynchronous reset. This is preventing the possibility of merging these registers in to the DSP Block since the DSP block registers only possess synchronous reset capability.  It is suggested to recode or change these registers to remove the reset or use a synchronous reset to get the best optimization for performance, power and area.
Related violations: <none>

DPIR-1#29 Warning
Asynchronous driver check  
DSP fpga_mnist_i/mnist_accel_0/inst/mnist_accel_slave_lite_v1_0_S_AXI_inst/top_mnist_fpga_instance/fc2_fsm/mac_reg0 input pin fpga_mnist_i/mnist_accel_0/inst/mnist_accel_slave_lite_v1_0_S_AXI_inst/top_mnist_fpga_instance/fc2_fsm/mac_reg0/B[3] is connected to registers with an asynchronous reset. This is preventing the possibility of merging these registers in to the DSP Block since the DSP block registers only possess synchronous reset capability.  It is suggested to recode or change these registers to remove the reset or use a synchronous reset to get the best optimization for performance, power and area.
Related violations: <none>

DPIR-1#30 Warning
Asynchronous driver check  
DSP fpga_mnist_i/mnist_accel_0/inst/mnist_accel_slave_lite_v1_0_S_AXI_inst/top_mnist_fpga_instance/fc2_fsm/mac_reg0 input pin fpga_mnist_i/mnist_accel_0/inst/mnist_accel_slave_lite_v1_0_S_AXI_inst/top_mnist_fpga_instance/fc2_fsm/mac_reg0/B[4] is connected to registers with an asynchronous reset. This is preventing the possibility of merging these registers in to the DSP Block since the DSP block registers only possess synchronous reset capability.  It is suggested to recode or change these registers to remove the reset or use a synchronous reset to get the best optimization for performance, power and area.
Related violations: <none>

DPIR-1#31 Warning
Asynchronous driver check  
DSP fpga_mnist_i/mnist_accel_0/inst/mnist_accel_slave_lite_v1_0_S_AXI_inst/top_mnist_fpga_instance/fc2_fsm/mac_reg0 input pin fpga_mnist_i/mnist_accel_0/inst/mnist_accel_slave_lite_v1_0_S_AXI_inst/top_mnist_fpga_instance/fc2_fsm/mac_reg0/B[5] is connected to registers with an asynchronous reset. This is preventing the possibility of merging these registers in to the DSP Block since the DSP block registers only possess synchronous reset capability.  It is suggested to recode or change these registers to remove the reset or use a synchronous reset to get the best optimization for performance, power and area.
Related violations: <none>

DPIR-1#32 Warning
Asynchronous driver check  
DSP fpga_mnist_i/mnist_accel_0/inst/mnist_accel_slave_lite_v1_0_S_AXI_inst/top_mnist_fpga_instance/fc2_fsm/mac_reg0 input pin fpga_mnist_i/mnist_accel_0/inst/mnist_accel_slave_lite_v1_0_S_AXI_inst/top_mnist_fpga_instance/fc2_fsm/mac_reg0/B[6] is connected to registers with an asynchronous reset. This is preventing the possibility of merging these registers in to the DSP Block since the DSP block registers only possess synchronous reset capability.  It is suggested to recode or change these registers to remove the reset or use a synchronous reset to get the best optimization for performance, power and area.
Related violations: <none>

DPIR-1#33 Warning
Asynchronous driver check  
DSP fpga_mnist_i/mnist_accel_0/inst/mnist_accel_slave_lite_v1_0_S_AXI_inst/top_mnist_fpga_instance/fc2_fsm/mac_reg0 input pin fpga_mnist_i/mnist_accel_0/inst/mnist_accel_slave_lite_v1_0_S_AXI_inst/top_mnist_fpga_instance/fc2_fsm/mac_reg0/B[7] is connected to registers with an asynchronous reset. This is preventing the possibility of merging these registers in to the DSP Block since the DSP block registers only possess synchronous reset capability.  It is suggested to recode or change these registers to remove the reset or use a synchronous reset to get the best optimization for performance, power and area.
Related violations: <none>

DPIR-1#34 Warning
Asynchronous driver check  
DSP fpga_mnist_i/mnist_accel_0/inst/mnist_accel_slave_lite_v1_0_S_AXI_inst/top_mnist_fpga_instance/fc2_fsm/mac_reg0 input pin fpga_mnist_i/mnist_accel_0/inst/mnist_accel_slave_lite_v1_0_S_AXI_inst/top_mnist_fpga_instance/fc2_fsm/mac_reg0/B[8] is connected to registers with an asynchronous reset. This is preventing the possibility of merging these registers in to the DSP Block since the DSP block registers only possess synchronous reset capability.  It is suggested to recode or change these registers to remove the reset or use a synchronous reset to get the best optimization for performance, power and area.
Related violations: <none>

DPIR-1#35 Warning
Asynchronous driver check  
DSP fpga_mnist_i/mnist_accel_0/inst/mnist_accel_slave_lite_v1_0_S_AXI_inst/top_mnist_fpga_instance/fc2_fsm/mac_reg0 input pin fpga_mnist_i/mnist_accel_0/inst/mnist_accel_slave_lite_v1_0_S_AXI_inst/top_mnist_fpga_instance/fc2_fsm/mac_reg0/B[9] is connected to registers with an asynchronous reset. This is preventing the possibility of merging these registers in to the DSP Block since the DSP block registers only possess synchronous reset capability.  It is suggested to recode or change these registers to remove the reset or use a synchronous reset to get the best optimization for performance, power and area.
Related violations: <none>

DPIR-1#36 Warning
Asynchronous driver check  
DSP fpga_mnist_i/mnist_accel_0/inst/mnist_accel_slave_lite_v1_0_S_AXI_inst/top_mnist_fpga_instance/fc2_fsm/mac_reg0__0 input pin fpga_mnist_i/mnist_accel_0/inst/mnist_accel_slave_lite_v1_0_S_AXI_inst/top_mnist_fpga_instance/fc2_fsm/mac_reg0__0/A[0] is connected to registers with an asynchronous reset. This is preventing the possibility of merging these registers in to the DSP Block since the DSP block registers only possess synchronous reset capability.  It is suggested to recode or change these registers to remove the reset or use a synchronous reset to get the best optimization for performance, power and area.
Related violations: <none>

DPIR-1#37 Warning
Asynchronous driver check  
DSP fpga_mnist_i/mnist_accel_0/inst/mnist_accel_slave_lite_v1_0_S_AXI_inst/top_mnist_fpga_instance/fc2_fsm/mac_reg0__0 input pin fpga_mnist_i/mnist_accel_0/inst/mnist_accel_slave_lite_v1_0_S_AXI_inst/top_mnist_fpga_instance/fc2_fsm/mac_reg0__0/A[10] is connected to registers with an asynchronous reset. This is preventing the possibility of merging these registers in to the DSP Block since the DSP block registers only possess synchronous reset capability.  It is suggested to recode or change these registers to remove the reset or use a synchronous reset to get the best optimization for performance, power and area.
Related violations: <none>

DPIR-1#38 Warning
Asynchronous driver check  
DSP fpga_mnist_i/mnist_accel_0/inst/mnist_accel_slave_lite_v1_0_S_AXI_inst/top_mnist_fpga_instance/fc2_fsm/mac_reg0__0 input pin fpga_mnist_i/mnist_accel_0/inst/mnist_accel_slave_lite_v1_0_S_AXI_inst/top_mnist_fpga_instance/fc2_fsm/mac_reg0__0/A[11] is connected to registers with an asynchronous reset. This is preventing the possibility of merging these registers in to the DSP Block since the DSP block registers only possess synchronous reset capability.  It is suggested to recode or change these registers to remove the reset or use a synchronous reset to get the best optimization for performance, power and area.
Related violations: <none>

DPIR-1#39 Warning
Asynchronous driver check  
DSP fpga_mnist_i/mnist_accel_0/inst/mnist_accel_slave_lite_v1_0_S_AXI_inst/top_mnist_fpga_instance/fc2_fsm/mac_reg0__0 input pin fpga_mnist_i/mnist_accel_0/inst/mnist_accel_slave_lite_v1_0_S_AXI_inst/top_mnist_fpga_instance/fc2_fsm/mac_reg0__0/A[12] is connected to registers with an asynchronous reset. This is preventing the possibility of merging these registers in to the DSP Block since the DSP block registers only possess synchronous reset capability.  It is suggested to recode or change these registers to remove the reset or use a synchronous reset to get the best optimization for performance, power and area.
Related violations: <none>

DPIR-1#40 Warning
Asynchronous driver check  
DSP fpga_mnist_i/mnist_accel_0/inst/mnist_accel_slave_lite_v1_0_S_AXI_inst/top_mnist_fpga_instance/fc2_fsm/mac_reg0__0 input pin fpga_mnist_i/mnist_accel_0/inst/mnist_accel_slave_lite_v1_0_S_AXI_inst/top_mnist_fpga_instance/fc2_fsm/mac_reg0__0/A[13] is connected to registers with an asynchronous reset. This is preventing the possibility of merging these registers in to the DSP Block since the DSP block registers only possess synchronous reset capability.  It is suggested to recode or change these registers to remove the reset or use a synchronous reset to get the best optimization for performance, power and area.
Related violations: <none>

DPIR-1#41 Warning
Asynchronous driver check  
DSP fpga_mnist_i/mnist_accel_0/inst/mnist_accel_slave_lite_v1_0_S_AXI_inst/top_mnist_fpga_instance/fc2_fsm/mac_reg0__0 input pin fpga_mnist_i/mnist_accel_0/inst/mnist_accel_slave_lite_v1_0_S_AXI_inst/top_mnist_fpga_instance/fc2_fsm/mac_reg0__0/A[1] is connected to registers with an asynchronous reset. This is preventing the possibility of merging these registers in to the DSP Block since the DSP block registers only possess synchronous reset capability.  It is suggested to recode or change these registers to remove the reset or use a synchronous reset to get the best optimization for performance, power and area.
Related violations: <none>

DPIR-1#42 Warning
Asynchronous driver check  
DSP fpga_mnist_i/mnist_accel_0/inst/mnist_accel_slave_lite_v1_0_S_AXI_inst/top_mnist_fpga_instance/fc2_fsm/mac_reg0__0 input pin fpga_mnist_i/mnist_accel_0/inst/mnist_accel_slave_lite_v1_0_S_AXI_inst/top_mnist_fpga_instance/fc2_fsm/mac_reg0__0/A[2] is connected to registers with an asynchronous reset. This is preventing the possibility of merging these registers in to the DSP Block since the DSP block registers only possess synchronous reset capability.  It is suggested to recode or change these registers to remove the reset or use a synchronous reset to get the best optimization for performance, power and area.
Related violations: <none>

DPIR-1#43 Warning
Asynchronous driver check  
DSP fpga_mnist_i/mnist_accel_0/inst/mnist_accel_slave_lite_v1_0_S_AXI_inst/top_mnist_fpga_instance/fc2_fsm/mac_reg0__0 input pin fpga_mnist_i/mnist_accel_0/inst/mnist_accel_slave_lite_v1_0_S_AXI_inst/top_mnist_fpga_instance/fc2_fsm/mac_reg0__0/A[3] is connected to registers with an asynchronous reset. This is preventing the possibility of merging these registers in to the DSP Block since the DSP block registers only possess synchronous reset capability.  It is suggested to recode or change these registers to remove the reset or use a synchronous reset to get the best optimization for performance, power and area.
Related violations: <none>

DPIR-1#44 Warning
Asynchronous driver check  
DSP fpga_mnist_i/mnist_accel_0/inst/mnist_accel_slave_lite_v1_0_S_AXI_inst/top_mnist_fpga_instance/fc2_fsm/mac_reg0__0 input pin fpga_mnist_i/mnist_accel_0/inst/mnist_accel_slave_lite_v1_0_S_AXI_inst/top_mnist_fpga_instance/fc2_fsm/mac_reg0__0/A[4] is connected to registers with an asynchronous reset. This is preventing the possibility of merging these registers in to the DSP Block since the DSP block registers only possess synchronous reset capability.  It is suggested to recode or change these registers to remove the reset or use a synchronous reset to get the best optimization for performance, power and area.
Related violations: <none>

DPIR-1#45 Warning
Asynchronous driver check  
DSP fpga_mnist_i/mnist_accel_0/inst/mnist_accel_slave_lite_v1_0_S_AXI_inst/top_mnist_fpga_instance/fc2_fsm/mac_reg0__0 input pin fpga_mnist_i/mnist_accel_0/inst/mnist_accel_slave_lite_v1_0_S_AXI_inst/top_mnist_fpga_instance/fc2_fsm/mac_reg0__0/A[5] is connected to registers with an asynchronous reset. This is preventing the possibility of merging these registers in to the DSP Block since the DSP block registers only possess synchronous reset capability.  It is suggested to recode or change these registers to remove the reset or use a synchronous reset to get the best optimization for performance, power and area.
Related violations: <none>

DPIR-1#46 Warning
Asynchronous driver check  
DSP fpga_mnist_i/mnist_accel_0/inst/mnist_accel_slave_lite_v1_0_S_AXI_inst/top_mnist_fpga_instance/fc2_fsm/mac_reg0__0 input pin fpga_mnist_i/mnist_accel_0/inst/mnist_accel_slave_lite_v1_0_S_AXI_inst/top_mnist_fpga_instance/fc2_fsm/mac_reg0__0/A[6] is connected to registers with an asynchronous reset. This is preventing the possibility of merging these registers in to the DSP Block since the DSP block registers only possess synchronous reset capability.  It is suggested to recode or change these registers to remove the reset or use a synchronous reset to get the best optimization for performance, power and area.
Related violations: <none>

DPIR-1#47 Warning
Asynchronous driver check  
DSP fpga_mnist_i/mnist_accel_0/inst/mnist_accel_slave_lite_v1_0_S_AXI_inst/top_mnist_fpga_instance/fc2_fsm/mac_reg0__0 input pin fpga_mnist_i/mnist_accel_0/inst/mnist_accel_slave_lite_v1_0_S_AXI_inst/top_mnist_fpga_instance/fc2_fsm/mac_reg0__0/A[7] is connected to registers with an asynchronous reset. This is preventing the possibility of merging these registers in to the DSP Block since the DSP block registers only possess synchronous reset capability.  It is suggested to recode or change these registers to remove the reset or use a synchronous reset to get the best optimization for performance, power and area.
Related violations: <none>

DPIR-1#48 Warning
Asynchronous driver check  
DSP fpga_mnist_i/mnist_accel_0/inst/mnist_accel_slave_lite_v1_0_S_AXI_inst/top_mnist_fpga_instance/fc2_fsm/mac_reg0__0 input pin fpga_mnist_i/mnist_accel_0/inst/mnist_accel_slave_lite_v1_0_S_AXI_inst/top_mnist_fpga_instance/fc2_fsm/mac_reg0__0/A[8] is connected to registers with an asynchronous reset. This is preventing the possibility of merging these registers in to the DSP Block since the DSP block registers only possess synchronous reset capability.  It is suggested to recode or change these registers to remove the reset or use a synchronous reset to get the best optimization for performance, power and area.
Related violations: <none>

DPIR-1#49 Warning
Asynchronous driver check  
DSP fpga_mnist_i/mnist_accel_0/inst/mnist_accel_slave_lite_v1_0_S_AXI_inst/top_mnist_fpga_instance/fc2_fsm/mac_reg0__0 input pin fpga_mnist_i/mnist_accel_0/inst/mnist_accel_slave_lite_v1_0_S_AXI_inst/top_mnist_fpga_instance/fc2_fsm/mac_reg0__0/A[9] is connected to registers with an asynchronous reset. This is preventing the possibility of merging these registers in to the DSP Block since the DSP block registers only possess synchronous reset capability.  It is suggested to recode or change these registers to remove the reset or use a synchronous reset to get the best optimization for performance, power and area.
Related violations: <none>

DPIR-1#50 Warning
Asynchronous driver check  
DSP fpga_mnist_i/mnist_accel_0/inst/mnist_accel_slave_lite_v1_0_S_AXI_inst/top_mnist_fpga_instance/fc2_fsm/mac_reg0__0 input pin fpga_mnist_i/mnist_accel_0/inst/mnist_accel_slave_lite_v1_0_S_AXI_inst/top_mnist_fpga_instance/fc2_fsm/mac_reg0__0/B[0] is connected to registers with an asynchronous reset. This is preventing the possibility of merging these registers in to the DSP Block since the DSP block registers only possess synchronous reset capability.  It is suggested to recode or change these registers to remove the reset or use a synchronous reset to get the best optimization for performance, power and area.
Related violations: <none>

DPIR-1#51 Warning
Asynchronous driver check  
DSP fpga_mnist_i/mnist_accel_0/inst/mnist_accel_slave_lite_v1_0_S_AXI_inst/top_mnist_fpga_instance/fc2_fsm/mac_reg0__0 input pin fpga_mnist_i/mnist_accel_0/inst/mnist_accel_slave_lite_v1_0_S_AXI_inst/top_mnist_fpga_instance/fc2_fsm/mac_reg0__0/B[10] is connected to registers with an asynchronous reset. This is preventing the possibility of merging these registers in to the DSP Block since the DSP block registers only possess synchronous reset capability.  It is suggested to recode or change these registers to remove the reset or use a synchronous reset to get the best optimization for performance, power and area.
Related violations: <none>

DPIR-1#52 Warning
Asynchronous driver check  
DSP fpga_mnist_i/mnist_accel_0/inst/mnist_accel_slave_lite_v1_0_S_AXI_inst/top_mnist_fpga_instance/fc2_fsm/mac_reg0__0 input pin fpga_mnist_i/mnist_accel_0/inst/mnist_accel_slave_lite_v1_0_S_AXI_inst/top_mnist_fpga_instance/fc2_fsm/mac_reg0__0/B[11] is connected to registers with an asynchronous reset. This is preventing the possibility of merging these registers in to the DSP Block since the DSP block registers only possess synchronous reset capability.  It is suggested to recode or change these registers to remove the reset or use a synchronous reset to get the best optimization for performance, power and area.
Related violations: <none>

DPIR-1#53 Warning
Asynchronous driver check  
DSP fpga_mnist_i/mnist_accel_0/inst/mnist_accel_slave_lite_v1_0_S_AXI_inst/top_mnist_fpga_instance/fc2_fsm/mac_reg0__0 input pin fpga_mnist_i/mnist_accel_0/inst/mnist_accel_slave_lite_v1_0_S_AXI_inst/top_mnist_fpga_instance/fc2_fsm/mac_reg0__0/B[12] is connected to registers with an asynchronous reset. This is preventing the possibility of merging these registers in to the DSP Block since the DSP block registers only possess synchronous reset capability.  It is suggested to recode or change these registers to remove the reset or use a synchronous reset to get the best optimization for performance, power and area.
Related violations: <none>

DPIR-1#54 Warning
Asynchronous driver check  
DSP fpga_mnist_i/mnist_accel_0/inst/mnist_accel_slave_lite_v1_0_S_AXI_inst/top_mnist_fpga_instance/fc2_fsm/mac_reg0__0 input pin fpga_mnist_i/mnist_accel_0/inst/mnist_accel_slave_lite_v1_0_S_AXI_inst/top_mnist_fpga_instance/fc2_fsm/mac_reg0__0/B[13] is connected to registers with an asynchronous reset. This is preventing the possibility of merging these registers in to the DSP Block since the DSP block registers only possess synchronous reset capability.  It is suggested to recode or change these registers to remove the reset or use a synchronous reset to get the best optimization for performance, power and area.
Related violations: <none>

DPIR-1#55 Warning
Asynchronous driver check  
DSP fpga_mnist_i/mnist_accel_0/inst/mnist_accel_slave_lite_v1_0_S_AXI_inst/top_mnist_fpga_instance/fc2_fsm/mac_reg0__0 input pin fpga_mnist_i/mnist_accel_0/inst/mnist_accel_slave_lite_v1_0_S_AXI_inst/top_mnist_fpga_instance/fc2_fsm/mac_reg0__0/B[14] is connected to registers with an asynchronous reset. This is preventing the possibility of merging these registers in to the DSP Block since the DSP block registers only possess synchronous reset capability.  It is suggested to recode or change these registers to remove the reset or use a synchronous reset to get the best optimization for performance, power and area.
Related violations: <none>

DPIR-1#56 Warning
Asynchronous driver check  
DSP fpga_mnist_i/mnist_accel_0/inst/mnist_accel_slave_lite_v1_0_S_AXI_inst/top_mnist_fpga_instance/fc2_fsm/mac_reg0__0 input pin fpga_mnist_i/mnist_accel_0/inst/mnist_accel_slave_lite_v1_0_S_AXI_inst/top_mnist_fpga_instance/fc2_fsm/mac_reg0__0/B[15] is connected to registers with an asynchronous reset. This is preventing the possibility of merging these registers in to the DSP Block since the DSP block registers only possess synchronous reset capability.  It is suggested to recode or change these registers to remove the reset or use a synchronous reset to get the best optimization for performance, power and area.
Related violations: <none>

DPIR-1#57 Warning
Asynchronous driver check  
DSP fpga_mnist_i/mnist_accel_0/inst/mnist_accel_slave_lite_v1_0_S_AXI_inst/top_mnist_fpga_instance/fc2_fsm/mac_reg0__0 input pin fpga_mnist_i/mnist_accel_0/inst/mnist_accel_slave_lite_v1_0_S_AXI_inst/top_mnist_fpga_instance/fc2_fsm/mac_reg0__0/B[16] is connected to registers with an asynchronous reset. This is preventing the possibility of merging these registers in to the DSP Block since the DSP block registers only possess synchronous reset capability.  It is suggested to recode or change these registers to remove the reset or use a synchronous reset to get the best optimization for performance, power and area.
Related violations: <none>

DPIR-1#58 Warning
Asynchronous driver check  
DSP fpga_mnist_i/mnist_accel_0/inst/mnist_accel_slave_lite_v1_0_S_AXI_inst/top_mnist_fpga_instance/fc2_fsm/mac_reg0__0 input pin fpga_mnist_i/mnist_accel_0/inst/mnist_accel_slave_lite_v1_0_S_AXI_inst/top_mnist_fpga_instance/fc2_fsm/mac_reg0__0/B[17] is connected to registers with an asynchronous reset. This is preventing the possibility of merging these registers in to the DSP Block since the DSP block registers only possess synchronous reset capability.  It is suggested to recode or change these registers to remove the reset or use a synchronous reset to get the best optimization for performance, power and area.
Related violations: <none>

DPIR-1#59 Warning
Asynchronous driver check  
DSP fpga_mnist_i/mnist_accel_0/inst/mnist_accel_slave_lite_v1_0_S_AXI_inst/top_mnist_fpga_instance/fc2_fsm/mac_reg0__0 input pin fpga_mnist_i/mnist_accel_0/inst/mnist_accel_slave_lite_v1_0_S_AXI_inst/top_mnist_fpga_instance/fc2_fsm/mac_reg0__0/B[1] is connected to registers with an asynchronous reset. This is preventing the possibility of merging these registers in to the DSP Block since the DSP block registers only possess synchronous reset capability.  It is suggested to recode or change these registers to remove the reset or use a synchronous reset to get the best optimization for performance, power and area.
Related violations: <none>

DPIR-1#60 Warning
Asynchronous driver check  
DSP fpga_mnist_i/mnist_accel_0/inst/mnist_accel_slave_lite_v1_0_S_AXI_inst/top_mnist_fpga_instance/fc2_fsm/mac_reg0__0 input pin fpga_mnist_i/mnist_accel_0/inst/mnist_accel_slave_lite_v1_0_S_AXI_inst/top_mnist_fpga_instance/fc2_fsm/mac_reg0__0/B[2] is connected to registers with an asynchronous reset. This is preventing the possibility of merging these registers in to the DSP Block since the DSP block registers only possess synchronous reset capability.  It is suggested to recode or change these registers to remove the reset or use a synchronous reset to get the best optimization for performance, power and area.
Related violations: <none>

DPIR-1#61 Warning
Asynchronous driver check  
DSP fpga_mnist_i/mnist_accel_0/inst/mnist_accel_slave_lite_v1_0_S_AXI_inst/top_mnist_fpga_instance/fc2_fsm/mac_reg0__0 input pin fpga_mnist_i/mnist_accel_0/inst/mnist_accel_slave_lite_v1_0_S_AXI_inst/top_mnist_fpga_instance/fc2_fsm/mac_reg0__0/B[3] is connected to registers with an asynchronous reset. This is preventing the possibility of merging these registers in to the DSP Block since the DSP block registers only possess synchronous reset capability.  It is suggested to recode or change these registers to remove the reset or use a synchronous reset to get the best optimization for performance, power and area.
Related violations: <none>

DPIR-1#62 Warning
Asynchronous driver check  
DSP fpga_mnist_i/mnist_accel_0/inst/mnist_accel_slave_lite_v1_0_S_AXI_inst/top_mnist_fpga_instance/fc2_fsm/mac_reg0__0 input pin fpga_mnist_i/mnist_accel_0/inst/mnist_accel_slave_lite_v1_0_S_AXI_inst/top_mnist_fpga_instance/fc2_fsm/mac_reg0__0/B[4] is connected to registers with an asynchronous reset. This is preventing the possibility of merging these registers in to the DSP Block since the DSP block registers only possess synchronous reset capability.  It is suggested to recode or change these registers to remove the reset or use a synchronous reset to get the best optimization for performance, power and area.
Related violations: <none>

DPIR-1#63 Warning
Asynchronous driver check  
DSP fpga_mnist_i/mnist_accel_0/inst/mnist_accel_slave_lite_v1_0_S_AXI_inst/top_mnist_fpga_instance/fc2_fsm/mac_reg0__0 input pin fpga_mnist_i/mnist_accel_0/inst/mnist_accel_slave_lite_v1_0_S_AXI_inst/top_mnist_fpga_instance/fc2_fsm/mac_reg0__0/B[5] is connected to registers with an asynchronous reset. This is preventing the possibility of merging these registers in to the DSP Block since the DSP block registers only possess synchronous reset capability.  It is suggested to recode or change these registers to remove the reset or use a synchronous reset to get the best optimization for performance, power and area.
Related violations: <none>

DPIR-1#64 Warning
Asynchronous driver check  
DSP fpga_mnist_i/mnist_accel_0/inst/mnist_accel_slave_lite_v1_0_S_AXI_inst/top_mnist_fpga_instance/fc2_fsm/mac_reg0__0 input pin fpga_mnist_i/mnist_accel_0/inst/mnist_accel_slave_lite_v1_0_S_AXI_inst/top_mnist_fpga_instance/fc2_fsm/mac_reg0__0/B[6] is connected to registers with an asynchronous reset. This is preventing the possibility of merging these registers in to the DSP Block since the DSP block registers only possess synchronous reset capability.  It is suggested to recode or change these registers to remove the reset or use a synchronous reset to get the best optimization for performance, power and area.
Related violations: <none>

DPIR-1#65 Warning
Asynchronous driver check  
DSP fpga_mnist_i/mnist_accel_0/inst/mnist_accel_slave_lite_v1_0_S_AXI_inst/top_mnist_fpga_instance/fc2_fsm/mac_reg0__0 input pin fpga_mnist_i/mnist_accel_0/inst/mnist_accel_slave_lite_v1_0_S_AXI_inst/top_mnist_fpga_instance/fc2_fsm/mac_reg0__0/B[7] is connected to registers with an asynchronous reset. This is preventing the possibility of merging these registers in to the DSP Block since the DSP block registers only possess synchronous reset capability.  It is suggested to recode or change these registers to remove the reset or use a synchronous reset to get the best optimization for performance, power and area.
Related violations: <none>

DPIR-1#66 Warning
Asynchronous driver check  
DSP fpga_mnist_i/mnist_accel_0/inst/mnist_accel_slave_lite_v1_0_S_AXI_inst/top_mnist_fpga_instance/fc2_fsm/mac_reg0__0 input pin fpga_mnist_i/mnist_accel_0/inst/mnist_accel_slave_lite_v1_0_S_AXI_inst/top_mnist_fpga_instance/fc2_fsm/mac_reg0__0/B[8] is connected to registers with an asynchronous reset. This is preventing the possibility of merging these registers in to the DSP Block since the DSP block registers only possess synchronous reset capability.  It is suggested to recode or change these registers to remove the reset or use a synchronous reset to get the best optimization for performance, power and area.
Related violations: <none>

DPIR-1#67 Warning
Asynchronous driver check  
DSP fpga_mnist_i/mnist_accel_0/inst/mnist_accel_slave_lite_v1_0_S_AXI_inst/top_mnist_fpga_instance/fc2_fsm/mac_reg0__0 input pin fpga_mnist_i/mnist_accel_0/inst/mnist_accel_slave_lite_v1_0_S_AXI_inst/top_mnist_fpga_instance/fc2_fsm/mac_reg0__0/B[9] is connected to registers with an asynchronous reset. This is preventing the possibility of merging these registers in to the DSP Block since the DSP block registers only possess synchronous reset capability.  It is suggested to recode or change these registers to remove the reset or use a synchronous reset to get the best optimization for performance, power and area.
Related violations: <none>

LUTAR-1#1 Warning
LUT drives async reset alert  
LUT cell dbg_hub/inst/BSCANID.u_xsdbm_id/CORE_XSDB.UUT_MASTER/U_ICON_INTERFACE/U_CMD6_RD/U_RD_FIFO/SUBCORE_FIFO.xsdbm_v3_0_3_rdfifo_inst/inst_fifo_gen/gconvfifo.rf/grf.rf/rstblk/ngwrdrst.grst.g7serrst.gwrrd_rst_sync_stage[2].rrst_inst/ngwrdrst.grst.g7serrst.rd_rst_reg[2]_i_1, with 2 or more inputs, drives asynchronous preset/clear pin(s) dbg_hub/inst/BSCANID.u_xsdbm_id/CORE_XSDB.UUT_MASTER/U_ICON_INTERFACE/U_CMD6_RD/U_RD_FIFO/SUBCORE_FIFO.xsdbm_v3_0_3_rdfifo_inst/inst_fifo_gen/gconvfifo.rf/grf.rf/rstblk/ngwrdrst.grst.g7serrst.rd_rst_reg_reg[0]/PRE,
dbg_hub/inst/BSCANID.u_xsdbm_id/CORE_XSDB.UUT_MASTER/U_ICON_INTERFACE/U_CMD6_RD/U_RD_FIFO/SUBCORE_FIFO.xsdbm_v3_0_3_rdfifo_inst/inst_fifo_gen/gconvfifo.rf/grf.rf/rstblk/ngwrdrst.grst.g7serrst.rd_rst_reg_reg[1]/PRE
dbg_hub/inst/BSCANID.u_xsdbm_id/CORE_XSDB.UUT_MASTER/U_ICON_INTERFACE/U_CMD6_RD/U_RD_FIFO/SUBCORE_FIFO.xsdbm_v3_0_3_rdfifo_inst/inst_fifo_gen/gconvfifo.rf/grf.rf/rstblk/ngwrdrst.grst.g7serrst.rd_rst_reg_reg[2]/PRE. The LUT may glitch and trigger an unexpected reset, even if it is a properly timed path.
Related violations: <none>

LUTAR-1#2 Warning
LUT drives async reset alert  
LUT cell dbg_hub/inst/BSCANID.u_xsdbm_id/CORE_XSDB.UUT_MASTER/U_ICON_INTERFACE/U_CMD6_RD/U_RD_FIFO/SUBCORE_FIFO.xsdbm_v3_0_3_rdfifo_inst/inst_fifo_gen/gconvfifo.rf/grf.rf/rstblk/ngwrdrst.grst.g7serrst.gwrrd_rst_sync_stage[2].wrst_inst/ngwrdrst.grst.g7serrst.wr_rst_reg[2]_i_1, with 2 or more inputs, drives asynchronous preset/clear pin(s) dbg_hub/inst/BSCANID.u_xsdbm_id/CORE_XSDB.UUT_MASTER/U_ICON_INTERFACE/U_CMD6_RD/U_RD_FIFO/SUBCORE_FIFO.xsdbm_v3_0_3_rdfifo_inst/inst_fifo_gen/gconvfifo.rf/grf.rf/rstblk/ngwrdrst.grst.g7serrst.wr_rst_reg_reg[0]/PRE,
dbg_hub/inst/BSCANID.u_xsdbm_id/CORE_XSDB.UUT_MASTER/U_ICON_INTERFACE/U_CMD6_RD/U_RD_FIFO/SUBCORE_FIFO.xsdbm_v3_0_3_rdfifo_inst/inst_fifo_gen/gconvfifo.rf/grf.rf/rstblk/ngwrdrst.grst.g7serrst.wr_rst_reg_reg[1]/PRE
dbg_hub/inst/BSCANID.u_xsdbm_id/CORE_XSDB.UUT_MASTER/U_ICON_INTERFACE/U_CMD6_RD/U_RD_FIFO/SUBCORE_FIFO.xsdbm_v3_0_3_rdfifo_inst/inst_fifo_gen/gconvfifo.rf/grf.rf/rstblk/ngwrdrst.grst.g7serrst.wr_rst_reg_reg[2]/PRE. The LUT may glitch and trigger an unexpected reset, even if it is a properly timed path.
Related violations: <none>

LUTAR-1#3 Warning
LUT drives async reset alert  
LUT cell dbg_hub/inst/BSCANID.u_xsdbm_id/CORE_XSDB.UUT_MASTER/U_ICON_INTERFACE/U_CMD6_WR/U_WR_FIFO/SUBCORE_FIFO.xsdbm_v3_0_3_wrfifo_inst/inst_fifo_gen/gconvfifo.rf/grf.rf/rstblk/ngwrdrst.grst.g7serrst.gwrrd_rst_sync_stage[2].rrst_inst/ngwrdrst.grst.g7serrst.rd_rst_reg[2]_i_1, with 2 or more inputs, drives asynchronous preset/clear pin(s) dbg_hub/inst/BSCANID.u_xsdbm_id/CORE_XSDB.UUT_MASTER/U_ICON_INTERFACE/U_CMD6_WR/U_WR_FIFO/SUBCORE_FIFO.xsdbm_v3_0_3_wrfifo_inst/inst_fifo_gen/gconvfifo.rf/grf.rf/rstblk/ngwrdrst.grst.g7serrst.rd_rst_reg_reg[0]/PRE,
dbg_hub/inst/BSCANID.u_xsdbm_id/CORE_XSDB.UUT_MASTER/U_ICON_INTERFACE/U_CMD6_WR/U_WR_FIFO/SUBCORE_FIFO.xsdbm_v3_0_3_wrfifo_inst/inst_fifo_gen/gconvfifo.rf/grf.rf/rstblk/ngwrdrst.grst.g7serrst.rd_rst_reg_reg[1]/PRE
dbg_hub/inst/BSCANID.u_xsdbm_id/CORE_XSDB.UUT_MASTER/U_ICON_INTERFACE/U_CMD6_WR/U_WR_FIFO/SUBCORE_FIFO.xsdbm_v3_0_3_wrfifo_inst/inst_fifo_gen/gconvfifo.rf/grf.rf/rstblk/ngwrdrst.grst.g7serrst.rd_rst_reg_reg[2]/PRE. The LUT may glitch and trigger an unexpected reset, even if it is a properly timed path.
Related violations: <none>

LUTAR-1#4 Warning
LUT drives async reset alert  
LUT cell dbg_hub/inst/BSCANID.u_xsdbm_id/CORE_XSDB.UUT_MASTER/U_ICON_INTERFACE/U_CMD6_WR/U_WR_FIFO/SUBCORE_FIFO.xsdbm_v3_0_3_wrfifo_inst/inst_fifo_gen/gconvfifo.rf/grf.rf/rstblk/ngwrdrst.grst.g7serrst.gwrrd_rst_sync_stage[2].wrst_inst/ngwrdrst.grst.g7serrst.wr_rst_reg[2]_i_1, with 2 or more inputs, drives asynchronous preset/clear pin(s) dbg_hub/inst/BSCANID.u_xsdbm_id/CORE_XSDB.UUT_MASTER/U_ICON_INTERFACE/U_CMD6_WR/U_WR_FIFO/SUBCORE_FIFO.xsdbm_v3_0_3_wrfifo_inst/inst_fifo_gen/gconvfifo.rf/grf.rf/rstblk/ngwrdrst.grst.g7serrst.wr_rst_reg_reg[0]/PRE,
dbg_hub/inst/BSCANID.u_xsdbm_id/CORE_XSDB.UUT_MASTER/U_ICON_INTERFACE/U_CMD6_WR/U_WR_FIFO/SUBCORE_FIFO.xsdbm_v3_0_3_wrfifo_inst/inst_fifo_gen/gconvfifo.rf/grf.rf/rstblk/ngwrdrst.grst.g7serrst.wr_rst_reg_reg[1]/PRE
dbg_hub/inst/BSCANID.u_xsdbm_id/CORE_XSDB.UUT_MASTER/U_ICON_INTERFACE/U_CMD6_WR/U_WR_FIFO/SUBCORE_FIFO.xsdbm_v3_0_3_wrfifo_inst/inst_fifo_gen/gconvfifo.rf/grf.rf/rstblk/ngwrdrst.grst.g7serrst.wr_rst_reg_reg[2]/PRE. The LUT may glitch and trigger an unexpected reset, even if it is a properly timed path.
Related violations: <none>

LUTAR-1#5 Warning
LUT drives async reset alert  
LUT cell fpga_mnist_i/mdm_0/U0/MDM_Core_I1/JTAG_CONTROL_I/sel_n_i_2, with 2 or more inputs, drives asynchronous preset/clear pin(s) fpga_mnist_i/mdm_0/U0/MDM_Core_I1/JTAG_CONTROL_I/sel_n_reg/PRE. The LUT may glitch and trigger an unexpected reset, even if it is a properly timed path.
Related violations: <none>

TIMING-9#1 Warning
Unknown CDC Logic  
One or more asynchronous Clock Domain Crossing has been detected between 2 clock domains through a set_false_path or a set_clock_groups or set_max_delay -datapath_only constraint but no double-registers logic synchronizer has been found on the side of the capture clock. It is recommended to run report_cdc for a complete and detailed CDC coverage. Please consider using XPM_CDC to avoid Critical severities
Related violations: <none>

TIMING-16#1 Warning
Large setup violation  
There is a large setup violation of -1.018 ns between fpga_mnist_i/mnist_accel_0/inst/mnist_accel_slave_lite_v1_0_S_AXI_inst/top_mnist_fpga_instance/u_fsm/mac_pixel_vec_reg[2]/C (clocked by clk_out1_fpga_mnist_clk_wiz_0_0) and fpga_mnist_i/axi_smc/inst/switchboards/i_nodes/i_r_node/inst/inst_mi_handler/gen_normal_area.inst_fifo_node_payld/gen_reg_fifo.inst_reg_fifo/gen_single_rank.data_reg[33]/D (clocked by clk_out1_fpga_mnist_clk_wiz_0_0). Large setup violations at the end of those stages might be difficult to fix during the post-placement implementation flow and could be the result of non-optimal XDC constraints or non-optimal design architecture
Related violations: <none>

TIMING-16#2 Warning
Large setup violation  
There is a large setup violation of -1.020 ns between fpga_mnist_i/mnist_accel_0/inst/mnist_accel_slave_lite_v1_0_S_AXI_inst/top_mnist_fpga_instance/u_fsm/mac_weight_vec_reg[25]/C (clocked by clk_out1_fpga_mnist_clk_wiz_0_0) and fpga_mnist_i/ila_0/inst/ila_core_inst/shifted_data_in_reg[7][36]_srl8/D (clocked by clk_out1_fpga_mnist_clk_wiz_0_0). Large setup violations at the end of those stages might be difficult to fix during the post-placement implementation flow and could be the result of non-optimal XDC constraints or non-optimal design architecture
Related violations: <none>

TIMING-16#3 Warning
Large setup violation  
There is a large setup violation of -1.090 ns between fpga_mnist_i/mnist_accel_0/inst/mnist_accel_slave_lite_v1_0_S_AXI_inst/top_mnist_fpga_instance/u_fsm/mac_weight_vec_reg[25]/C (clocked by clk_out1_fpga_mnist_clk_wiz_0_0) and fpga_mnist_i/ila_0/inst/ila_core_inst/shifted_data_in_reg[7][39]_srl8/D (clocked by clk_out1_fpga_mnist_clk_wiz_0_0). Large setup violations at the end of those stages might be difficult to fix during the post-placement implementation flow and could be the result of non-optimal XDC constraints or non-optimal design architecture
Related violations: <none>

TIMING-16#4 Warning
Large setup violation  
There is a large setup violation of -1.103 ns between fpga_mnist_i/mnist_accel_0/inst/mnist_accel_slave_lite_v1_0_S_AXI_inst/top_mnist_fpga_instance/u_fsm/mac_weight_vec_reg[25]/C (clocked by clk_out1_fpga_mnist_clk_wiz_0_0) and fpga_mnist_i/ila_0/inst/ila_core_inst/u_trig/U_TM/N_DDR_MODE.G_NMU[8].U_M/allx_typeA_match_detection.ltlib_v1_0_2_allx_typeA_inst/probeDelay1_reg[11]/D (clocked by clk_out1_fpga_mnist_clk_wiz_0_0). Large setup violations at the end of those stages might be difficult to fix during the post-placement implementation flow and could be the result of non-optimal XDC constraints or non-optimal design architecture
Related violations: <none>

TIMING-16#5 Warning
Large setup violation  
There is a large setup violation of -1.132 ns between fpga_mnist_i/mnist_accel_0/inst/mnist_accel_slave_lite_v1_0_S_AXI_inst/top_mnist_fpga_instance/u_fsm/mac_weight_vec_reg[25]/C (clocked by clk_out1_fpga_mnist_clk_wiz_0_0) and fpga_mnist_i/ila_0/inst/ila_core_inst/shifted_data_in_reg[7][37]_srl8/D (clocked by clk_out1_fpga_mnist_clk_wiz_0_0). Large setup violations at the end of those stages might be difficult to fix during the post-placement implementation flow and could be the result of non-optimal XDC constraints or non-optimal design architecture
Related violations: <none>

TIMING-16#6 Warning
Large setup violation  
There is a large setup violation of -1.135 ns between fpga_mnist_i/mnist_accel_0/inst/mnist_accel_slave_lite_v1_0_S_AXI_inst/top_mnist_fpga_instance/u_fsm/mac_weight_vec_reg[25]/C (clocked by clk_out1_fpga_mnist_clk_wiz_0_0) and fpga_mnist_i/ila_0/inst/ila_core_inst/shifted_data_in_reg[7][35]_srl8/D (clocked by clk_out1_fpga_mnist_clk_wiz_0_0). Large setup violations at the end of those stages might be difficult to fix during the post-placement implementation flow and could be the result of non-optimal XDC constraints or non-optimal design architecture
Related violations: <none>

TIMING-16#7 Warning
Large setup violation  
There is a large setup violation of -1.190 ns between fpga_mnist_i/mnist_accel_0/inst/mnist_accel_slave_lite_v1_0_S_AXI_inst/top_mnist_fpga_instance/u_fsm/mac_weight_vec_reg[25]/C (clocked by clk_out1_fpga_mnist_clk_wiz_0_0) and fpga_mnist_i/ila_0/inst/ila_core_inst/u_trig/U_TM/N_DDR_MODE.G_NMU[8].U_M/allx_typeA_match_detection.ltlib_v1_0_2_allx_typeA_inst/probeDelay1_reg[13]/D (clocked by clk_out1_fpga_mnist_clk_wiz_0_0). Large setup violations at the end of those stages might be difficult to fix during the post-placement implementation flow and could be the result of non-optimal XDC constraints or non-optimal design architecture
Related violations: <none>

TIMING-16#8 Warning
Large setup violation  
There is a large setup violation of -1.194 ns between fpga_mnist_i/mnist_accel_0/inst/mnist_accel_slave_lite_v1_0_S_AXI_inst/top_mnist_fpga_instance/u_fsm/mac_weight_vec_reg[25]/C (clocked by clk_out1_fpga_mnist_clk_wiz_0_0) and fpga_mnist_i/mnist_accel_0/inst/mnist_accel_slave_lite_v1_0_S_AXI_inst/top_mnist_fpga_instance/u_mac/accum_out_reg[12]/D (clocked by clk_out1_fpga_mnist_clk_wiz_0_0). Large setup violations at the end of those stages might be difficult to fix during the post-placement implementation flow and could be the result of non-optimal XDC constraints or non-optimal design architecture
Related violations: <none>

TIMING-16#9 Warning
Large setup violation  
There is a large setup violation of -1.244 ns between fpga_mnist_i/mnist_accel_0/inst/mnist_accel_slave_lite_v1_0_S_AXI_inst/top_mnist_fpga_instance/u_fsm/mac_weight_vec_reg[25]/C (clocked by clk_out1_fpga_mnist_clk_wiz_0_0) and fpga_mnist_i/ila_0/inst/ila_core_inst/u_trig/U_TM/N_DDR_MODE.G_NMU[8].U_M/allx_typeA_match_detection.ltlib_v1_0_2_allx_typeA_inst/probeDelay1_reg[18]/D (clocked by clk_out1_fpga_mnist_clk_wiz_0_0). Large setup violations at the end of those stages might be difficult to fix during the post-placement implementation flow and could be the result of non-optimal XDC constraints or non-optimal design architecture
Related violations: <none>

TIMING-16#10 Warning
Large setup violation  
There is a large setup violation of -1.291 ns between fpga_mnist_i/mnist_accel_0/inst/mnist_accel_slave_lite_v1_0_S_AXI_inst/top_mnist_fpga_instance/u_fsm/mac_weight_vec_reg[25]/C (clocked by clk_out1_fpga_mnist_clk_wiz_0_0) and fpga_mnist_i/ila_0/inst/ila_core_inst/u_trig/U_TM/N_DDR_MODE.G_NMU[8].U_M/allx_typeA_match_detection.ltlib_v1_0_2_allx_typeA_inst/probeDelay1_reg[12]/D (clocked by clk_out1_fpga_mnist_clk_wiz_0_0). Large setup violations at the end of those stages might be difficult to fix during the post-placement implementation flow and could be the result of non-optimal XDC constraints or non-optimal design architecture
Related violations: <none>

TIMING-16#11 Warning
Large setup violation  
There is a large setup violation of -1.296 ns between fpga_mnist_i/mnist_accel_0/inst/mnist_accel_slave_lite_v1_0_S_AXI_inst/top_mnist_fpga_instance/u_fsm/mac_weight_vec_reg[25]/C (clocked by clk_out1_fpga_mnist_clk_wiz_0_0) and fpga_mnist_i/mnist_accel_0/inst/mnist_accel_slave_lite_v1_0_S_AXI_inst/top_mnist_fpga_instance/u_mac/accum_out_reg[15]/D (clocked by clk_out1_fpga_mnist_clk_wiz_0_0). Large setup violations at the end of those stages might be difficult to fix during the post-placement implementation flow and could be the result of non-optimal XDC constraints or non-optimal design architecture
Related violations: <none>

TIMING-16#12 Warning
Large setup violation  
There is a large setup violation of -1.302 ns between fpga_mnist_i/mnist_accel_0/inst/mnist_accel_slave_lite_v1_0_S_AXI_inst/top_mnist_fpga_instance/u_fsm/mac_weight_vec_reg[25]/C (clocked by clk_out1_fpga_mnist_clk_wiz_0_0) and fpga_mnist_i/mnist_accel_0/inst/mnist_accel_slave_lite_v1_0_S_AXI_inst/top_mnist_fpga_instance/u_mac/accum_out_reg[13]/D (clocked by clk_out1_fpga_mnist_clk_wiz_0_0). Large setup violations at the end of those stages might be difficult to fix during the post-placement implementation flow and could be the result of non-optimal XDC constraints or non-optimal design architecture
Related violations: <none>

TIMING-16#13 Warning
Large setup violation  
There is a large setup violation of -1.330 ns between fpga_mnist_i/mnist_accel_0/inst/mnist_accel_slave_lite_v1_0_S_AXI_inst/top_mnist_fpga_instance/u_fsm/mac_weight_vec_reg[25]/C (clocked by clk_out1_fpga_mnist_clk_wiz_0_0) and fpga_mnist_i/ila_0/inst/ila_core_inst/shifted_data_in_reg[7][38]_srl8_srlopt/D (clocked by clk_out1_fpga_mnist_clk_wiz_0_0). Large setup violations at the end of those stages might be difficult to fix during the post-placement implementation flow and could be the result of non-optimal XDC constraints or non-optimal design architecture
Related violations: <none>

TIMING-16#14 Warning
Large setup violation  
There is a large setup violation of -1.334 ns between fpga_mnist_i/mnist_accel_0/inst/mnist_accel_slave_lite_v1_0_S_AXI_inst/top_mnist_fpga_instance/u_fsm/mac_weight_vec_reg[25]/C (clocked by clk_out1_fpga_mnist_clk_wiz_0_0) and fpga_mnist_i/mnist_accel_0/inst/mnist_accel_slave_lite_v1_0_S_AXI_inst/top_mnist_fpga_instance/u_mac/accum_out_reg[14]/D (clocked by clk_out1_fpga_mnist_clk_wiz_0_0). Large setup violations at the end of those stages might be difficult to fix during the post-placement implementation flow and could be the result of non-optimal XDC constraints or non-optimal design architecture
Related violations: <none>

TIMING-16#15 Warning
Large setup violation  
There is a large setup violation of -1.388 ns between fpga_mnist_i/mnist_accel_0/inst/mnist_accel_slave_lite_v1_0_S_AXI_inst/top_mnist_fpga_instance/u_fsm/mac_weight_vec_reg[25]/C (clocked by clk_out1_fpga_mnist_clk_wiz_0_0) and fpga_mnist_i/axi_smc/inst/switchboards/i_nodes/i_r_node/inst/inst_mi_handler/gen_normal_area.inst_fifo_node_payld/gen_reg_fifo.inst_reg_fifo/gen_single_rank.data_reg[34]/D (clocked by clk_out1_fpga_mnist_clk_wiz_0_0). Large setup violations at the end of those stages might be difficult to fix during the post-placement implementation flow and could be the result of non-optimal XDC constraints or non-optimal design architecture
Related violations: <none>

TIMING-16#16 Warning
Large setup violation  
There is a large setup violation of -1.392 ns between fpga_mnist_i/mnist_accel_0/inst/mnist_accel_slave_lite_v1_0_S_AXI_inst/top_mnist_fpga_instance/u_fsm/mac_weight_vec_reg[25]/C (clocked by clk_out1_fpga_mnist_clk_wiz_0_0) and fpga_mnist_i/ila_0/inst/ila_core_inst/shifted_data_in_reg[7][42]_srl8_srlopt/D (clocked by clk_out1_fpga_mnist_clk_wiz_0_0). Large setup violations at the end of those stages might be difficult to fix during the post-placement implementation flow and could be the result of non-optimal XDC constraints or non-optimal design architecture
Related violations: <none>

TIMING-16#17 Warning
Large setup violation  
There is a large setup violation of -1.420 ns between fpga_mnist_i/mnist_accel_0/inst/mnist_accel_slave_lite_v1_0_S_AXI_inst/top_mnist_fpga_instance/u_fsm/mac_weight_vec_reg[25]/C (clocked by clk_out1_fpga_mnist_clk_wiz_0_0) and fpga_mnist_i/ila_0/inst/ila_core_inst/shifted_data_in_reg[7][44]_srl8/D (clocked by clk_out1_fpga_mnist_clk_wiz_0_0). Large setup violations at the end of those stages might be difficult to fix during the post-placement implementation flow and could be the result of non-optimal XDC constraints or non-optimal design architecture
Related violations: <none>

TIMING-16#18 Warning
Large setup violation  
There is a large setup violation of -1.443 ns between fpga_mnist_i/mnist_accel_0/inst/mnist_accel_slave_lite_v1_0_S_AXI_inst/top_mnist_fpga_instance/u_fsm/mac_weight_vec_reg[25]/C (clocked by clk_out1_fpga_mnist_clk_wiz_0_0) and fpga_mnist_i/ila_0/inst/ila_core_inst/u_trig/U_TM/N_DDR_MODE.G_NMU[8].U_M/allx_typeA_match_detection.ltlib_v1_0_2_allx_typeA_inst/probeDelay1_reg[21]/D (clocked by clk_out1_fpga_mnist_clk_wiz_0_0). Large setup violations at the end of those stages might be difficult to fix during the post-placement implementation flow and could be the result of non-optimal XDC constraints or non-optimal design architecture
Related violations: <none>

TIMING-16#19 Warning
Large setup violation  
There is a large setup violation of -1.451 ns between fpga_mnist_i/mnist_accel_0/inst/mnist_accel_slave_lite_v1_0_S_AXI_inst/top_mnist_fpga_instance/u_fsm/mac_weight_vec_reg[25]/C (clocked by clk_out1_fpga_mnist_clk_wiz_0_0) and fpga_mnist_i/axi_smc/inst/switchboards/i_nodes/i_r_node/inst/inst_mi_handler/gen_normal_area.inst_fifo_node_payld/gen_reg_fifo.inst_reg_fifo/gen_single_rank.data_reg[38]/D (clocked by clk_out1_fpga_mnist_clk_wiz_0_0). Large setup violations at the end of those stages might be difficult to fix during the post-placement implementation flow and could be the result of non-optimal XDC constraints or non-optimal design architecture
Related violations: <none>

TIMING-16#20 Warning
Large setup violation  
There is a large setup violation of -1.451 ns between fpga_mnist_i/mnist_accel_0/inst/mnist_accel_slave_lite_v1_0_S_AXI_inst/top_mnist_fpga_instance/u_fsm/mac_weight_vec_reg[25]/C (clocked by clk_out1_fpga_mnist_clk_wiz_0_0) and fpga_mnist_i/ila_0/inst/ila_core_inst/shifted_data_in_reg[7][40]_srl8/D (clocked by clk_out1_fpga_mnist_clk_wiz_0_0). Large setup violations at the end of those stages might be difficult to fix during the post-placement implementation flow and could be the result of non-optimal XDC constraints or non-optimal design architecture
Related violations: <none>

TIMING-16#21 Warning
Large setup violation  
There is a large setup violation of -1.472 ns between fpga_mnist_i/mnist_accel_0/inst/mnist_accel_slave_lite_v1_0_S_AXI_inst/top_mnist_fpga_instance/u_fsm/mac_weight_vec_reg[25]/C (clocked by clk_out1_fpga_mnist_clk_wiz_0_0) and fpga_mnist_i/ila_0/inst/ila_core_inst/shifted_data_in_reg[7][50]_srl8_srlopt/D (clocked by clk_out1_fpga_mnist_clk_wiz_0_0). Large setup violations at the end of those stages might be difficult to fix during the post-placement implementation flow and could be the result of non-optimal XDC constraints or non-optimal design architecture
Related violations: <none>

TIMING-16#22 Warning
Large setup violation  
There is a large setup violation of -1.483 ns between fpga_mnist_i/mnist_accel_0/inst/mnist_accel_slave_lite_v1_0_S_AXI_inst/top_mnist_fpga_instance/u_fsm/mac_weight_vec_reg[25]/C (clocked by clk_out1_fpga_mnist_clk_wiz_0_0) and fpga_mnist_i/ila_0/inst/ila_core_inst/shifted_data_in_reg[7][41]_srl8/D (clocked by clk_out1_fpga_mnist_clk_wiz_0_0). Large setup violations at the end of those stages might be difficult to fix during the post-placement implementation flow and could be the result of non-optimal XDC constraints or non-optimal design architecture
Related violations: <none>

TIMING-16#23 Warning
Large setup violation  
There is a large setup violation of -1.484 ns between fpga_mnist_i/mnist_accel_0/inst/mnist_accel_slave_lite_v1_0_S_AXI_inst/top_mnist_fpga_instance/u_fsm/mac_weight_vec_reg[25]/C (clocked by clk_out1_fpga_mnist_clk_wiz_0_0) and fpga_mnist_i/ila_0/inst/ila_core_inst/u_trig/U_TM/N_DDR_MODE.G_NMU[8].U_M/allx_typeA_match_detection.ltlib_v1_0_2_allx_typeA_inst/probeDelay1_reg[14]/D (clocked by clk_out1_fpga_mnist_clk_wiz_0_0). Large setup violations at the end of those stages might be difficult to fix during the post-placement implementation flow and could be the result of non-optimal XDC constraints or non-optimal design architecture
Related violations: <none>

TIMING-16#24 Warning
Large setup violation  
There is a large setup violation of -1.487 ns between fpga_mnist_i/mnist_accel_0/inst/mnist_accel_slave_lite_v1_0_S_AXI_inst/top_mnist_fpga_instance/u_fsm/mac_weight_vec_reg[25]/C (clocked by clk_out1_fpga_mnist_clk_wiz_0_0) and fpga_mnist_i/ila_0/inst/ila_core_inst/shifted_data_in_reg[7][43]_srl8_srlopt/D (clocked by clk_out1_fpga_mnist_clk_wiz_0_0). Large setup violations at the end of those stages might be difficult to fix during the post-placement implementation flow and could be the result of non-optimal XDC constraints or non-optimal design architecture
Related violations: <none>

TIMING-16#25 Warning
Large setup violation  
There is a large setup violation of -1.497 ns between fpga_mnist_i/mnist_accel_0/inst/mnist_accel_slave_lite_v1_0_S_AXI_inst/top_mnist_fpga_instance/u_fsm/mac_weight_vec_reg[25]/C (clocked by clk_out1_fpga_mnist_clk_wiz_0_0) and fpga_mnist_i/ila_0/inst/ila_core_inst/shifted_data_in_reg[7][45]_srl8/D (clocked by clk_out1_fpga_mnist_clk_wiz_0_0). Large setup violations at the end of those stages might be difficult to fix during the post-placement implementation flow and could be the result of non-optimal XDC constraints or non-optimal design architecture
Related violations: <none>

TIMING-16#26 Warning
Large setup violation  
There is a large setup violation of -1.503 ns between fpga_mnist_i/mnist_accel_0/inst/mnist_accel_slave_lite_v1_0_S_AXI_inst/top_mnist_fpga_instance/u_fsm/mac_weight_vec_reg[25]/C (clocked by clk_out1_fpga_mnist_clk_wiz_0_0) and fpga_mnist_i/ila_0/inst/ila_core_inst/shifted_data_in_reg[7][46]_srl8_srlopt/D (clocked by clk_out1_fpga_mnist_clk_wiz_0_0). Large setup violations at the end of those stages might be difficult to fix during the post-placement implementation flow and could be the result of non-optimal XDC constraints or non-optimal design architecture
Related violations: <none>

TIMING-16#27 Warning
Large setup violation  
There is a large setup violation of -1.504 ns between fpga_mnist_i/mnist_accel_0/inst/mnist_accel_slave_lite_v1_0_S_AXI_inst/top_mnist_fpga_instance/u_fsm/mac_weight_vec_reg[25]/C (clocked by clk_out1_fpga_mnist_clk_wiz_0_0) and fpga_mnist_i/ila_0/inst/ila_core_inst/shifted_data_in_reg[7][47]_srl8_srlopt/D (clocked by clk_out1_fpga_mnist_clk_wiz_0_0). Large setup violations at the end of those stages might be difficult to fix during the post-placement implementation flow and could be the result of non-optimal XDC constraints or non-optimal design architecture
Related violations: <none>

TIMING-16#28 Warning
Large setup violation  
There is a large setup violation of -1.511 ns between fpga_mnist_i/mnist_accel_0/inst/mnist_accel_slave_lite_v1_0_S_AXI_inst/top_mnist_fpga_instance/u_fsm/mac_weight_vec_reg[25]/C (clocked by clk_out1_fpga_mnist_clk_wiz_0_0) and fpga_mnist_i/ila_0/inst/ila_core_inst/shifted_data_in_reg[7][48]_srl8/D (clocked by clk_out1_fpga_mnist_clk_wiz_0_0). Large setup violations at the end of those stages might be difficult to fix during the post-placement implementation flow and could be the result of non-optimal XDC constraints or non-optimal design architecture
Related violations: <none>

TIMING-16#29 Warning
Large setup violation  
There is a large setup violation of -1.520 ns between fpga_mnist_i/mnist_accel_0/inst/mnist_accel_slave_lite_v1_0_S_AXI_inst/top_mnist_fpga_instance/u_fsm/mac_weight_vec_reg[25]/C (clocked by clk_out1_fpga_mnist_clk_wiz_0_0) and fpga_mnist_i/ila_0/inst/ila_core_inst/u_trig/U_TM/N_DDR_MODE.G_NMU[8].U_M/allx_typeA_match_detection.ltlib_v1_0_2_allx_typeA_inst/probeDelay1_reg[22]/D (clocked by clk_out1_fpga_mnist_clk_wiz_0_0). Large setup violations at the end of those stages might be difficult to fix during the post-placement implementation flow and could be the result of non-optimal XDC constraints or non-optimal design architecture
Related violations: <none>

TIMING-16#30 Warning
Large setup violation  
There is a large setup violation of -1.521 ns between fpga_mnist_i/mnist_accel_0/inst/mnist_accel_slave_lite_v1_0_S_AXI_inst/top_mnist_fpga_instance/u_fsm/mac_weight_vec_reg[25]/C (clocked by clk_out1_fpga_mnist_clk_wiz_0_0) and fpga_mnist_i/ila_0/inst/ila_core_inst/u_trig/U_TM/N_DDR_MODE.G_NMU[8].U_M/allx_typeA_match_detection.ltlib_v1_0_2_allx_typeA_inst/probeDelay1_reg[20]/D (clocked by clk_out1_fpga_mnist_clk_wiz_0_0). Large setup violations at the end of those stages might be difficult to fix during the post-placement implementation flow and could be the result of non-optimal XDC constraints or non-optimal design architecture
Related violations: <none>

TIMING-16#31 Warning
Large setup violation  
There is a large setup violation of -1.539 ns between fpga_mnist_i/mnist_accel_0/inst/mnist_accel_slave_lite_v1_0_S_AXI_inst/top_mnist_fpga_instance/u_fsm/mac_weight_vec_reg[25]/C (clocked by clk_out1_fpga_mnist_clk_wiz_0_0) and fpga_mnist_i/ila_0/inst/ila_core_inst/u_trig/U_TM/N_DDR_MODE.G_NMU[8].U_M/allx_typeA_match_detection.ltlib_v1_0_2_allx_typeA_inst/probeDelay1_reg[16]/D (clocked by clk_out1_fpga_mnist_clk_wiz_0_0). Large setup violations at the end of those stages might be difficult to fix during the post-placement implementation flow and could be the result of non-optimal XDC constraints or non-optimal design architecture
Related violations: <none>

TIMING-16#32 Warning
Large setup violation  
There is a large setup violation of -1.544 ns between fpga_mnist_i/mnist_accel_0/inst/mnist_accel_slave_lite_v1_0_S_AXI_inst/top_mnist_fpga_instance/u_fsm/mac_weight_vec_reg[25]/C (clocked by clk_out1_fpga_mnist_clk_wiz_0_0) and fpga_mnist_i/ila_0/inst/ila_core_inst/u_trig/U_TM/N_DDR_MODE.G_NMU[8].U_M/allx_typeA_match_detection.ltlib_v1_0_2_allx_typeA_inst/probeDelay1_reg[19]/D (clocked by clk_out1_fpga_mnist_clk_wiz_0_0). Large setup violations at the end of those stages might be difficult to fix during the post-placement implementation flow and could be the result of non-optimal XDC constraints or non-optimal design architecture
Related violations: <none>

TIMING-16#33 Warning
Large setup violation  
There is a large setup violation of -1.550 ns between fpga_mnist_i/mnist_accel_0/inst/mnist_accel_slave_lite_v1_0_S_AXI_inst/top_mnist_fpga_instance/u_fsm/mac_weight_vec_reg[25]/C (clocked by clk_out1_fpga_mnist_clk_wiz_0_0) and fpga_mnist_i/axi_smc/inst/switchboards/i_nodes/i_r_node/inst/inst_mi_handler/gen_normal_area.inst_fifo_node_payld/gen_reg_fifo.inst_reg_fifo/gen_single_rank.data_reg[45]/D (clocked by clk_out1_fpga_mnist_clk_wiz_0_0). Large setup violations at the end of those stages might be difficult to fix during the post-placement implementation flow and could be the result of non-optimal XDC constraints or non-optimal design architecture
Related violations: <none>

TIMING-16#34 Warning
Large setup violation  
There is a large setup violation of -1.604 ns between fpga_mnist_i/mnist_accel_0/inst/mnist_accel_slave_lite_v1_0_S_AXI_inst/top_mnist_fpga_instance/u_fsm/mac_weight_vec_reg[25]/C (clocked by clk_out1_fpga_mnist_clk_wiz_0_0) and fpga_mnist_i/ila_0/inst/ila_core_inst/u_trig/U_TM/N_DDR_MODE.G_NMU[8].U_M/allx_typeA_match_detection.ltlib_v1_0_2_allx_typeA_inst/probeDelay1_reg[30]/D (clocked by clk_out1_fpga_mnist_clk_wiz_0_0). Large setup violations at the end of those stages might be difficult to fix during the post-placement implementation flow and could be the result of non-optimal XDC constraints or non-optimal design architecture
Related violations: <none>

TIMING-16#35 Warning
Large setup violation  
There is a large setup violation of -1.605 ns between fpga_mnist_i/mnist_accel_0/inst/mnist_accel_slave_lite_v1_0_S_AXI_inst/top_mnist_fpga_instance/u_fsm/mac_weight_vec_reg[25]/C (clocked by clk_out1_fpga_mnist_clk_wiz_0_0) and fpga_mnist_i/axi_smc/inst/switchboards/i_nodes/i_r_node/inst/inst_mi_handler/gen_normal_area.inst_fifo_node_payld/gen_reg_fifo.inst_reg_fifo/gen_single_rank.data_reg[46]/D (clocked by clk_out1_fpga_mnist_clk_wiz_0_0). Large setup violations at the end of those stages might be difficult to fix during the post-placement implementation flow and could be the result of non-optimal XDC constraints or non-optimal design architecture
Related violations: <none>

TIMING-16#36 Warning
Large setup violation  
There is a large setup violation of -1.607 ns between fpga_mnist_i/mnist_accel_0/inst/mnist_accel_slave_lite_v1_0_S_AXI_inst/top_mnist_fpga_instance/u_fsm/mac_weight_vec_reg[25]/C (clocked by clk_out1_fpga_mnist_clk_wiz_0_0) and fpga_mnist_i/ila_0/inst/ila_core_inst/u_trig/U_TM/N_DDR_MODE.G_NMU[8].U_M/allx_typeA_match_detection.ltlib_v1_0_2_allx_typeA_inst/probeDelay1_reg[24]/D (clocked by clk_out1_fpga_mnist_clk_wiz_0_0). Large setup violations at the end of those stages might be difficult to fix during the post-placement implementation flow and could be the result of non-optimal XDC constraints or non-optimal design architecture
Related violations: <none>

TIMING-16#37 Warning
Large setup violation  
There is a large setup violation of -1.610 ns between fpga_mnist_i/mnist_accel_0/inst/mnist_accel_slave_lite_v1_0_S_AXI_inst/top_mnist_fpga_instance/u_fsm/mac_weight_vec_reg[25]/C (clocked by clk_out1_fpga_mnist_clk_wiz_0_0) and fpga_mnist_i/ila_0/inst/ila_core_inst/u_trig/U_TM/N_DDR_MODE.G_NMU[8].U_M/allx_typeA_match_detection.ltlib_v1_0_2_allx_typeA_inst/probeDelay1_reg[26]/D (clocked by clk_out1_fpga_mnist_clk_wiz_0_0). Large setup violations at the end of those stages might be difficult to fix during the post-placement implementation flow and could be the result of non-optimal XDC constraints or non-optimal design architecture
Related violations: <none>

TIMING-16#38 Warning
Large setup violation  
There is a large setup violation of -1.619 ns between fpga_mnist_i/mnist_accel_0/inst/mnist_accel_slave_lite_v1_0_S_AXI_inst/top_mnist_fpga_instance/u_fsm/mac_weight_vec_reg[25]/C (clocked by clk_out1_fpga_mnist_clk_wiz_0_0) and fpga_mnist_i/axi_smc/inst/switchboards/i_nodes/i_r_node/inst/inst_mi_handler/gen_normal_area.inst_fifo_node_payld/gen_reg_fifo.inst_reg_fifo/gen_single_rank.data_reg[49]/D (clocked by clk_out1_fpga_mnist_clk_wiz_0_0). Large setup violations at the end of those stages might be difficult to fix during the post-placement implementation flow and could be the result of non-optimal XDC constraints or non-optimal design architecture
Related violations: <none>

TIMING-16#39 Warning
Large setup violation  
There is a large setup violation of -1.625 ns between fpga_mnist_i/mnist_accel_0/inst/mnist_accel_slave_lite_v1_0_S_AXI_inst/top_mnist_fpga_instance/u_fsm/mac_weight_vec_reg[25]/C (clocked by clk_out1_fpga_mnist_clk_wiz_0_0) and fpga_mnist_i/ila_0/inst/ila_core_inst/shifted_data_in_reg[7][49]_srl8/D (clocked by clk_out1_fpga_mnist_clk_wiz_0_0). Large setup violations at the end of those stages might be difficult to fix during the post-placement implementation flow and could be the result of non-optimal XDC constraints or non-optimal design architecture
Related violations: <none>

TIMING-16#40 Warning
Large setup violation  
There is a large setup violation of -1.629 ns between fpga_mnist_i/mnist_accel_0/inst/mnist_accel_slave_lite_v1_0_S_AXI_inst/top_mnist_fpga_instance/u_fsm/mac_weight_vec_reg[25]/C (clocked by clk_out1_fpga_mnist_clk_wiz_0_0) and fpga_mnist_i/mnist_accel_0/inst/mnist_accel_slave_lite_v1_0_S_AXI_inst/top_mnist_fpga_instance/u_mac/accum_out_reg[24]/D (clocked by clk_out1_fpga_mnist_clk_wiz_0_0). Large setup violations at the end of those stages might be difficult to fix during the post-placement implementation flow and could be the result of non-optimal XDC constraints or non-optimal design architecture
Related violations: <none>

TIMING-16#41 Warning
Large setup violation  
There is a large setup violation of -1.640 ns between fpga_mnist_i/mnist_accel_0/inst/mnist_accel_slave_lite_v1_0_S_AXI_inst/top_mnist_fpga_instance/u_fsm/mac_weight_vec_reg[25]/C (clocked by clk_out1_fpga_mnist_clk_wiz_0_0) and fpga_mnist_i/axi_smc/inst/switchboards/i_nodes/i_r_node/inst/inst_mi_handler/gen_normal_area.inst_fifo_node_payld/gen_reg_fifo.inst_reg_fifo/gen_single_rank.data_reg[53]/D (clocked by clk_out1_fpga_mnist_clk_wiz_0_0). Large setup violations at the end of those stages might be difficult to fix during the post-placement implementation flow and could be the result of non-optimal XDC constraints or non-optimal design architecture
Related violations: <none>

TIMING-16#42 Warning
Large setup violation  
There is a large setup violation of -1.643 ns between fpga_mnist_i/mnist_accel_0/inst/mnist_accel_slave_lite_v1_0_S_AXI_inst/top_mnist_fpga_instance/u_fsm/mac_weight_vec_reg[25]/C (clocked by clk_out1_fpga_mnist_clk_wiz_0_0) and fpga_mnist_i/mnist_accel_0/inst/mnist_accel_slave_lite_v1_0_S_AXI_inst/top_mnist_fpga_instance/u_fsm/result_value_reg[22]/D (clocked by clk_out1_fpga_mnist_clk_wiz_0_0). Large setup violations at the end of those stages might be difficult to fix during the post-placement implementation flow and could be the result of non-optimal XDC constraints or non-optimal design architecture
Related violations: <none>

TIMING-16#43 Warning
Large setup violation  
There is a large setup violation of -1.650 ns between fpga_mnist_i/mnist_accel_0/inst/mnist_accel_slave_lite_v1_0_S_AXI_inst/top_mnist_fpga_instance/u_fsm/mac_weight_vec_reg[25]/C (clocked by clk_out1_fpga_mnist_clk_wiz_0_0) and fpga_mnist_i/mnist_accel_0/inst/mnist_accel_slave_lite_v1_0_S_AXI_inst/top_mnist_fpga_instance/u_fsm/result_value_reg[26]/D (clocked by clk_out1_fpga_mnist_clk_wiz_0_0). Large setup violations at the end of those stages might be difficult to fix during the post-placement implementation flow and could be the result of non-optimal XDC constraints or non-optimal design architecture
Related violations: <none>

TIMING-16#44 Warning
Large setup violation  
There is a large setup violation of -1.654 ns between fpga_mnist_i/mnist_accel_0/inst/mnist_accel_slave_lite_v1_0_S_AXI_inst/top_mnist_fpga_instance/u_fsm/mac_weight_vec_reg[25]/C (clocked by clk_out1_fpga_mnist_clk_wiz_0_0) and fpga_mnist_i/ila_0/inst/ila_core_inst/shifted_data_in_reg[7][52]_srl8/D (clocked by clk_out1_fpga_mnist_clk_wiz_0_0). Large setup violations at the end of those stages might be difficult to fix during the post-placement implementation flow and could be the result of non-optimal XDC constraints or non-optimal design architecture
Related violations: <none>

TIMING-16#45 Warning
Large setup violation  
There is a large setup violation of -1.672 ns between fpga_mnist_i/mnist_accel_0/inst/mnist_accel_slave_lite_v1_0_S_AXI_inst/top_mnist_fpga_instance/u_fsm/mac_weight_vec_reg[25]/C (clocked by clk_out1_fpga_mnist_clk_wiz_0_0) and fpga_mnist_i/mnist_accel_0/inst/mnist_accel_slave_lite_v1_0_S_AXI_inst/top_mnist_fpga_instance/u_mac/accum_out_reg[25]/D (clocked by clk_out1_fpga_mnist_clk_wiz_0_0). Large setup violations at the end of those stages might be difficult to fix during the post-placement implementation flow and could be the result of non-optimal XDC constraints or non-optimal design architecture
Related violations: <none>

TIMING-16#46 Warning
Large setup violation  
There is a large setup violation of -1.674 ns between fpga_mnist_i/mnist_accel_0/inst/mnist_accel_slave_lite_v1_0_S_AXI_inst/top_mnist_fpga_instance/u_fsm/mac_weight_vec_reg[25]/C (clocked by clk_out1_fpga_mnist_clk_wiz_0_0) and fpga_mnist_i/ila_0/inst/ila_core_inst/shifted_data_in_reg[7][55]_srl8/D (clocked by clk_out1_fpga_mnist_clk_wiz_0_0). Large setup violations at the end of those stages might be difficult to fix during the post-placement implementation flow and could be the result of non-optimal XDC constraints or non-optimal design architecture
Related violations: <none>

TIMING-16#47 Warning
Large setup violation  
There is a large setup violation of -1.701 ns between fpga_mnist_i/mnist_accel_0/inst/mnist_accel_slave_lite_v1_0_S_AXI_inst/top_mnist_fpga_instance/u_fsm/mac_weight_vec_reg[25]/C (clocked by clk_out1_fpga_mnist_clk_wiz_0_0) and fpga_mnist_i/mnist_accel_0/inst/mnist_accel_slave_lite_v1_0_S_AXI_inst/top_mnist_fpga_instance/u_mac/accum_out_reg[31]/D (clocked by clk_out1_fpga_mnist_clk_wiz_0_0). Large setup violations at the end of those stages might be difficult to fix during the post-placement implementation flow and could be the result of non-optimal XDC constraints or non-optimal design architecture
Related violations: <none>

TIMING-16#48 Warning
Large setup violation  
There is a large setup violation of -1.717 ns between fpga_mnist_i/mnist_accel_0/inst/mnist_accel_slave_lite_v1_0_S_AXI_inst/top_mnist_fpga_instance/u_fsm/mac_weight_vec_reg[25]/C (clocked by clk_out1_fpga_mnist_clk_wiz_0_0) and fpga_mnist_i/axi_smc/inst/switchboards/i_nodes/i_r_node/inst/inst_mi_handler/gen_normal_area.inst_fifo_node_payld/gen_reg_fifo.inst_reg_fifo/gen_single_rank.data_reg[35]/D (clocked by clk_out1_fpga_mnist_clk_wiz_0_0). Large setup violations at the end of those stages might be difficult to fix during the post-placement implementation flow and could be the result of non-optimal XDC constraints or non-optimal design architecture
Related violations: <none>

TIMING-16#49 Warning
Large setup violation  
There is a large setup violation of -1.720 ns between fpga_mnist_i/mnist_accel_0/inst/mnist_accel_slave_lite_v1_0_S_AXI_inst/top_mnist_fpga_instance/u_fsm/mac_weight_vec_reg[25]/C (clocked by clk_out1_fpga_mnist_clk_wiz_0_0) and fpga_mnist_i/mnist_accel_0/inst/mnist_accel_slave_lite_v1_0_S_AXI_inst/top_mnist_fpga_instance/u_mac/accum_out_reg[27]/D (clocked by clk_out1_fpga_mnist_clk_wiz_0_0). Large setup violations at the end of those stages might be difficult to fix during the post-placement implementation flow and could be the result of non-optimal XDC constraints or non-optimal design architecture
Related violations: <none>

TIMING-16#50 Warning
Large setup violation  
There is a large setup violation of -1.721 ns between fpga_mnist_i/mnist_accel_0/inst/mnist_accel_slave_lite_v1_0_S_AXI_inst/top_mnist_fpga_instance/u_fsm/mac_weight_vec_reg[25]/C (clocked by clk_out1_fpga_mnist_clk_wiz_0_0) and fpga_mnist_i/ila_0/inst/ila_core_inst/shifted_data_in_reg[7][51]_srl8/D (clocked by clk_out1_fpga_mnist_clk_wiz_0_0). Large setup violations at the end of those stages might be difficult to fix during the post-placement implementation flow and could be the result of non-optimal XDC constraints or non-optimal design architecture
Related violations: <none>

TIMING-16#51 Warning
Large setup violation  
There is a large setup violation of -1.725 ns between fpga_mnist_i/mnist_accel_0/inst/mnist_accel_slave_lite_v1_0_S_AXI_inst/top_mnist_fpga_instance/u_fsm/mac_weight_vec_reg[25]/C (clocked by clk_out1_fpga_mnist_clk_wiz_0_0) and fpga_mnist_i/mnist_accel_0/inst/mnist_accel_slave_lite_v1_0_S_AXI_inst/top_mnist_fpga_instance/u_fsm/result_value_reg[13]/D (clocked by clk_out1_fpga_mnist_clk_wiz_0_0). Large setup violations at the end of those stages might be difficult to fix during the post-placement implementation flow and could be the result of non-optimal XDC constraints or non-optimal design architecture
Related violations: <none>

TIMING-16#52 Warning
Large setup violation  
There is a large setup violation of -1.734 ns between fpga_mnist_i/mnist_accel_0/inst/mnist_accel_slave_lite_v1_0_S_AXI_inst/top_mnist_fpga_instance/u_fsm/mac_weight_vec_reg[25]/C (clocked by clk_out1_fpga_mnist_clk_wiz_0_0) and fpga_mnist_i/axi_smc/inst/switchboards/i_nodes/i_r_node/inst/inst_mi_handler/gen_normal_area.inst_fifo_node_payld/gen_reg_fifo.inst_reg_fifo/gen_single_rank.data_reg[37]/D (clocked by clk_out1_fpga_mnist_clk_wiz_0_0). Large setup violations at the end of those stages might be difficult to fix during the post-placement implementation flow and could be the result of non-optimal XDC constraints or non-optimal design architecture
Related violations: <none>

TIMING-16#53 Warning
Large setup violation  
There is a large setup violation of -1.739 ns between fpga_mnist_i/mnist_accel_0/inst/mnist_accel_slave_lite_v1_0_S_AXI_inst/top_mnist_fpga_instance/u_fsm/mac_weight_vec_reg[25]/C (clocked by clk_out1_fpga_mnist_clk_wiz_0_0) and fpga_mnist_i/mnist_accel_0/inst/mnist_accel_slave_lite_v1_0_S_AXI_inst/top_mnist_fpga_instance/u_mac/accum_out_reg[28]/D (clocked by clk_out1_fpga_mnist_clk_wiz_0_0). Large setup violations at the end of those stages might be difficult to fix during the post-placement implementation flow and could be the result of non-optimal XDC constraints or non-optimal design architecture
Related violations: <none>

TIMING-16#54 Warning
Large setup violation  
There is a large setup violation of -1.752 ns between fpga_mnist_i/mnist_accel_0/inst/mnist_accel_slave_lite_v1_0_S_AXI_inst/top_mnist_fpga_instance/u_fsm/mac_weight_vec_reg[25]/C (clocked by clk_out1_fpga_mnist_clk_wiz_0_0) and fpga_mnist_i/ila_0/inst/ila_core_inst/shifted_data_in_reg[7][54]_srl8_srlopt/D (clocked by clk_out1_fpga_mnist_clk_wiz_0_0). Large setup violations at the end of those stages might be difficult to fix during the post-placement implementation flow and could be the result of non-optimal XDC constraints or non-optimal design architecture
Related violations: <none>

TIMING-16#55 Warning
Large setup violation  
There is a large setup violation of -1.755 ns between fpga_mnist_i/mnist_accel_0/inst/mnist_accel_slave_lite_v1_0_S_AXI_inst/top_mnist_fpga_instance/u_fsm/mac_weight_vec_reg[25]/C (clocked by clk_out1_fpga_mnist_clk_wiz_0_0) and fpga_mnist_i/axi_smc/inst/switchboards/i_nodes/i_r_node/inst/inst_mi_handler/gen_normal_area.inst_fifo_node_payld/gen_reg_fifo.inst_reg_fifo/gen_single_rank.data_reg[52]/D (clocked by clk_out1_fpga_mnist_clk_wiz_0_0). Large setup violations at the end of those stages might be difficult to fix during the post-placement implementation flow and could be the result of non-optimal XDC constraints or non-optimal design architecture
Related violations: <none>

TIMING-16#56 Warning
Large setup violation  
There is a large setup violation of -1.756 ns between fpga_mnist_i/mnist_accel_0/inst/mnist_accel_slave_lite_v1_0_S_AXI_inst/top_mnist_fpga_instance/u_fsm/mac_weight_vec_reg[25]/C (clocked by clk_out1_fpga_mnist_clk_wiz_0_0) and fpga_mnist_i/ila_0/inst/ila_core_inst/u_trig/U_TM/N_DDR_MODE.G_NMU[8].U_M/allx_typeA_match_detection.ltlib_v1_0_2_allx_typeA_inst/probeDelay1_reg[28]/D (clocked by clk_out1_fpga_mnist_clk_wiz_0_0). Large setup violations at the end of those stages might be difficult to fix during the post-placement implementation flow and could be the result of non-optimal XDC constraints or non-optimal design architecture
Related violations: <none>

TIMING-16#57 Warning
Large setup violation  
There is a large setup violation of -1.760 ns between fpga_mnist_i/mnist_accel_0/inst/mnist_accel_slave_lite_v1_0_S_AXI_inst/top_mnist_fpga_instance/u_fsm/mac_weight_vec_reg[25]/C (clocked by clk_out1_fpga_mnist_clk_wiz_0_0) and fpga_mnist_i/ila_0/inst/ila_core_inst/shifted_data_in_reg[7][53]_srl8/D (clocked by clk_out1_fpga_mnist_clk_wiz_0_0). Large setup violations at the end of those stages might be difficult to fix during the post-placement implementation flow and could be the result of non-optimal XDC constraints or non-optimal design architecture
Related violations: <none>

TIMING-16#58 Warning
Large setup violation  
There is a large setup violation of -1.765 ns between fpga_mnist_i/mnist_accel_0/inst/mnist_accel_slave_lite_v1_0_S_AXI_inst/top_mnist_fpga_instance/u_fsm/mac_weight_vec_reg[25]/C (clocked by clk_out1_fpga_mnist_clk_wiz_0_0) and fpga_mnist_i/ila_0/inst/ila_core_inst/u_trig/U_TM/N_DDR_MODE.G_NMU[8].U_M/allx_typeA_match_detection.ltlib_v1_0_2_allx_typeA_inst/probeDelay1_reg[23]/D (clocked by clk_out1_fpga_mnist_clk_wiz_0_0). Large setup violations at the end of those stages might be difficult to fix during the post-placement implementation flow and could be the result of non-optimal XDC constraints or non-optimal design architecture
Related violations: <none>

TIMING-16#59 Warning
Large setup violation  
There is a large setup violation of -1.765 ns between fpga_mnist_i/mnist_accel_0/inst/mnist_accel_slave_lite_v1_0_S_AXI_inst/top_mnist_fpga_instance/u_fsm/mac_weight_vec_reg[25]/C (clocked by clk_out1_fpga_mnist_clk_wiz_0_0) and fpga_mnist_i/mnist_accel_0/inst/mnist_accel_slave_lite_v1_0_S_AXI_inst/top_mnist_fpga_instance/u_fsm/result_value_reg[25]/D (clocked by clk_out1_fpga_mnist_clk_wiz_0_0). Large setup violations at the end of those stages might be difficult to fix during the post-placement implementation flow and could be the result of non-optimal XDC constraints or non-optimal design architecture
Related violations: <none>

TIMING-16#60 Warning
Large setup violation  
There is a large setup violation of -1.769 ns between fpga_mnist_i/mnist_accel_0/inst/mnist_accel_slave_lite_v1_0_S_AXI_inst/top_mnist_fpga_instance/u_fsm/mac_weight_vec_reg[25]/C (clocked by clk_out1_fpga_mnist_clk_wiz_0_0) and fpga_mnist_i/axi_smc/inst/switchboards/i_nodes/i_r_node/inst/inst_mi_handler/gen_normal_area.inst_fifo_node_payld/gen_reg_fifo.inst_reg_fifo/gen_single_rank.data_reg[42]/D (clocked by clk_out1_fpga_mnist_clk_wiz_0_0). Large setup violations at the end of those stages might be difficult to fix during the post-placement implementation flow and could be the result of non-optimal XDC constraints or non-optimal design architecture
Related violations: <none>

TIMING-16#61 Warning
Large setup violation  
There is a large setup violation of -1.774 ns between fpga_mnist_i/mnist_accel_0/inst/mnist_accel_slave_lite_v1_0_S_AXI_inst/top_mnist_fpga_instance/u_fsm/mac_weight_vec_reg[25]/C (clocked by clk_out1_fpga_mnist_clk_wiz_0_0) and fpga_mnist_i/mnist_accel_0/inst/mnist_accel_slave_lite_v1_0_S_AXI_inst/top_mnist_fpga_instance/u_fsm/result_value_reg[12]/D (clocked by clk_out1_fpga_mnist_clk_wiz_0_0). Large setup violations at the end of those stages might be difficult to fix during the post-placement implementation flow and could be the result of non-optimal XDC constraints or non-optimal design architecture
Related violations: <none>

TIMING-16#62 Warning
Large setup violation  
There is a large setup violation of -1.774 ns between fpga_mnist_i/mnist_accel_0/inst/mnist_accel_slave_lite_v1_0_S_AXI_inst/top_mnist_fpga_instance/u_fsm/mac_weight_vec_reg[25]/C (clocked by clk_out1_fpga_mnist_clk_wiz_0_0) and fpga_mnist_i/mnist_accel_0/inst/mnist_accel_slave_lite_v1_0_S_AXI_inst/top_mnist_fpga_instance/u_fsm/result_value_reg[23]/D (clocked by clk_out1_fpga_mnist_clk_wiz_0_0). Large setup violations at the end of those stages might be difficult to fix during the post-placement implementation flow and could be the result of non-optimal XDC constraints or non-optimal design architecture
Related violations: <none>

TIMING-16#63 Warning
Large setup violation  
There is a large setup violation of -1.781 ns between fpga_mnist_i/mnist_accel_0/inst/mnist_accel_slave_lite_v1_0_S_AXI_inst/top_mnist_fpga_instance/u_fsm/mac_weight_vec_reg[25]/C (clocked by clk_out1_fpga_mnist_clk_wiz_0_0) and fpga_mnist_i/mnist_accel_0/inst/mnist_accel_slave_lite_v1_0_S_AXI_inst/top_mnist_fpga_instance/u_fsm/result_value_reg[21]/D (clocked by clk_out1_fpga_mnist_clk_wiz_0_0). Large setup violations at the end of those stages might be difficult to fix during the post-placement implementation flow and could be the result of non-optimal XDC constraints or non-optimal design architecture
Related violations: <none>

TIMING-16#64 Warning
Large setup violation  
There is a large setup violation of -1.785 ns between fpga_mnist_i/mnist_accel_0/inst/mnist_accel_slave_lite_v1_0_S_AXI_inst/top_mnist_fpga_instance/u_fsm/mac_weight_vec_reg[25]/C (clocked by clk_out1_fpga_mnist_clk_wiz_0_0) and fpga_mnist_i/ila_0/inst/ila_core_inst/u_trig/U_TM/N_DDR_MODE.G_NMU[8].U_M/allx_typeA_match_detection.ltlib_v1_0_2_allx_typeA_inst/probeDelay1_reg[17]/D (clocked by clk_out1_fpga_mnist_clk_wiz_0_0). Large setup violations at the end of those stages might be difficult to fix during the post-placement implementation flow and could be the result of non-optimal XDC constraints or non-optimal design architecture
Related violations: <none>

TIMING-16#65 Warning
Large setup violation  
There is a large setup violation of -1.786 ns between fpga_mnist_i/mnist_accel_0/inst/mnist_accel_slave_lite_v1_0_S_AXI_inst/top_mnist_fpga_instance/u_fsm/mac_weight_vec_reg[25]/C (clocked by clk_out1_fpga_mnist_clk_wiz_0_0) and fpga_mnist_i/axi_smc/inst/switchboards/i_nodes/i_r_node/inst/inst_mi_handler/gen_normal_area.inst_fifo_node_payld/gen_reg_fifo.inst_reg_fifo/gen_single_rank.data_reg[48]/D (clocked by clk_out1_fpga_mnist_clk_wiz_0_0). Large setup violations at the end of those stages might be difficult to fix during the post-placement implementation flow and could be the result of non-optimal XDC constraints or non-optimal design architecture
Related violations: <none>

TIMING-16#66 Warning
Large setup violation  
There is a large setup violation of -1.802 ns between fpga_mnist_i/mnist_accel_0/inst/mnist_accel_slave_lite_v1_0_S_AXI_inst/top_mnist_fpga_instance/u_fsm/mac_weight_vec_reg[25]/C (clocked by clk_out1_fpga_mnist_clk_wiz_0_0) and fpga_mnist_i/axi_smc/inst/switchboards/i_nodes/i_r_node/inst/inst_mi_handler/gen_normal_area.inst_fifo_node_payld/gen_reg_fifo.inst_reg_fifo/gen_single_rank.data_reg[51]/D (clocked by clk_out1_fpga_mnist_clk_wiz_0_0). Large setup violations at the end of those stages might be difficult to fix during the post-placement implementation flow and could be the result of non-optimal XDC constraints or non-optimal design architecture
Related violations: <none>

TIMING-16#67 Warning
Large setup violation  
There is a large setup violation of -1.803 ns between fpga_mnist_i/mnist_accel_0/inst/mnist_accel_slave_lite_v1_0_S_AXI_inst/top_mnist_fpga_instance/u_fsm/mac_weight_vec_reg[25]/C (clocked by clk_out1_fpga_mnist_clk_wiz_0_0) and fpga_mnist_i/ila_0/inst/ila_core_inst/u_trig/U_TM/N_DDR_MODE.G_NMU[8].U_M/allx_typeA_match_detection.ltlib_v1_0_2_allx_typeA_inst/probeDelay1_reg[15]/D (clocked by clk_out1_fpga_mnist_clk_wiz_0_0). Large setup violations at the end of those stages might be difficult to fix during the post-placement implementation flow and could be the result of non-optimal XDC constraints or non-optimal design architecture
Related violations: <none>

TIMING-16#68 Warning
Large setup violation  
There is a large setup violation of -1.804 ns between fpga_mnist_i/mnist_accel_0/inst/mnist_accel_slave_lite_v1_0_S_AXI_inst/top_mnist_fpga_instance/u_fsm/mac_weight_vec_reg[25]/C (clocked by clk_out1_fpga_mnist_clk_wiz_0_0) and fpga_mnist_i/axi_smc/inst/switchboards/i_nodes/i_r_node/inst/inst_mi_handler/gen_normal_area.inst_fifo_node_payld/gen_reg_fifo.inst_reg_fifo/gen_single_rank.data_reg[36]/D (clocked by clk_out1_fpga_mnist_clk_wiz_0_0). Large setup violations at the end of those stages might be difficult to fix during the post-placement implementation flow and could be the result of non-optimal XDC constraints or non-optimal design architecture
Related violations: <none>

TIMING-16#69 Warning
Large setup violation  
There is a large setup violation of -1.805 ns between fpga_mnist_i/mnist_accel_0/inst/mnist_accel_slave_lite_v1_0_S_AXI_inst/top_mnist_fpga_instance/u_fsm/mac_weight_vec_reg[25]/C (clocked by clk_out1_fpga_mnist_clk_wiz_0_0) and fpga_mnist_i/ila_0/inst/ila_core_inst/u_trig/U_TM/N_DDR_MODE.G_NMU[8].U_M/allx_typeA_match_detection.ltlib_v1_0_2_allx_typeA_inst/probeDelay1_reg[29]/D (clocked by clk_out1_fpga_mnist_clk_wiz_0_0). Large setup violations at the end of those stages might be difficult to fix during the post-placement implementation flow and could be the result of non-optimal XDC constraints or non-optimal design architecture
Related violations: <none>

TIMING-16#70 Warning
Large setup violation  
There is a large setup violation of -1.815 ns between fpga_mnist_i/mnist_accel_0/inst/mnist_accel_slave_lite_v1_0_S_AXI_inst/top_mnist_fpga_instance/u_fsm/mac_weight_vec_reg[25]/C (clocked by clk_out1_fpga_mnist_clk_wiz_0_0) and fpga_mnist_i/axi_smc/inst/switchboards/i_nodes/i_r_node/inst/inst_mi_handler/gen_normal_area.inst_fifo_node_payld/gen_reg_fifo.inst_reg_fifo/gen_single_rank.data_reg[41]/D (clocked by clk_out1_fpga_mnist_clk_wiz_0_0). Large setup violations at the end of those stages might be difficult to fix during the post-placement implementation flow and could be the result of non-optimal XDC constraints or non-optimal design architecture
Related violations: <none>

TIMING-16#71 Warning
Large setup violation  
There is a large setup violation of -1.823 ns between fpga_mnist_i/mnist_accel_0/inst/mnist_accel_slave_lite_v1_0_S_AXI_inst/top_mnist_fpga_instance/u_fsm/mac_weight_vec_reg[25]/C (clocked by clk_out1_fpga_mnist_clk_wiz_0_0) and fpga_mnist_i/mnist_accel_0/inst/mnist_accel_slave_lite_v1_0_S_AXI_inst/top_mnist_fpga_instance/u_fsm/result_value_reg[30]/D (clocked by clk_out1_fpga_mnist_clk_wiz_0_0). Large setup violations at the end of those stages might be difficult to fix during the post-placement implementation flow and could be the result of non-optimal XDC constraints or non-optimal design architecture
Related violations: <none>

TIMING-16#72 Warning
Large setup violation  
There is a large setup violation of -1.841 ns between fpga_mnist_i/mnist_accel_0/inst/mnist_accel_slave_lite_v1_0_S_AXI_inst/top_mnist_fpga_instance/u_fsm/mac_weight_vec_reg[25]/C (clocked by clk_out1_fpga_mnist_clk_wiz_0_0) and fpga_mnist_i/mnist_accel_0/inst/mnist_accel_slave_lite_v1_0_S_AXI_inst/top_mnist_fpga_instance/u_mac/accum_out_reg[19]/D (clocked by clk_out1_fpga_mnist_clk_wiz_0_0). Large setup violations at the end of those stages might be difficult to fix during the post-placement implementation flow and could be the result of non-optimal XDC constraints or non-optimal design architecture
Related violations: <none>

TIMING-16#73 Warning
Large setup violation  
There is a large setup violation of -1.855 ns between fpga_mnist_i/mnist_accel_0/inst/mnist_accel_slave_lite_v1_0_S_AXI_inst/top_mnist_fpga_instance/u_fsm/mac_weight_vec_reg[25]/C (clocked by clk_out1_fpga_mnist_clk_wiz_0_0) and fpga_mnist_i/axi_smc/inst/switchboards/i_nodes/i_r_node/inst/inst_mi_handler/gen_normal_area.inst_fifo_node_payld/gen_reg_fifo.inst_reg_fifo/gen_single_rank.data_reg[50]/D (clocked by clk_out1_fpga_mnist_clk_wiz_0_0). Large setup violations at the end of those stages might be difficult to fix during the post-placement implementation flow and could be the result of non-optimal XDC constraints or non-optimal design architecture
Related violations: <none>

TIMING-16#74 Warning
Large setup violation  
There is a large setup violation of -1.876 ns between fpga_mnist_i/mnist_accel_0/inst/mnist_accel_slave_lite_v1_0_S_AXI_inst/top_mnist_fpga_instance/u_fsm/mac_weight_vec_reg[25]/C (clocked by clk_out1_fpga_mnist_clk_wiz_0_0) and fpga_mnist_i/ila_0/inst/ila_core_inst/u_trig/U_TM/N_DDR_MODE.G_NMU[8].U_M/allx_typeA_match_detection.ltlib_v1_0_2_allx_typeA_inst/probeDelay1_reg[27]/D (clocked by clk_out1_fpga_mnist_clk_wiz_0_0). Large setup violations at the end of those stages might be difficult to fix during the post-placement implementation flow and could be the result of non-optimal XDC constraints or non-optimal design architecture
Related violations: <none>

TIMING-16#75 Warning
Large setup violation  
There is a large setup violation of -1.912 ns between fpga_mnist_i/mnist_accel_0/inst/mnist_accel_slave_lite_v1_0_S_AXI_inst/top_mnist_fpga_instance/u_fsm/mac_weight_vec_reg[25]/C (clocked by clk_out1_fpga_mnist_clk_wiz_0_0) and fpga_mnist_i/mnist_accel_0/inst/mnist_accel_slave_lite_v1_0_S_AXI_inst/top_mnist_fpga_instance/u_fsm/result_value_reg[9]/D (clocked by clk_out1_fpga_mnist_clk_wiz_0_0). Large setup violations at the end of those stages might be difficult to fix during the post-placement implementation flow and could be the result of non-optimal XDC constraints or non-optimal design architecture
Related violations: <none>

TIMING-16#76 Warning
Large setup violation  
There is a large setup violation of -1.920 ns between fpga_mnist_i/mnist_accel_0/inst/mnist_accel_slave_lite_v1_0_S_AXI_inst/top_mnist_fpga_instance/u_fsm/mac_weight_vec_reg[25]/C (clocked by clk_out1_fpga_mnist_clk_wiz_0_0) and fpga_mnist_i/mnist_accel_0/inst/mnist_accel_slave_lite_v1_0_S_AXI_inst/top_mnist_fpga_instance/u_fsm/result_value_reg[11]/D (clocked by clk_out1_fpga_mnist_clk_wiz_0_0). Large setup violations at the end of those stages might be difficult to fix during the post-placement implementation flow and could be the result of non-optimal XDC constraints or non-optimal design architecture
Related violations: <none>

TIMING-16#77 Warning
Large setup violation  
There is a large setup violation of -1.920 ns between fpga_mnist_i/mnist_accel_0/inst/mnist_accel_slave_lite_v1_0_S_AXI_inst/top_mnist_fpga_instance/u_fsm/mac_weight_vec_reg[25]/C (clocked by clk_out1_fpga_mnist_clk_wiz_0_0) and fpga_mnist_i/mnist_accel_0/inst/mnist_accel_slave_lite_v1_0_S_AXI_inst/top_mnist_fpga_instance/u_fsm/result_value_reg[28]/D (clocked by clk_out1_fpga_mnist_clk_wiz_0_0). Large setup violations at the end of those stages might be difficult to fix during the post-placement implementation flow and could be the result of non-optimal XDC constraints or non-optimal design architecture
Related violations: <none>

TIMING-16#78 Warning
Large setup violation  
There is a large setup violation of -1.925 ns between fpga_mnist_i/mnist_accel_0/inst/mnist_accel_slave_lite_v1_0_S_AXI_inst/top_mnist_fpga_instance/u_fsm/mac_weight_vec_reg[25]/C (clocked by clk_out1_fpga_mnist_clk_wiz_0_0) and fpga_mnist_i/mnist_accel_0/inst/mnist_accel_slave_lite_v1_0_S_AXI_inst/top_mnist_fpga_instance/u_fsm/result_value_reg[27]/D (clocked by clk_out1_fpga_mnist_clk_wiz_0_0). Large setup violations at the end of those stages might be difficult to fix during the post-placement implementation flow and could be the result of non-optimal XDC constraints or non-optimal design architecture
Related violations: <none>

TIMING-16#79 Warning
Large setup violation  
There is a large setup violation of -1.932 ns between fpga_mnist_i/mnist_accel_0/inst/mnist_accel_slave_lite_v1_0_S_AXI_inst/top_mnist_fpga_instance/u_fsm/mac_weight_vec_reg[25]/C (clocked by clk_out1_fpga_mnist_clk_wiz_0_0) and fpga_mnist_i/mnist_accel_0/inst/mnist_accel_slave_lite_v1_0_S_AXI_inst/top_mnist_fpga_instance/u_fsm/result_value_reg[15]/D (clocked by clk_out1_fpga_mnist_clk_wiz_0_0). Large setup violations at the end of those stages might be difficult to fix during the post-placement implementation flow and could be the result of non-optimal XDC constraints or non-optimal design architecture
Related violations: <none>

TIMING-16#80 Warning
Large setup violation  
There is a large setup violation of -1.944 ns between fpga_mnist_i/mnist_accel_0/inst/mnist_accel_slave_lite_v1_0_S_AXI_inst/top_mnist_fpga_instance/u_fsm/mac_weight_vec_reg[25]/C (clocked by clk_out1_fpga_mnist_clk_wiz_0_0) and fpga_mnist_i/mnist_accel_0/inst/mnist_accel_slave_lite_v1_0_S_AXI_inst/top_mnist_fpga_instance/u_mac/accum_out_reg[22]/D (clocked by clk_out1_fpga_mnist_clk_wiz_0_0). Large setup violations at the end of those stages might be difficult to fix during the post-placement implementation flow and could be the result of non-optimal XDC constraints or non-optimal design architecture
Related violations: <none>

TIMING-16#81 Warning
Large setup violation  
There is a large setup violation of -1.946 ns between fpga_mnist_i/mnist_accel_0/inst/mnist_accel_slave_lite_v1_0_S_AXI_inst/top_mnist_fpga_instance/u_fsm/mac_weight_vec_reg[25]/C (clocked by clk_out1_fpga_mnist_clk_wiz_0_0) and fpga_mnist_i/mnist_accel_0/inst/mnist_accel_slave_lite_v1_0_S_AXI_inst/top_mnist_fpga_instance/u_fsm/result_value_reg[14]/D (clocked by clk_out1_fpga_mnist_clk_wiz_0_0). Large setup violations at the end of those stages might be difficult to fix during the post-placement implementation flow and could be the result of non-optimal XDC constraints or non-optimal design architecture
Related violations: <none>

TIMING-16#82 Warning
Large setup violation  
There is a large setup violation of -1.948 ns between fpga_mnist_i/mnist_accel_0/inst/mnist_accel_slave_lite_v1_0_S_AXI_inst/top_mnist_fpga_instance/u_fsm/mac_weight_vec_reg[25]/C (clocked by clk_out1_fpga_mnist_clk_wiz_0_0) and fpga_mnist_i/axi_smc/inst/switchboards/i_nodes/i_r_node/inst/inst_mi_handler/gen_normal_area.inst_fifo_node_payld/gen_reg_fifo.inst_reg_fifo/gen_single_rank.data_reg[44]/D (clocked by clk_out1_fpga_mnist_clk_wiz_0_0). Large setup violations at the end of those stages might be difficult to fix during the post-placement implementation flow and could be the result of non-optimal XDC constraints or non-optimal design architecture
Related violations: <none>

TIMING-16#83 Warning
Large setup violation  
There is a large setup violation of -1.948 ns between fpga_mnist_i/mnist_accel_0/inst/mnist_accel_slave_lite_v1_0_S_AXI_inst/top_mnist_fpga_instance/u_fsm/mac_weight_vec_reg[25]/C (clocked by clk_out1_fpga_mnist_clk_wiz_0_0) and fpga_mnist_i/mnist_accel_0/inst/mnist_accel_slave_lite_v1_0_S_AXI_inst/top_mnist_fpga_instance/u_mac/accum_out_reg[21]/D (clocked by clk_out1_fpga_mnist_clk_wiz_0_0). Large setup violations at the end of those stages might be difficult to fix during the post-placement implementation flow and could be the result of non-optimal XDC constraints or non-optimal design architecture
Related violations: <none>

TIMING-16#84 Warning
Large setup violation  
There is a large setup violation of -1.955 ns between fpga_mnist_i/mnist_accel_0/inst/mnist_accel_slave_lite_v1_0_S_AXI_inst/top_mnist_fpga_instance/u_fsm/mac_weight_vec_reg[25]/C (clocked by clk_out1_fpga_mnist_clk_wiz_0_0) and fpga_mnist_i/mnist_accel_0/inst/mnist_accel_slave_lite_v1_0_S_AXI_inst/top_mnist_fpga_instance/u_fsm/result_value_reg[20]/D (clocked by clk_out1_fpga_mnist_clk_wiz_0_0). Large setup violations at the end of those stages might be difficult to fix during the post-placement implementation flow and could be the result of non-optimal XDC constraints or non-optimal design architecture
Related violations: <none>

TIMING-16#85 Warning
Large setup violation  
There is a large setup violation of -1.962 ns between fpga_mnist_i/mnist_accel_0/inst/mnist_accel_slave_lite_v1_0_S_AXI_inst/top_mnist_fpga_instance/u_fsm/mac_weight_vec_reg[25]/C (clocked by clk_out1_fpga_mnist_clk_wiz_0_0) and fpga_mnist_i/mnist_accel_0/inst/mnist_accel_slave_lite_v1_0_S_AXI_inst/top_mnist_fpga_instance/u_fsm/result_value_reg[8]/D (clocked by clk_out1_fpga_mnist_clk_wiz_0_0). Large setup violations at the end of those stages might be difficult to fix during the post-placement implementation flow and could be the result of non-optimal XDC constraints or non-optimal design architecture
Related violations: <none>

TIMING-16#86 Warning
Large setup violation  
There is a large setup violation of -1.968 ns between fpga_mnist_i/mnist_accel_0/inst/mnist_accel_slave_lite_v1_0_S_AXI_inst/top_mnist_fpga_instance/u_fsm/mac_weight_vec_reg[25]/C (clocked by clk_out1_fpga_mnist_clk_wiz_0_0) and fpga_mnist_i/mnist_accel_0/inst/mnist_accel_slave_lite_v1_0_S_AXI_inst/top_mnist_fpga_instance/u_fsm/result_value_reg[10]/D (clocked by clk_out1_fpga_mnist_clk_wiz_0_0). Large setup violations at the end of those stages might be difficult to fix during the post-placement implementation flow and could be the result of non-optimal XDC constraints or non-optimal design architecture
Related violations: <none>

TIMING-16#87 Warning
Large setup violation  
There is a large setup violation of -1.970 ns between fpga_mnist_i/mnist_accel_0/inst/mnist_accel_slave_lite_v1_0_S_AXI_inst/top_mnist_fpga_instance/u_fsm/mac_weight_vec_reg[25]/C (clocked by clk_out1_fpga_mnist_clk_wiz_0_0) and fpga_mnist_i/axi_smc/inst/switchboards/i_nodes/i_r_node/inst/inst_mi_handler/gen_normal_area.inst_fifo_node_payld/gen_reg_fifo.inst_reg_fifo/gen_single_rank.data_reg[54]/D (clocked by clk_out1_fpga_mnist_clk_wiz_0_0). Large setup violations at the end of those stages might be difficult to fix during the post-placement implementation flow and could be the result of non-optimal XDC constraints or non-optimal design architecture
Related violations: <none>

TIMING-16#88 Warning
Large setup violation  
There is a large setup violation of -1.970 ns between fpga_mnist_i/mnist_accel_0/inst/mnist_accel_slave_lite_v1_0_S_AXI_inst/top_mnist_fpga_instance/u_fsm/mac_weight_vec_reg[25]/C (clocked by clk_out1_fpga_mnist_clk_wiz_0_0) and fpga_mnist_i/mnist_accel_0/inst/mnist_accel_slave_lite_v1_0_S_AXI_inst/top_mnist_fpga_instance/u_mac/accum_out_reg[17]/D (clocked by clk_out1_fpga_mnist_clk_wiz_0_0). Large setup violations at the end of those stages might be difficult to fix during the post-placement implementation flow and could be the result of non-optimal XDC constraints or non-optimal design architecture
Related violations: <none>

TIMING-16#89 Warning
Large setup violation  
There is a large setup violation of -1.971 ns between fpga_mnist_i/mnist_accel_0/inst/mnist_accel_slave_lite_v1_0_S_AXI_inst/top_mnist_fpga_instance/u_fsm/mac_weight_vec_reg[25]/C (clocked by clk_out1_fpga_mnist_clk_wiz_0_0) and fpga_mnist_i/mnist_accel_0/inst/mnist_accel_slave_lite_v1_0_S_AXI_inst/top_mnist_fpga_instance/u_fsm/result_value_reg[6]/D (clocked by clk_out1_fpga_mnist_clk_wiz_0_0). Large setup violations at the end of those stages might be difficult to fix during the post-placement implementation flow and could be the result of non-optimal XDC constraints or non-optimal design architecture
Related violations: <none>

TIMING-16#90 Warning
Large setup violation  
There is a large setup violation of -1.973 ns between fpga_mnist_i/mnist_accel_0/inst/mnist_accel_slave_lite_v1_0_S_AXI_inst/top_mnist_fpga_instance/u_fsm/mac_weight_vec_reg[25]/C (clocked by clk_out1_fpga_mnist_clk_wiz_0_0) and fpga_mnist_i/mnist_accel_0/inst/mnist_accel_slave_lite_v1_0_S_AXI_inst/top_mnist_fpga_instance/u_fsm/result_value_reg[1]/D (clocked by clk_out1_fpga_mnist_clk_wiz_0_0). Large setup violations at the end of those stages might be difficult to fix during the post-placement implementation flow and could be the result of non-optimal XDC constraints or non-optimal design architecture
Related violations: <none>

TIMING-16#91 Warning
Large setup violation  
There is a large setup violation of -1.975 ns between fpga_mnist_i/mnist_accel_0/inst/mnist_accel_slave_lite_v1_0_S_AXI_inst/top_mnist_fpga_instance/u_fsm/mac_weight_vec_reg[25]/C (clocked by clk_out1_fpga_mnist_clk_wiz_0_0) and fpga_mnist_i/mnist_accel_0/inst/mnist_accel_slave_lite_v1_0_S_AXI_inst/top_mnist_fpga_instance/u_fsm/result_value_reg[2]/D (clocked by clk_out1_fpga_mnist_clk_wiz_0_0). Large setup violations at the end of those stages might be difficult to fix during the post-placement implementation flow and could be the result of non-optimal XDC constraints or non-optimal design architecture
Related violations: <none>

TIMING-16#92 Warning
Large setup violation  
There is a large setup violation of -1.975 ns between fpga_mnist_i/mnist_accel_0/inst/mnist_accel_slave_lite_v1_0_S_AXI_inst/top_mnist_fpga_instance/u_fsm/mac_weight_vec_reg[25]/C (clocked by clk_out1_fpga_mnist_clk_wiz_0_0) and fpga_mnist_i/mnist_accel_0/inst/mnist_accel_slave_lite_v1_0_S_AXI_inst/top_mnist_fpga_instance/u_fsm/result_value_reg[5]/D (clocked by clk_out1_fpga_mnist_clk_wiz_0_0). Large setup violations at the end of those stages might be difficult to fix during the post-placement implementation flow and could be the result of non-optimal XDC constraints or non-optimal design architecture
Related violations: <none>

TIMING-16#93 Warning
Large setup violation  
There is a large setup violation of -1.982 ns between fpga_mnist_i/mnist_accel_0/inst/mnist_accel_slave_lite_v1_0_S_AXI_inst/top_mnist_fpga_instance/u_fsm/mac_weight_vec_reg[25]/C (clocked by clk_out1_fpga_mnist_clk_wiz_0_0) and fpga_mnist_i/axi_smc/inst/switchboards/i_nodes/i_r_node/inst/inst_mi_handler/gen_normal_area.inst_fifo_node_payld/gen_reg_fifo.inst_reg_fifo/gen_single_rank.data_reg[47]/D (clocked by clk_out1_fpga_mnist_clk_wiz_0_0). Large setup violations at the end of those stages might be difficult to fix during the post-placement implementation flow and could be the result of non-optimal XDC constraints or non-optimal design architecture
Related violations: <none>

TIMING-16#94 Warning
Large setup violation  
There is a large setup violation of -1.985 ns between fpga_mnist_i/mnist_accel_0/inst/mnist_accel_slave_lite_v1_0_S_AXI_inst/top_mnist_fpga_instance/u_fsm/mac_weight_vec_reg[25]/C (clocked by clk_out1_fpga_mnist_clk_wiz_0_0) and fpga_mnist_i/mnist_accel_0/inst/mnist_accel_slave_lite_v1_0_S_AXI_inst/top_mnist_fpga_instance/u_fsm/result_value_reg[29]/D (clocked by clk_out1_fpga_mnist_clk_wiz_0_0). Large setup violations at the end of those stages might be difficult to fix during the post-placement implementation flow and could be the result of non-optimal XDC constraints or non-optimal design architecture
Related violations: <none>

TIMING-16#95 Warning
Large setup violation  
There is a large setup violation of -1.991 ns between fpga_mnist_i/mnist_accel_0/inst/mnist_accel_slave_lite_v1_0_S_AXI_inst/top_mnist_fpga_instance/u_fsm/mac_weight_vec_reg[25]/C (clocked by clk_out1_fpga_mnist_clk_wiz_0_0) and fpga_mnist_i/ila_0/inst/ila_core_inst/u_trig/U_TM/N_DDR_MODE.G_NMU[8].U_M/allx_typeA_match_detection.ltlib_v1_0_2_allx_typeA_inst/probeDelay1_reg[31]/D (clocked by clk_out1_fpga_mnist_clk_wiz_0_0). Large setup violations at the end of those stages might be difficult to fix during the post-placement implementation flow and could be the result of non-optimal XDC constraints or non-optimal design architecture
Related violations: <none>

TIMING-16#96 Warning
Large setup violation  
There is a large setup violation of -1.991 ns between fpga_mnist_i/mnist_accel_0/inst/mnist_accel_slave_lite_v1_0_S_AXI_inst/top_mnist_fpga_instance/u_fsm/mac_weight_vec_reg[25]/C (clocked by clk_out1_fpga_mnist_clk_wiz_0_0) and fpga_mnist_i/mnist_accel_0/inst/mnist_accel_slave_lite_v1_0_S_AXI_inst/top_mnist_fpga_instance/u_fsm/result_value_reg[24]/D (clocked by clk_out1_fpga_mnist_clk_wiz_0_0). Large setup violations at the end of those stages might be difficult to fix during the post-placement implementation flow and could be the result of non-optimal XDC constraints or non-optimal design architecture
Related violations: <none>

TIMING-16#97 Warning
Large setup violation  
There is a large setup violation of -1.993 ns between fpga_mnist_i/mnist_accel_0/inst/mnist_accel_slave_lite_v1_0_S_AXI_inst/top_mnist_fpga_instance/u_fsm/mac_weight_vec_reg[25]/C (clocked by clk_out1_fpga_mnist_clk_wiz_0_0) and fpga_mnist_i/axi_smc/inst/switchboards/i_nodes/i_r_node/inst/inst_mi_handler/gen_normal_area.inst_fifo_node_payld/gen_reg_fifo.inst_reg_fifo/gen_single_rank.data_reg[39]/D (clocked by clk_out1_fpga_mnist_clk_wiz_0_0). Large setup violations at the end of those stages might be difficult to fix during the post-placement implementation flow and could be the result of non-optimal XDC constraints or non-optimal design architecture
Related violations: <none>

TIMING-16#98 Warning
Large setup violation  
There is a large setup violation of -1.999 ns between fpga_mnist_i/mnist_accel_0/inst/mnist_accel_slave_lite_v1_0_S_AXI_inst/top_mnist_fpga_instance/u_fsm/mac_weight_vec_reg[25]/C (clocked by clk_out1_fpga_mnist_clk_wiz_0_0) and fpga_mnist_i/axi_smc/inst/switchboards/i_nodes/i_r_node/inst/inst_mi_handler/gen_normal_area.inst_fifo_node_payld/gen_reg_fifo.inst_reg_fifo/gen_single_rank.data_reg[40]/D (clocked by clk_out1_fpga_mnist_clk_wiz_0_0). Large setup violations at the end of those stages might be difficult to fix during the post-placement implementation flow and could be the result of non-optimal XDC constraints or non-optimal design architecture
Related violations: <none>

TIMING-16#99 Warning
Large setup violation  
There is a large setup violation of -2.002 ns between fpga_mnist_i/mnist_accel_0/inst/mnist_accel_slave_lite_v1_0_S_AXI_inst/top_mnist_fpga_instance/u_fsm/mac_weight_vec_reg[25]/C (clocked by clk_out1_fpga_mnist_clk_wiz_0_0) and fpga_mnist_i/ila_0/inst/ila_core_inst/u_trig/U_TM/N_DDR_MODE.G_NMU[8].U_M/allx_typeA_match_detection.ltlib_v1_0_2_allx_typeA_inst/probeDelay1_reg[25]/D (clocked by clk_out1_fpga_mnist_clk_wiz_0_0). Large setup violations at the end of those stages might be difficult to fix during the post-placement implementation flow and could be the result of non-optimal XDC constraints or non-optimal design architecture
Related violations: <none>

TIMING-16#100 Warning
Large setup violation  
There is a large setup violation of -2.026 ns between fpga_mnist_i/mnist_accel_0/inst/mnist_accel_slave_lite_v1_0_S_AXI_inst/top_mnist_fpga_instance/u_fsm/mac_weight_vec_reg[25]/C (clocked by clk_out1_fpga_mnist_clk_wiz_0_0) and fpga_mnist_i/mnist_accel_0/inst/mnist_accel_slave_lite_v1_0_S_AXI_inst/top_mnist_fpga_instance/u_mac/accum_out_reg[18]/D (clocked by clk_out1_fpga_mnist_clk_wiz_0_0). Large setup violations at the end of those stages might be difficult to fix during the post-placement implementation flow and could be the result of non-optimal XDC constraints or non-optimal design architecture
Related violations: <none>

TIMING-16#101 Warning
Large setup violation  
There is a large setup violation of -2.043 ns between fpga_mnist_i/mnist_accel_0/inst/mnist_accel_slave_lite_v1_0_S_AXI_inst/top_mnist_fpga_instance/u_fsm/mac_weight_vec_reg[25]/C (clocked by clk_out1_fpga_mnist_clk_wiz_0_0) and fpga_mnist_i/mnist_accel_0/inst/mnist_accel_slave_lite_v1_0_S_AXI_inst/top_mnist_fpga_instance/u_fsm/result_value_reg[16]/D (clocked by clk_out1_fpga_mnist_clk_wiz_0_0). Large setup violations at the end of those stages might be difficult to fix during the post-placement implementation flow and could be the result of non-optimal XDC constraints or non-optimal design architecture
Related violations: <none>

TIMING-16#102 Warning
Large setup violation  
There is a large setup violation of -2.043 ns between fpga_mnist_i/mnist_accel_0/inst/mnist_accel_slave_lite_v1_0_S_AXI_inst/top_mnist_fpga_instance/u_fsm/mac_weight_vec_reg[25]/C (clocked by clk_out1_fpga_mnist_clk_wiz_0_0) and fpga_mnist_i/mnist_accel_0/inst/mnist_accel_slave_lite_v1_0_S_AXI_inst/top_mnist_fpga_instance/u_fsm/result_value_reg[4]/D (clocked by clk_out1_fpga_mnist_clk_wiz_0_0). Large setup violations at the end of those stages might be difficult to fix during the post-placement implementation flow and could be the result of non-optimal XDC constraints or non-optimal design architecture
Related violations: <none>

TIMING-16#103 Warning
Large setup violation  
There is a large setup violation of -2.046 ns between fpga_mnist_i/mnist_accel_0/inst/mnist_accel_slave_lite_v1_0_S_AXI_inst/top_mnist_fpga_instance/u_fsm/mac_weight_vec_reg[25]/C (clocked by clk_out1_fpga_mnist_clk_wiz_0_0) and fpga_mnist_i/mnist_accel_0/inst/mnist_accel_slave_lite_v1_0_S_AXI_inst/top_mnist_fpga_instance/u_fsm/result_value_reg[19]/D (clocked by clk_out1_fpga_mnist_clk_wiz_0_0). Large setup violations at the end of those stages might be difficult to fix during the post-placement implementation flow and could be the result of non-optimal XDC constraints or non-optimal design architecture
Related violations: <none>

TIMING-16#104 Warning
Large setup violation  
There is a large setup violation of -2.049 ns between fpga_mnist_i/mnist_accel_0/inst/mnist_accel_slave_lite_v1_0_S_AXI_inst/top_mnist_fpga_instance/u_fsm/mac_weight_vec_reg[25]/C (clocked by clk_out1_fpga_mnist_clk_wiz_0_0) and fpga_mnist_i/mnist_accel_0/inst/mnist_accel_slave_lite_v1_0_S_AXI_inst/top_mnist_fpga_instance/u_fsm/result_value_reg[0]/D (clocked by clk_out1_fpga_mnist_clk_wiz_0_0). Large setup violations at the end of those stages might be difficult to fix during the post-placement implementation flow and could be the result of non-optimal XDC constraints or non-optimal design architecture
Related violations: <none>

TIMING-16#105 Warning
Large setup violation  
There is a large setup violation of -2.067 ns between fpga_mnist_i/mnist_accel_0/inst/mnist_accel_slave_lite_v1_0_S_AXI_inst/top_mnist_fpga_instance/u_fsm/mac_weight_vec_reg[25]/C (clocked by clk_out1_fpga_mnist_clk_wiz_0_0) and fpga_mnist_i/axi_smc/inst/switchboards/i_nodes/i_r_node/inst/inst_mi_handler/gen_normal_area.inst_fifo_node_payld/gen_reg_fifo.inst_reg_fifo/gen_single_rank.data_reg[43]/D (clocked by clk_out1_fpga_mnist_clk_wiz_0_0). Large setup violations at the end of those stages might be difficult to fix during the post-placement implementation flow and could be the result of non-optimal XDC constraints or non-optimal design architecture
Related violations: <none>

TIMING-16#106 Warning
Large setup violation  
There is a large setup violation of -2.093 ns between fpga_mnist_i/mnist_accel_0/inst/mnist_accel_slave_lite_v1_0_S_AXI_inst/top_mnist_fpga_instance/u_fsm/mac_weight_vec_reg[25]/C (clocked by clk_out1_fpga_mnist_clk_wiz_0_0) and fpga_mnist_i/mnist_accel_0/inst/mnist_accel_slave_lite_v1_0_S_AXI_inst/top_mnist_fpga_instance/u_mac/accum_out_reg[26]/D (clocked by clk_out1_fpga_mnist_clk_wiz_0_0). Large setup violations at the end of those stages might be difficult to fix during the post-placement implementation flow and could be the result of non-optimal XDC constraints or non-optimal design architecture
Related violations: <none>

TIMING-16#107 Warning
Large setup violation  
There is a large setup violation of -2.097 ns between fpga_mnist_i/mnist_accel_0/inst/mnist_accel_slave_lite_v1_0_S_AXI_inst/top_mnist_fpga_instance/u_fsm/mac_weight_vec_reg[25]/C (clocked by clk_out1_fpga_mnist_clk_wiz_0_0) and fpga_mnist_i/mnist_accel_0/inst/mnist_accel_slave_lite_v1_0_S_AXI_inst/top_mnist_fpga_instance/u_mac/accum_out_reg[23]/D (clocked by clk_out1_fpga_mnist_clk_wiz_0_0). Large setup violations at the end of those stages might be difficult to fix during the post-placement implementation flow and could be the result of non-optimal XDC constraints or non-optimal design architecture
Related violations: <none>

TIMING-16#108 Warning
Large setup violation  
There is a large setup violation of -2.108 ns between fpga_mnist_i/mnist_accel_0/inst/mnist_accel_slave_lite_v1_0_S_AXI_inst/top_mnist_fpga_instance/u_fsm/mac_weight_vec_reg[25]/C (clocked by clk_out1_fpga_mnist_clk_wiz_0_0) and fpga_mnist_i/mnist_accel_0/inst/mnist_accel_slave_lite_v1_0_S_AXI_inst/top_mnist_fpga_instance/u_fsm/result_value_reg[3]/D (clocked by clk_out1_fpga_mnist_clk_wiz_0_0). Large setup violations at the end of those stages might be difficult to fix during the post-placement implementation flow and could be the result of non-optimal XDC constraints or non-optimal design architecture
Related violations: <none>

TIMING-16#109 Warning
Large setup violation  
There is a large setup violation of -2.110 ns between fpga_mnist_i/mnist_accel_0/inst/mnist_accel_slave_lite_v1_0_S_AXI_inst/top_mnist_fpga_instance/u_fsm/mac_weight_vec_reg[25]/C (clocked by clk_out1_fpga_mnist_clk_wiz_0_0) and fpga_mnist_i/mnist_accel_0/inst/mnist_accel_slave_lite_v1_0_S_AXI_inst/top_mnist_fpga_instance/u_mac/accum_out_reg[29]/D (clocked by clk_out1_fpga_mnist_clk_wiz_0_0). Large setup violations at the end of those stages might be difficult to fix during the post-placement implementation flow and could be the result of non-optimal XDC constraints or non-optimal design architecture
Related violations: <none>

TIMING-16#110 Warning
Large setup violation  
There is a large setup violation of -2.129 ns between fpga_mnist_i/mnist_accel_0/inst/mnist_accel_slave_lite_v1_0_S_AXI_inst/top_mnist_fpga_instance/u_fsm/mac_weight_vec_reg[25]/C (clocked by clk_out1_fpga_mnist_clk_wiz_0_0) and fpga_mnist_i/mnist_accel_0/inst/mnist_accel_slave_lite_v1_0_S_AXI_inst/top_mnist_fpga_instance/u_fsm/result_value_reg[7]/D (clocked by clk_out1_fpga_mnist_clk_wiz_0_0). Large setup violations at the end of those stages might be difficult to fix during the post-placement implementation flow and could be the result of non-optimal XDC constraints or non-optimal design architecture
Related violations: <none>

TIMING-16#111 Warning
Large setup violation  
There is a large setup violation of -2.198 ns between fpga_mnist_i/mnist_accel_0/inst/mnist_accel_slave_lite_v1_0_S_AXI_inst/top_mnist_fpga_instance/u_fsm/mac_weight_vec_reg[25]/C (clocked by clk_out1_fpga_mnist_clk_wiz_0_0) and fpga_mnist_i/mnist_accel_0/inst/mnist_accel_slave_lite_v1_0_S_AXI_inst/top_mnist_fpga_instance/u_mac/accum_out_reg[16]/D (clocked by clk_out1_fpga_mnist_clk_wiz_0_0). Large setup violations at the end of those stages might be difficult to fix during the post-placement implementation flow and could be the result of non-optimal XDC constraints or non-optimal design architecture
Related violations: <none>

TIMING-16#112 Warning
Large setup violation  
There is a large setup violation of -2.200 ns between fpga_mnist_i/mnist_accel_0/inst/mnist_accel_slave_lite_v1_0_S_AXI_inst/top_mnist_fpga_instance/u_fsm/mac_weight_vec_reg[25]/C (clocked by clk_out1_fpga_mnist_clk_wiz_0_0) and fpga_mnist_i/mnist_accel_0/inst/mnist_accel_slave_lite_v1_0_S_AXI_inst/top_mnist_fpga_instance/u_mac/accum_out_reg[20]/D (clocked by clk_out1_fpga_mnist_clk_wiz_0_0). Large setup violations at the end of those stages might be difficult to fix during the post-placement implementation flow and could be the result of non-optimal XDC constraints or non-optimal design architecture
Related violations: <none>

TIMING-16#113 Warning
Large setup violation  
There is a large setup violation of -2.223 ns between fpga_mnist_i/mnist_accel_0/inst/mnist_accel_slave_lite_v1_0_S_AXI_inst/top_mnist_fpga_instance/u_fsm/mac_weight_vec_reg[25]/C (clocked by clk_out1_fpga_mnist_clk_wiz_0_0) and fpga_mnist_i/mnist_accel_0/inst/mnist_accel_slave_lite_v1_0_S_AXI_inst/top_mnist_fpga_instance/u_mac/accum_out_reg[30]/D (clocked by clk_out1_fpga_mnist_clk_wiz_0_0). Large setup violations at the end of those stages might be difficult to fix during the post-placement implementation flow and could be the result of non-optimal XDC constraints or non-optimal design architecture
Related violations: <none>

TIMING-16#114 Warning
Large setup violation  
There is a large setup violation of -2.242 ns between fpga_mnist_i/mnist_accel_0/inst/mnist_accel_slave_lite_v1_0_S_AXI_inst/top_mnist_fpga_instance/u_fsm/mac_weight_vec_reg[25]/C (clocked by clk_out1_fpga_mnist_clk_wiz_0_0) and fpga_mnist_i/mnist_accel_0/inst/mnist_accel_slave_lite_v1_0_S_AXI_inst/top_mnist_fpga_instance/u_fsm/result_value_reg[18]/D (clocked by clk_out1_fpga_mnist_clk_wiz_0_0). Large setup violations at the end of those stages might be difficult to fix during the post-placement implementation flow and could be the result of non-optimal XDC constraints or non-optimal design architecture
Related violations: <none>

TIMING-16#115 Warning
Large setup violation  
There is a large setup violation of -2.258 ns between fpga_mnist_i/mnist_accel_0/inst/mnist_accel_slave_lite_v1_0_S_AXI_inst/top_mnist_fpga_instance/u_fsm/mac_weight_vec_reg[25]/C (clocked by clk_out1_fpga_mnist_clk_wiz_0_0) and fpga_mnist_i/mnist_accel_0/inst/mnist_accel_slave_lite_v1_0_S_AXI_inst/top_mnist_fpga_instance/u_fsm/result_value_reg[17]/D (clocked by clk_out1_fpga_mnist_clk_wiz_0_0). Large setup violations at the end of those stages might be difficult to fix during the post-placement implementation flow and could be the result of non-optimal XDC constraints or non-optimal design architecture
Related violations: <none>

TIMING-18#1 Warning
Missing input or output delay  
An input delay is missing on rst_button relative to the rising and/or falling clock edge(s) of sys_clock.
Related violations: <none>

TIMING-18#2 Warning
Missing input or output delay  
An input delay is missing on usb_uart_rxd relative to the rising and/or falling clock edge(s) of sys_clock.
Related violations: <none>

TIMING-18#3 Warning
Missing input or output delay  
An output delay is missing on seven_segment_display[0] relative to the rising and/or falling clock edge(s) of sys_clock.
Related violations: <none>

TIMING-18#4 Warning
Missing input or output delay  
An output delay is missing on seven_segment_display[1] relative to the rising and/or falling clock edge(s) of sys_clock.
Related violations: <none>

TIMING-18#5 Warning
Missing input or output delay  
An output delay is missing on seven_segment_display[2] relative to the rising and/or falling clock edge(s) of sys_clock.
Related violations: <none>

TIMING-18#6 Warning
Missing input or output delay  
An output delay is missing on seven_segment_display[3] relative to the rising and/or falling clock edge(s) of sys_clock.
Related violations: <none>

TIMING-18#7 Warning
Missing input or output delay  
An output delay is missing on seven_segment_display[4] relative to the rising and/or falling clock edge(s) of sys_clock.
Related violations: <none>

TIMING-18#8 Warning
Missing input or output delay  
An output delay is missing on seven_segment_display[5] relative to the rising and/or falling clock edge(s) of sys_clock.
Related violations: <none>

TIMING-18#9 Warning
Missing input or output delay  
An output delay is missing on seven_segment_display[6] relative to the rising and/or falling clock edge(s) of sys_clock.
Related violations: <none>

TIMING-18#10 Warning
Missing input or output delay  
An output delay is missing on usb_uart_txd relative to the rising and/or falling clock edge(s) of sys_clock.
Related violations: <none>

XDCB-5#1 Warning
Runtime inefficient way to find pin objects  
The option '-from : [get_pins -hierarchical -filter {NAME =~ *ila_core_inst/u_trig/N_DDR_TC.N_DDR_TC_INST[*].U_TC/allx_typeA_match_detection.ltlib_v1_0_2_allx_typeA_inst/DUT/u_srl_drive/CLK}]' of constraint 'set_false_path' uses inefficient query to find pin objects (see constraint position '47' in the Timing Constraint window in Vivado IDE). To reduce runtime, it is recommended to get the pins through the cell objects. Please refer to Using Constraints Guide (Constraints Efficiency). An example of optimal query is: get_pins -filter {REF_PIN_NAME=~yy*} -of_objects [get_cells -hierarchical xx*].
Current XDC: c:/vitis_mnist/mnist_fpga/mnist_fpga.gen/sources_1/bd/fpga_mnist/ip/fpga_mnist_ila_0_0/ila_v6_2/constraints/ila.xdc (Line: 72)
Related violations: <none>

XDCB-5#2 Warning
Runtime inefficient way to find pin objects  
The option '-to : [get_pins -hierarchical -filter {NAME =~ *ila_core_inst/u_trig/N_DDR_TC.N_DDR_TC_INST[*].U_TC/yes_output_reg.dout_reg_reg/D}]' of constraint 'set_false_path' uses inefficient query to find pin objects (see constraint position '47' in the Timing Constraint window in Vivado IDE). To reduce runtime, it is recommended to get the pins through the cell objects. Please refer to Using Constraints Guide (Constraints Efficiency). An example of optimal query is: get_pins -filter {REF_PIN_NAME=~yy*} -of_objects [get_cells -hierarchical xx*].
Current XDC: c:/vitis_mnist/mnist_fpga/mnist_fpga.gen/sources_1/bd/fpga_mnist/ip/fpga_mnist_ila_0_0/ila_v6_2/constraints/ila.xdc (Line: 72)
Related violations: <none>


