
*** Running vivado
    with args -log fpga_mnist_wrapper.vdi -applog -m64 -product Vivado -messageDb vivado.pb -mode batch -source fpga_mnist_wrapper.tcl -notrace



****** Vivado v2024.2 (64-bit)
  **** SW Build 5239630 on Fri Nov 08 22:35:27 MST 2024
  **** IP Build 5239520 on Sun Nov 10 16:12:51 MST 2024
  **** SharedData Build 5239561 on Fri Nov 08 14:39:27 MST 2024
  **** Start of session at: Fri Jan 30 12:29:20 2026
    ** Copyright 1986-2022 Xilinx, Inc. All Rights Reserved.
    ** Copyright 2022-2024 Advanced Micro Devices, Inc. All Rights Reserved.

source fpga_mnist_wrapper.tcl -notrace
INFO: [IP_Flow 19-234] Refreshing IP repositories
INFO: [IP_Flow 19-1700] Loaded user IP repository 'c:/vitis_mnist/ip_repo/mnist_accel_1_0'.
WARNING: [IP_Flow 19-2207] Repository 'c:/vitis_mnist/ip_repo/mnist_accel_1_0' already exists; ignoring attempt to add it again.
INFO: [IP_Flow 19-1700] Loaded user IP repository 'c:/vitis_mnist/ip_repo/mnist_accel_1_0'.
WARNING: [IP_Flow 19-2248] Failed to load user IP repository 'c:/vitis_mnist/mnist_fpga/mnist_fpga.ip_user_files/bd/fpga_mnist/ip/fpga_mnist_mnist_accel_0_0'; Can't find the specified path.
If this directory should no longer be in your list of user repositories, go to the IP Settings dialog and remove it.
INFO: [IP_Flow 19-2313] Loaded Vivado IP repository 'C:/Xilinx/Vivado/2024.2/data/ip'.
add_files: Time (s): cpu = 00:00:06 ; elapsed = 00:00:07 . Memory (MB): peak = 470.289 ; gain = 99.516
Command: link_design -top fpga_mnist_wrapper -part xc7a35tcpg236-1
Design is defaulting to srcset: sources_1
Design is defaulting to constrset: constrs_1
INFO: [Device 21-403] Loading part xc7a35tcpg236-1
INFO: [Project 1-454] Reading design checkpoint 'c:/vitis_mnist/mnist_fpga/mnist_fpga.gen/sources_1/bd/fpga_mnist/ip/fpga_mnist_axi_bram_ctrl_0_0/fpga_mnist_axi_bram_ctrl_0_0.dcp' for cell 'fpga_mnist_i/axi_bram_ctrl_0'
INFO: [Project 1-454] Reading design checkpoint 'c:/vitis_mnist/mnist_fpga/mnist_fpga.gen/sources_1/bd/fpga_mnist/ip/fpga_mnist_axi_bram_ctrl_1_0/fpga_mnist_axi_bram_ctrl_1_0.dcp' for cell 'fpga_mnist_i/axi_bram_ctrl_1'
INFO: [Project 1-454] Reading design checkpoint 'c:/vitis_mnist/mnist_fpga/mnist_fpga.gen/sources_1/bd/fpga_mnist/ip/fpga_mnist_axi_smc_0/fpga_mnist_axi_smc_0.dcp' for cell 'fpga_mnist_i/axi_smc'
INFO: [Project 1-454] Reading design checkpoint 'c:/vitis_mnist/mnist_fpga/mnist_fpga.gen/sources_1/bd/fpga_mnist/ip/fpga_mnist_axi_uart16550_0_1/fpga_mnist_axi_uart16550_0_1.dcp' for cell 'fpga_mnist_i/axi_uart16550_0'
INFO: [Project 1-454] Reading design checkpoint 'c:/vitis_mnist/mnist_fpga/mnist_fpga.gen/sources_1/bd/fpga_mnist/ip/fpga_mnist_blk_mem_gen_0_4/fpga_mnist_blk_mem_gen_0_4.dcp' for cell 'fpga_mnist_i/blk_mem_gen_0'
INFO: [Project 1-454] Reading design checkpoint 'c:/vitis_mnist/mnist_fpga/mnist_fpga.gen/sources_1/bd/fpga_mnist/ip/fpga_mnist_blk_mem_gen_1_0/fpga_mnist_blk_mem_gen_1_0.dcp' for cell 'fpga_mnist_i/blk_mem_gen_1'
INFO: [Project 1-454] Reading design checkpoint 'c:/vitis_mnist/mnist_fpga/mnist_fpga.gen/sources_1/bd/fpga_mnist/ip/fpga_mnist_clk_wiz_0_0/fpga_mnist_clk_wiz_0_0.dcp' for cell 'fpga_mnist_i/clk_wiz_0'
INFO: [Project 1-454] Reading design checkpoint 'c:/vitis_mnist/mnist_fpga/mnist_fpga.gen/sources_1/bd/fpga_mnist/ip/fpga_mnist_ila_0_0/fpga_mnist_ila_0_0.dcp' for cell 'fpga_mnist_i/ila_0'
INFO: [Project 1-454] Reading design checkpoint 'c:/vitis_mnist/mnist_fpga/mnist_fpga.gen/sources_1/bd/fpga_mnist/ip/fpga_mnist_mdm_0_0/fpga_mnist_mdm_0_0.dcp' for cell 'fpga_mnist_i/mdm_0'
INFO: [Project 1-454] Reading design checkpoint 'c:/vitis_mnist/mnist_fpga/mnist_fpga.gen/sources_1/bd/fpga_mnist/ip/fpga_mnist_microblaze_0_0/fpga_mnist_microblaze_0_0.dcp' for cell 'fpga_mnist_i/microblaze_0'
INFO: [Project 1-454] Reading design checkpoint 'c:/vitis_mnist/mnist_fpga/mnist_fpga.gen/sources_1/bd/fpga_mnist/ip/fpga_mnist_mnist_accel_0_2/fpga_mnist_mnist_accel_0_2.dcp' for cell 'fpga_mnist_i/mnist_accel_0'
INFO: [Project 1-454] Reading design checkpoint 'c:/vitis_mnist/mnist_fpga/mnist_fpga.gen/sources_1/bd/fpga_mnist/ip/fpga_mnist_proc_sys_reset_0_0/fpga_mnist_proc_sys_reset_0_0.dcp' for cell 'fpga_mnist_i/proc_sys_reset_0'
Netlist sorting complete. Time (s): cpu = 00:00:01 ; elapsed = 00:00:00.521 . Memory (MB): peak = 739.676 ; gain = 0.000
INFO: [Netlist 29-17] Analyzing 874 Unisim elements for replacement
INFO: [Netlist 29-28] Unisim Transformation completed in 0 CPU seconds
INFO: [Project 1-479] Netlist was created with Vivado 2024.2
INFO: [Project 1-570] Preparing netlist for logic optimization
INFO: [Chipscope 16-324] Core: fpga_mnist_i/ila_0 UUID: cdacbb44-7bdb-5239-9e77-45e330403d35 
Parsing XDC File [c:/vitis_mnist/mnist_fpga/mnist_fpga.gen/sources_1/bd/fpga_mnist/ip/fpga_mnist_microblaze_0_0/fpga_mnist_microblaze_0_0.xdc] for cell 'fpga_mnist_i/microblaze_0/U0'
Finished Parsing XDC File [c:/vitis_mnist/mnist_fpga/mnist_fpga.gen/sources_1/bd/fpga_mnist/ip/fpga_mnist_microblaze_0_0/fpga_mnist_microblaze_0_0.xdc] for cell 'fpga_mnist_i/microblaze_0/U0'
Parsing XDC File [c:/vitis_mnist/mnist_fpga/mnist_fpga.gen/sources_1/bd/fpga_mnist/ip/fpga_mnist_clk_wiz_0_0/fpga_mnist_clk_wiz_0_0_board.xdc] for cell 'fpga_mnist_i/clk_wiz_0/inst'
CRITICAL WARNING: [Netlist 29-160] Cannot set property 'BOARD_PART_PIN', because the property does not exist for objects of type 'pin'. [c:/vitis_mnist/mnist_fpga/mnist_fpga.gen/sources_1/bd/fpga_mnist/ip/fpga_mnist_clk_wiz_0_0/fpga_mnist_clk_wiz_0_0_board.xdc:3]
Resolution: Modify the set_property command to apply the property on the correct object type. Since the property is being applied as a scoped constraint, ensure the proper connectivity of the object port objects can be translated into pin objects. This could be due to the insertion of IO Buffers between the top level terminal and cell pin. If the goal is to apply constraints that will migrate to top level ports it is required that IO Buffers manually be instanced.
Finished Parsing XDC File [c:/vitis_mnist/mnist_fpga/mnist_fpga.gen/sources_1/bd/fpga_mnist/ip/fpga_mnist_clk_wiz_0_0/fpga_mnist_clk_wiz_0_0_board.xdc] for cell 'fpga_mnist_i/clk_wiz_0/inst'
Parsing XDC File [c:/vitis_mnist/mnist_fpga/mnist_fpga.gen/sources_1/bd/fpga_mnist/ip/fpga_mnist_clk_wiz_0_0/fpga_mnist_clk_wiz_0_0.xdc] for cell 'fpga_mnist_i/clk_wiz_0/inst'
INFO: [Timing 38-35] Done setting XDC timing constraints. [c:/vitis_mnist/mnist_fpga/mnist_fpga.gen/sources_1/bd/fpga_mnist/ip/fpga_mnist_clk_wiz_0_0/fpga_mnist_clk_wiz_0_0.xdc:54]
INFO: [Timing 38-2] Deriving generated clocks [c:/vitis_mnist/mnist_fpga/mnist_fpga.gen/sources_1/bd/fpga_mnist/ip/fpga_mnist_clk_wiz_0_0/fpga_mnist_clk_wiz_0_0.xdc:54]
get_clocks: Time (s): cpu = 00:00:08 ; elapsed = 00:00:08 . Memory (MB): peak = 1467.785 ; gain = 544.555
Finished Parsing XDC File [c:/vitis_mnist/mnist_fpga/mnist_fpga.gen/sources_1/bd/fpga_mnist/ip/fpga_mnist_clk_wiz_0_0/fpga_mnist_clk_wiz_0_0.xdc] for cell 'fpga_mnist_i/clk_wiz_0/inst'
Parsing XDC File [c:/vitis_mnist/mnist_fpga/mnist_fpga.gen/sources_1/bd/fpga_mnist/ip/fpga_mnist_proc_sys_reset_0_0/fpga_mnist_proc_sys_reset_0_0_board.xdc] for cell 'fpga_mnist_i/proc_sys_reset_0/U0'
Finished Parsing XDC File [c:/vitis_mnist/mnist_fpga/mnist_fpga.gen/sources_1/bd/fpga_mnist/ip/fpga_mnist_proc_sys_reset_0_0/fpga_mnist_proc_sys_reset_0_0_board.xdc] for cell 'fpga_mnist_i/proc_sys_reset_0/U0'
Parsing XDC File [c:/vitis_mnist/mnist_fpga/mnist_fpga.gen/sources_1/bd/fpga_mnist/ip/fpga_mnist_proc_sys_reset_0_0/fpga_mnist_proc_sys_reset_0_0.xdc] for cell 'fpga_mnist_i/proc_sys_reset_0/U0'
Finished Parsing XDC File [c:/vitis_mnist/mnist_fpga/mnist_fpga.gen/sources_1/bd/fpga_mnist/ip/fpga_mnist_proc_sys_reset_0_0/fpga_mnist_proc_sys_reset_0_0.xdc] for cell 'fpga_mnist_i/proc_sys_reset_0/U0'
Parsing XDC File [c:/vitis_mnist/mnist_fpga/mnist_fpga.gen/sources_1/bd/fpga_mnist/ip/fpga_mnist_axi_smc_0/bd_0/ip/ip_1/bd_1de5_psr_aclk_0_board.xdc] for cell 'fpga_mnist_i/axi_smc/inst/clk_map/psr_aclk/U0'
Finished Parsing XDC File [c:/vitis_mnist/mnist_fpga/mnist_fpga.gen/sources_1/bd/fpga_mnist/ip/fpga_mnist_axi_smc_0/bd_0/ip/ip_1/bd_1de5_psr_aclk_0_board.xdc] for cell 'fpga_mnist_i/axi_smc/inst/clk_map/psr_aclk/U0'
Parsing XDC File [c:/vitis_mnist/mnist_fpga/mnist_fpga.gen/sources_1/bd/fpga_mnist/ip/fpga_mnist_axi_smc_0/bd_0/ip/ip_1/bd_1de5_psr_aclk_0.xdc] for cell 'fpga_mnist_i/axi_smc/inst/clk_map/psr_aclk/U0'
Finished Parsing XDC File [c:/vitis_mnist/mnist_fpga/mnist_fpga.gen/sources_1/bd/fpga_mnist/ip/fpga_mnist_axi_smc_0/bd_0/ip/ip_1/bd_1de5_psr_aclk_0.xdc] for cell 'fpga_mnist_i/axi_smc/inst/clk_map/psr_aclk/U0'
Parsing XDC File [c:/vitis_mnist/mnist_fpga/mnist_fpga.gen/sources_1/bd/fpga_mnist/ip/fpga_mnist_axi_smc_0/smartconnect.xdc] for cell 'fpga_mnist_i/axi_smc/inst'
Finished Parsing XDC File [c:/vitis_mnist/mnist_fpga/mnist_fpga.gen/sources_1/bd/fpga_mnist/ip/fpga_mnist_axi_smc_0/smartconnect.xdc] for cell 'fpga_mnist_i/axi_smc/inst'
Parsing XDC File [c:/vitis_mnist/mnist_fpga/mnist_fpga.gen/sources_1/bd/fpga_mnist/ip/fpga_mnist_ila_0_0/ila_v6_2/constraints/ila_impl.xdc] for cell 'fpga_mnist_i/ila_0/inst'
Finished Parsing XDC File [c:/vitis_mnist/mnist_fpga/mnist_fpga.gen/sources_1/bd/fpga_mnist/ip/fpga_mnist_ila_0_0/ila_v6_2/constraints/ila_impl.xdc] for cell 'fpga_mnist_i/ila_0/inst'
Parsing XDC File [c:/vitis_mnist/mnist_fpga/mnist_fpga.gen/sources_1/bd/fpga_mnist/ip/fpga_mnist_ila_0_0/ila_v6_2/constraints/ila.xdc] for cell 'fpga_mnist_i/ila_0/inst'
Finished Parsing XDC File [c:/vitis_mnist/mnist_fpga/mnist_fpga.gen/sources_1/bd/fpga_mnist/ip/fpga_mnist_ila_0_0/ila_v6_2/constraints/ila.xdc] for cell 'fpga_mnist_i/ila_0/inst'
Parsing XDC File [c:/vitis_mnist/mnist_fpga/mnist_fpga.gen/sources_1/bd/fpga_mnist/ip/fpga_mnist_axi_uart16550_0_1/fpga_mnist_axi_uart16550_0_1_board.xdc] for cell 'fpga_mnist_i/axi_uart16550_0/U0'
Finished Parsing XDC File [c:/vitis_mnist/mnist_fpga/mnist_fpga.gen/sources_1/bd/fpga_mnist/ip/fpga_mnist_axi_uart16550_0_1/fpga_mnist_axi_uart16550_0_1_board.xdc] for cell 'fpga_mnist_i/axi_uart16550_0/U0'
Parsing XDC File [c:/vitis_mnist/mnist_fpga/mnist_fpga.gen/sources_1/bd/fpga_mnist/ip/fpga_mnist_axi_uart16550_0_1/fpga_mnist_axi_uart16550_0_1.xdc] for cell 'fpga_mnist_i/axi_uart16550_0/U0'
Finished Parsing XDC File [c:/vitis_mnist/mnist_fpga/mnist_fpga.gen/sources_1/bd/fpga_mnist/ip/fpga_mnist_axi_uart16550_0_1/fpga_mnist_axi_uart16550_0_1.xdc] for cell 'fpga_mnist_i/axi_uart16550_0/U0'
Parsing XDC File [C:/vitis_mnist/mnist_fpga/mnist_fpga.srcs/constrs_1/new/mnist_pin_assignment.xdc]
Finished Parsing XDC File [C:/vitis_mnist/mnist_fpga/mnist_fpga.srcs/constrs_1/new/mnist_pin_assignment.xdc]
Parsing XDC File [c:/vitis_mnist/mnist_fpga/mnist_fpga.gen/sources_1/bd/fpga_mnist/ip/fpga_mnist_mdm_0_0/fpga_mnist_mdm_0_0.xdc] for cell 'fpga_mnist_i/mdm_0/U0'
Finished Parsing XDC File [c:/vitis_mnist/mnist_fpga/mnist_fpga.gen/sources_1/bd/fpga_mnist/ip/fpga_mnist_mdm_0_0/fpga_mnist_mdm_0_0.xdc] for cell 'fpga_mnist_i/mdm_0/U0'
INFO: [Project 1-1714] 75 XPM XDC files have been applied to the design.
INFO: [Opt 31-138] Pushed 0 inverter(s) to 0 load pin(s).
Generating merged BMM file for the design top 'fpga_mnist_wrapper'...
INFO: [Memdata 28-144] Successfully populated the BRAM INIT strings from the following elf files: c:/vitis_mnist/mnist_fpga/mnist_fpga.gen/sources_1/bd/fpga_mnist/ip/fpga_mnist_microblaze_0_0/data/mb_bootloop_le.elf 
INFO: [Project 1-1687] 2 scoped IP constraints or related sub-commands were skipped due to synthesis logic optimizations usually triggered by constant connectivity or unconnected output pins. To review the skipped constraints and messages, run the command 'set_param netlist.IPMsgFiltering false' before opening the design.
Netlist sorting complete. Time (s): cpu = 00:00:00 ; elapsed = 00:00:00.010 . Memory (MB): peak = 1467.785 ; gain = 0.000
INFO: [Project 1-111] Unisim Transformation Summary:
  A total of 237 instances were transformed.
  CFGLUT5 => CFGLUT5 (SRL16E, SRLC32E): 124 instances
  LUT6_2 => LUT6_2 (LUT5, LUT6): 96 instances
  RAM16X1D => RAM32X1D (RAMD32(x2)): 1 instance 
  RAM32M => RAM32M (RAMD32(x6), RAMS32(x2)): 16 instances

29 Infos, 2 Warnings, 1 Critical Warnings and 0 Errors encountered.
link_design completed successfully
link_design: Time (s): cpu = 00:00:20 ; elapsed = 00:00:23 . Memory (MB): peak = 1467.785 ; gain = 997.496
Command: opt_design
Attempting to get a license for feature 'Implementation' and/or device 'xc7a35t'
INFO: [Common 17-349] Got license for feature 'Implementation' and/or device 'xc7a35t'
Running DRC as a precondition to command opt_design

Starting DRC Task
INFO: [DRC 23-27] Running DRC with 2 threads
INFO: [Project 1-461] DRC finished with 0 Errors
INFO: [Project 1-462] Please refer to the DRC report (report_drc) for more information.

Time (s): cpu = 00:00:03 ; elapsed = 00:00:02 . Memory (MB): peak = 1467.785 ; gain = 0.000

Starting Cache Timing Information Task
INFO: [Timing 38-35] Done setting XDC timing constraints.
Ending Cache Timing Information Task | Checksum: 254b7a8d7

Time (s): cpu = 00:00:02 ; elapsed = 00:00:00.928 . Memory (MB): peak = 1468.266 ; gain = 0.480

Starting Logic Optimization Task

Phase 1 Initialization

Phase 1.1 Core Generation And Design Setup

Phase 1.1.1 Generate And Synthesize Debug Cores
INFO: [Chipscope 16-329] Generating Script for core instance : dbg_hub 
INFO: [IP_Flow 19-3806] Processing IP xilinx.com:ip:xsdbm:3.0 for cell dbg_hub_CV.
INFO: [Chipscope 16-469] Using cached IP synthesis design for IP xilinx.com:ip:xsdbm:3.0, cache-ID = ee450df3267d1797.
Done building netlist checker database: Time (s): cpu = 00:00:00 ; elapsed = 00:00:00.016 . Memory (MB): peak = 1886.785 ; gain = 0.000
Netlist sorting complete. Time (s): cpu = 00:00:00 ; elapsed = 00:00:00.031 . Memory (MB): peak = 1886.785 ; gain = 0.000
Phase 1.1.1 Generate And Synthesize Debug Cores | Checksum: 2d5c9e145

Time (s): cpu = 00:00:02 ; elapsed = 00:00:24 . Memory (MB): peak = 1886.785 ; gain = 19.887
Phase 1.1 Core Generation And Design Setup | Checksum: 2d5c9e145

Time (s): cpu = 00:00:02 ; elapsed = 00:00:24 . Memory (MB): peak = 1886.785 ; gain = 19.887

Phase 1.2 Setup Constraints And Sort Netlist
Phase 1.2 Setup Constraints And Sort Netlist | Checksum: 2d5c9e145

Time (s): cpu = 00:00:02 ; elapsed = 00:00:24 . Memory (MB): peak = 1886.785 ; gain = 19.887
Phase 1 Initialization | Checksum: 2d5c9e145

Time (s): cpu = 00:00:02 ; elapsed = 00:00:24 . Memory (MB): peak = 1886.785 ; gain = 19.887

Phase 2 Timer Update And Timing Data Collection

Phase 2.1 Timer Update
Phase 2.1 Timer Update | Checksum: 2d5c9e145

Time (s): cpu = 00:00:03 ; elapsed = 00:00:24 . Memory (MB): peak = 1886.785 ; gain = 19.887

Phase 2.2 Timing Data Collection
Phase 2.2 Timing Data Collection | Checksum: 2d5c9e145

Time (s): cpu = 00:00:03 ; elapsed = 00:00:24 . Memory (MB): peak = 1886.785 ; gain = 19.887
Phase 2 Timer Update And Timing Data Collection | Checksum: 2d5c9e145

Time (s): cpu = 00:00:03 ; elapsed = 00:00:24 . Memory (MB): peak = 1886.785 ; gain = 19.887

Phase 3 Retarget
INFO: [Opt 31-1851] Number of loadless carry chains removed were: 0
INFO: [Opt 31-1834] Total Chains To Be Transformed Were: 0 AND Number of Transformed insts Created are: 0
INFO: [Opt 31-1566] Pulled 3 inverters resulting in an inversion of 34 pins
INFO: [Opt 31-138] Pushed 5 inverter(s) to 9 load pin(s).
INFO: [Opt 31-49] Retargeted 0 cell(s).
Phase 3 Retarget | Checksum: 23cd0b4cf

Time (s): cpu = 00:00:04 ; elapsed = 00:00:25 . Memory (MB): peak = 1886.785 ; gain = 19.887
Retarget | Checksum: 23cd0b4cf
INFO: [Opt 31-389] Phase Retarget created 107 cells and removed 142 cells
INFO: [Opt 31-1021] In phase Retarget, 196 netlist objects are constrained preventing optimization. Please run opt_design with -debug_log to get more detail. 

Phase 4 Constant propagation
INFO: [Opt 31-138] Pushed 2 inverter(s) to 4 load pin(s).
Phase 4 Constant propagation | Checksum: 24f47db85

Time (s): cpu = 00:00:04 ; elapsed = 00:00:25 . Memory (MB): peak = 1886.785 ; gain = 19.887
Constant propagation | Checksum: 24f47db85
INFO: [Opt 31-389] Phase Constant propagation created 37 cells and removed 203 cells
INFO: [Opt 31-1021] In phase Constant propagation, 178 netlist objects are constrained preventing optimization. Please run opt_design with -debug_log to get more detail. 

Phase 5 Sweep
INFO: [Constraints 18-11670] Building netlist checker database with flags, 0x8
Done building netlist checker database: Time (s): cpu = 00:00:00 ; elapsed = 00:00:00.010 . Memory (MB): peak = 1886.785 ; gain = 0.000
INFO: [Constraints 18-11670] Building netlist checker database with flags, 0x8
Done building netlist checker database: Time (s): cpu = 00:00:00 ; elapsed = 00:00:00.007 . Memory (MB): peak = 1886.785 ; gain = 0.000
Phase 5 Sweep | Checksum: 1c066d6ef

Time (s): cpu = 00:00:05 ; elapsed = 00:00:26 . Memory (MB): peak = 1886.785 ; gain = 19.887
Sweep | Checksum: 1c066d6ef
INFO: [Opt 31-389] Phase Sweep created 0 cells and removed 346 cells
INFO: [Opt 31-1021] In phase Sweep, 1105 netlist objects are constrained preventing optimization. Please run opt_design with -debug_log to get more detail. 

Phase 6 BUFG optimization
INFO: [Opt 31-194] Inserted BUFG fpga_mnist_i/mdm_0/U0/Use_E2.BSCAN_I/Dbg_Update_0_BUFG_inst to drive 38 load(s) on clock net fpga_mnist_i/mdm_0/U0/Use_E2.BSCAN_I/Dbg_Update_0_BUFG
INFO: [Opt 31-193] Inserted 1 BUFG(s) on clock nets
Phase 6 BUFG optimization | Checksum: 1b9f2303f

Time (s): cpu = 00:00:05 ; elapsed = 00:00:27 . Memory (MB): peak = 1886.785 ; gain = 19.887
BUFG optimization | Checksum: 1b9f2303f
INFO: [Opt 31-662] Phase BUFG optimization created 1 cells of which 1 are BUFGs and removed 0 cells.

Phase 7 Shift Register Optimization
INFO: [Opt 31-1064] SRL Remap converted 0 SRLs to 0 registers and converted 0 registers of register chains to 0 SRLs
Phase 7 Shift Register Optimization | Checksum: 1b9f2303f

Time (s): cpu = 00:00:05 ; elapsed = 00:00:27 . Memory (MB): peak = 1886.785 ; gain = 19.887
Shift Register Optimization | Checksum: 1b9f2303f
INFO: [Opt 31-389] Phase Shift Register Optimization created 0 cells and removed 0 cells

Phase 8 Post Processing Netlist
INFO: [Opt 31-1566] Pulled 1 inverters resulting in an inversion of 18 pins
Phase 8 Post Processing Netlist | Checksum: 1a5ee2db3

Time (s): cpu = 00:00:06 ; elapsed = 00:00:27 . Memory (MB): peak = 1886.785 ; gain = 19.887
Post Processing Netlist | Checksum: 1a5ee2db3
INFO: [Opt 31-389] Phase Post Processing Netlist created 0 cells and removed 1 cells
INFO: [Opt 31-1021] In phase Post Processing Netlist, 213 netlist objects are constrained preventing optimization. Please run opt_design with -debug_log to get more detail. 

Phase 9 Finalization

Phase 9.1 Finalizing Design Cores and Updating Shapes
Phase 9.1 Finalizing Design Cores and Updating Shapes | Checksum: 2c5227b57

Time (s): cpu = 00:00:06 ; elapsed = 00:00:27 . Memory (MB): peak = 1886.785 ; gain = 19.887

Phase 9.2 Verifying Netlist Connectivity

Starting Connectivity Check Task

Time (s): cpu = 00:00:00 ; elapsed = 00:00:00.036 . Memory (MB): peak = 1886.785 ; gain = 0.000
Phase 9.2 Verifying Netlist Connectivity | Checksum: 2c5227b57

Time (s): cpu = 00:00:06 ; elapsed = 00:00:27 . Memory (MB): peak = 1886.785 ; gain = 19.887
Phase 9 Finalization | Checksum: 2c5227b57

Time (s): cpu = 00:00:06 ; elapsed = 00:00:27 . Memory (MB): peak = 1886.785 ; gain = 19.887
Opt_design Change Summary
=========================


-------------------------------------------------------------------------------------------------------------------------
|  Phase                        |  #Cells created  |  #Cells Removed  |  #Constrained objects preventing optimizations  |
-------------------------------------------------------------------------------------------------------------------------
|  Retarget                     |             107  |             142  |                                            196  |
|  Constant propagation         |              37  |             203  |                                            178  |
|  Sweep                        |               0  |             346  |                                           1105  |
|  BUFG optimization            |               1  |               0  |                                              0  |
|  Shift Register Optimization  |               0  |               0  |                                              0  |
|  Post Processing Netlist      |               0  |               1  |                                            213  |
-------------------------------------------------------------------------------------------------------------------------


Ending Logic Optimization Task | Checksum: 2c5227b57

Time (s): cpu = 00:00:06 ; elapsed = 00:00:27 . Memory (MB): peak = 1886.785 ; gain = 19.887

Starting Power Optimization Task
INFO: [Pwropt 34-132] Skipping clock gating for clocks with a period < 2.00 ns.
INFO: [Pwropt 34-9] Applying IDT optimizations ...
INFO: [Pwropt 34-10] Applying ODC optimizations ...
INFO: [Timing 38-35] Done setting XDC timing constraints.
Running Vector-less Activity Propagation...

Finished Running Vector-less Activity Propagation


Starting PowerOpt Patch Enables Task
INFO: [Pwropt 34-162] WRITE_MODE attribute of 0 BRAM(s) out of a total of 14 has been updated to save power. Run report_power_opt to get a complete listing of the BRAMs updated.
INFO: [Pwropt 34-201] Structural ODC has moved 0 WE to EN ports
Number of BRAM Ports augmented: 3 newly gated: 6 Total Ports: 28
Ending PowerOpt Patch Enables Task | Checksum: 1f9267b27

Time (s): cpu = 00:00:00 ; elapsed = 00:00:00.130 . Memory (MB): peak = 2042.605 ; gain = 0.000
Ending Power Optimization Task | Checksum: 1f9267b27

Time (s): cpu = 00:00:07 ; elapsed = 00:00:05 . Memory (MB): peak = 2042.605 ; gain = 155.820

Starting Final Cleanup Task
Ending Final Cleanup Task | Checksum: 1f9267b27

Time (s): cpu = 00:00:00 ; elapsed = 00:00:00.003 . Memory (MB): peak = 2042.605 ; gain = 0.000

Starting Netlist Obfuscation Task
Netlist sorting complete. Time (s): cpu = 00:00:00 ; elapsed = 00:00:00.026 . Memory (MB): peak = 2042.605 ; gain = 0.000
Ending Netlist Obfuscation Task | Checksum: 1ff36c161

Time (s): cpu = 00:00:00 ; elapsed = 00:00:00.029 . Memory (MB): peak = 2042.605 ; gain = 0.000
INFO: [Common 17-83] Releasing license: Implementation
70 Infos, 2 Warnings, 1 Critical Warnings and 0 Errors encountered.
opt_design completed successfully
opt_design: Time (s): cpu = 00:00:22 ; elapsed = 00:00:39 . Memory (MB): peak = 2042.605 ; gain = 574.820
INFO: [Vivado 12-24828] Executing command : report_drc -file fpga_mnist_wrapper_drc_opted.rpt -pb fpga_mnist_wrapper_drc_opted.pb -rpx fpga_mnist_wrapper_drc_opted.rpx
Command: report_drc -file fpga_mnist_wrapper_drc_opted.rpt -pb fpga_mnist_wrapper_drc_opted.pb -rpx fpga_mnist_wrapper_drc_opted.rpx
INFO: [IP_Flow 19-1839] IP Catalog is up to date.
INFO: [DRC 23-27] Running DRC with 2 threads
INFO: [Vivado_Tcl 2-168] The results of DRC are in file C:/vitis_mnist/clean_build/clean_build.runs/impl_1/fpga_mnist_wrapper_drc_opted.rpt.
report_drc completed successfully
INFO: [Timing 38-35] Done setting XDC timing constraints.
INFO: [Timing 38-480] Writing timing data to binary archive.
Wrote PlaceDB: Time (s): cpu = 00:00:00 ; elapsed = 00:00:00.001 . Memory (MB): peak = 2042.605 ; gain = 0.000
Wrote PulsedLatchDB: Time (s): cpu = 00:00:00 ; elapsed = 00:00:00.001 . Memory (MB): peak = 2042.605 ; gain = 0.000
Writing XDEF routing.
Writing XDEF routing logical nets.
Write ShapeDB Complete: Time (s): cpu = 00:00:00 ; elapsed = 00:00:00.035 . Memory (MB): peak = 2042.605 ; gain = 0.000
Writing XDEF routing special nets.
Wrote RouteStorage: Time (s): cpu = 00:00:00 ; elapsed = 00:00:00.044 . Memory (MB): peak = 2042.605 ; gain = 0.000
Wrote Netlist Cache: Time (s): cpu = 00:00:00 ; elapsed = 00:00:00 . Memory (MB): peak = 2042.605 ; gain = 0.000
Wrote Device Cache: Time (s): cpu = 00:00:00 ; elapsed = 00:00:00.011 . Memory (MB): peak = 2042.605 ; gain = 0.000
Write Physdb Complete: Time (s): cpu = 00:00:00 ; elapsed = 00:00:00.066 . Memory (MB): peak = 2042.605 ; gain = 0.000
INFO: [Common 17-1381] The checkpoint 'C:/vitis_mnist/clean_build/clean_build.runs/impl_1/fpga_mnist_wrapper_opt.dcp' has been generated.
INFO: [Chipscope 16-240] Debug cores have already been implemented
Command: place_design
Attempting to get a license for feature 'Implementation' and/or device 'xc7a35t'
INFO: [Common 17-349] Got license for feature 'Implementation' and/or device 'xc7a35t'
INFO: [Common 17-83] Releasing license: Implementation
INFO: [DRC 23-27] Running DRC with 2 threads
INFO: [Vivado_Tcl 4-198] DRC finished with 0 Errors
INFO: [Vivado_Tcl 4-199] Please refer to the DRC report (report_drc) for more information.
Running DRC as a precondition to command place_design
INFO: [DRC 23-27] Running DRC with 2 threads
INFO: [Vivado_Tcl 4-198] DRC finished with 0 Errors, 42 Warnings
INFO: [Vivado_Tcl 4-199] Please refer to the DRC report (report_drc) for more information.
INFO: [Place 30-611] Multithreading enabled for place_design using a maximum of 2 CPUs

Starting Placer Task

Phase 1 Placer Initialization

Phase 1.1 Placer Initialization Netlist Sorting
Netlist sorting complete. Time (s): cpu = 00:00:00 ; elapsed = 00:00:00.011 . Memory (MB): peak = 2042.605 ; gain = 0.000
Phase 1.1 Placer Initialization Netlist Sorting | Checksum: 11fd74032

Time (s): cpu = 00:00:00 ; elapsed = 00:00:00.020 . Memory (MB): peak = 2042.605 ; gain = 0.000
Netlist sorting complete. Time (s): cpu = 00:00:00 ; elapsed = 00:00:00.015 . Memory (MB): peak = 2042.605 ; gain = 0.000

Phase 1.2 IO Placement/ Clock Placement/ Build Placer Device
Phase 1.2 IO Placement/ Clock Placement/ Build Placer Device | Checksum: 1b6f473aa

Time (s): cpu = 00:00:01 ; elapsed = 00:00:01 . Memory (MB): peak = 2042.605 ; gain = 0.000

Phase 1.3 Build Placer Netlist Model
Phase 1.3 Build Placer Netlist Model | Checksum: 29b933008

Time (s): cpu = 00:00:06 ; elapsed = 00:00:04 . Memory (MB): peak = 2042.605 ; gain = 0.000

Phase 1.4 Constrain Clocks/Macros
Phase 1.4 Constrain Clocks/Macros | Checksum: 29b933008

Time (s): cpu = 00:00:06 ; elapsed = 00:00:04 . Memory (MB): peak = 2042.605 ; gain = 0.000
Phase 1 Placer Initialization | Checksum: 29b933008

Time (s): cpu = 00:00:06 ; elapsed = 00:00:04 . Memory (MB): peak = 2042.605 ; gain = 0.000

Phase 2 Global Placement

Phase 2.1 Floorplanning
Phase 2.1 Floorplanning | Checksum: 27897865e

Time (s): cpu = 00:00:08 ; elapsed = 00:00:06 . Memory (MB): peak = 2042.605 ; gain = 0.000

Phase 2.2 Update Timing before SLR Path Opt
Phase 2.2 Update Timing before SLR Path Opt | Checksum: 26a1e223e

Time (s): cpu = 00:00:10 ; elapsed = 00:00:07 . Memory (MB): peak = 2042.605 ; gain = 0.000

Phase 2.3 Post-Processing in Floorplanning
Phase 2.3 Post-Processing in Floorplanning | Checksum: 2058c8f1b

Time (s): cpu = 00:00:10 ; elapsed = 00:00:07 . Memory (MB): peak = 2042.605 ; gain = 0.000

Phase 2.4 Global Place Phase1
Phase 2.4 Global Place Phase1 | Checksum: 25a272984

Time (s): cpu = 00:00:22 ; elapsed = 00:00:14 . Memory (MB): peak = 2042.605 ; gain = 0.000

Phase 2.5 Global Place Phase2

Phase 2.5.1 UpdateTiming Before Physical Synthesis
Phase 2.5.1 UpdateTiming Before Physical Synthesis | Checksum: 229387ac8

Time (s): cpu = 00:00:23 ; elapsed = 00:00:15 . Memory (MB): peak = 2042.605 ; gain = 0.000

Phase 2.5.2 Physical Synthesis In Placer
INFO: [Physopt 32-1035] Found 23 LUTNM shape to break, 399 LUT instances to create LUTNM shape
INFO: [Physopt 32-1044] Break lutnm for timing: one critical 2, two critical 21, total 23, new lutff created 8
INFO: [Physopt 32-1138] End 1 Pass. Optimized 206 nets or LUTs. Breaked 23 LUTs, combined 183 existing LUTs and moved 0 existing LUT
INFO: [Physopt 32-65] No nets found for high-fanout optimization.
INFO: [Physopt 32-232] Optimized 0 net. Created 0 new instance.
INFO: [Physopt 32-775] End 1 Pass. Optimized 0 net or cell. Created 0 new cell, deleted 0 existing cell and moved 0 existing cell
INFO: [Physopt 32-456] No candidate cells for DSP register optimization found in the design.
INFO: [Physopt 32-775] End 2 Pass. Optimized 0 net or cell. Created 0 new cell, deleted 0 existing cell and moved 0 existing cell
INFO: [Physopt 32-1123] No candidate cells found for Shift Register to Pipeline optimization
INFO: [Physopt 32-775] End 2 Pass. Optimized 0 net or cell. Created 0 new cell, deleted 0 existing cell and moved 0 existing cell
INFO: [Physopt 32-1402] Pass 1: Identified 24 candidate cells for Shift Register optimization.
INFO: [Physopt 32-775] End 1 Pass. Optimized 4 nets or cells. Created 8 new cells, deleted 0 existing cell and moved 0 existing cell
Netlist sorting complete. Time (s): cpu = 00:00:00 ; elapsed = 00:00:00.017 . Memory (MB): peak = 2042.605 ; gain = 0.000
INFO: [Physopt 32-526] No candidate cells for BRAM register optimization found in the design
INFO: [Physopt 32-775] End 1 Pass. Optimized 0 net or cell. Created 0 new cell, deleted 0 existing cell and moved 0 existing cell
INFO: [Physopt 32-846] No candidate cells for URAM register optimization found in the design
INFO: [Physopt 32-775] End 1 Pass. Optimized 0 net or cell. Created 0 new cell, deleted 0 existing cell and moved 0 existing cell
INFO: [Physopt 32-846] No candidate cells for URAM register optimization found in the design
INFO: [Physopt 32-775] End 1 Pass. Optimized 0 net or cell. Created 0 new cell, deleted 0 existing cell and moved 0 existing cell
INFO: [Physopt 32-949] No candidate nets found for dynamic/static region interface net replication
INFO: [Physopt 32-775] End 1 Pass. Optimized 0 net or cell. Created 0 new cell, deleted 0 existing cell and moved 0 existing cell
Netlist sorting complete. Time (s): cpu = 00:00:00 ; elapsed = 00:00:00.012 . Memory (MB): peak = 2042.605 ; gain = 0.000

Summary of Physical Synthesis Optimizations
============================================


-----------------------------------------------------------------------------------------------------------------------------------------------------------
|  Optimization                                     |  Added Cells  |  Removed Cells  |  Optimized Cells/Nets  |  Dont Touch  |  Iterations  |  Elapsed   |
-----------------------------------------------------------------------------------------------------------------------------------------------------------
|  LUT Combining                                    |           23  |            183  |                   206  |           0  |           1  |  00:00:00  |
|  Retime                                           |            0  |              0  |                     0  |           0  |           1  |  00:00:00  |
|  Very High Fanout                                 |            0  |              0  |                     0  |           0  |           1  |  00:00:00  |
|  DSP Register                                     |            0  |              0  |                     0  |           0  |           1  |  00:00:00  |
|  Shift Register to Pipeline                       |            0  |              0  |                     0  |           0  |           1  |  00:00:00  |
|  Shift Register                                   |            8  |              0  |                     4  |           0  |           1  |  00:00:00  |
|  BRAM Register                                    |            0  |              0  |                     0  |           0  |           1  |  00:00:00  |
|  URAM Register                                    |            0  |              0  |                     0  |           0  |           1  |  00:00:00  |
|  Dynamic/Static Region Interface Net Replication  |            0  |              0  |                     0  |           0  |           1  |  00:00:00  |
|  Total                                            |           31  |            183  |                   210  |           0  |           9  |  00:00:01  |
-----------------------------------------------------------------------------------------------------------------------------------------------------------


Phase 2.5.2 Physical Synthesis In Placer | Checksum: 30ef4c13d

Time (s): cpu = 00:00:26 ; elapsed = 00:00:17 . Memory (MB): peak = 2042.605 ; gain = 0.000
Phase 2.5 Global Place Phase2 | Checksum: 274786ecc

Time (s): cpu = 00:00:27 ; elapsed = 00:00:18 . Memory (MB): peak = 2042.605 ; gain = 0.000
Phase 2 Global Placement | Checksum: 274786ecc

Time (s): cpu = 00:00:27 ; elapsed = 00:00:18 . Memory (MB): peak = 2042.605 ; gain = 0.000

Phase 3 Detail Placement

Phase 3.1 Commit Multi Column Macros
Phase 3.1 Commit Multi Column Macros | Checksum: 292da6eef

Time (s): cpu = 00:00:28 ; elapsed = 00:00:19 . Memory (MB): peak = 2042.605 ; gain = 0.000

Phase 3.2 Commit Most Macros & LUTRAMs
Phase 3.2 Commit Most Macros & LUTRAMs | Checksum: 214b72bba

Time (s): cpu = 00:00:31 ; elapsed = 00:00:20 . Memory (MB): peak = 2042.605 ; gain = 0.000

Phase 3.3 Area Swap Optimization
Phase 3.3 Area Swap Optimization | Checksum: 220d45e7f

Time (s): cpu = 00:00:31 ; elapsed = 00:00:20 . Memory (MB): peak = 2042.605 ; gain = 0.000

Phase 3.4 Pipeline Register Optimization
Phase 3.4 Pipeline Register Optimization | Checksum: 1ff708451

Time (s): cpu = 00:00:31 ; elapsed = 00:00:20 . Memory (MB): peak = 2042.605 ; gain = 0.000

Phase 3.5 Fast Optimization
Phase 3.5 Fast Optimization | Checksum: 21b70cc61

Time (s): cpu = 00:00:35 ; elapsed = 00:00:24 . Memory (MB): peak = 2042.605 ; gain = 0.000

Phase 3.6 Small Shape Detail Placement
Phase 3.6 Small Shape Detail Placement | Checksum: 20811366a

Time (s): cpu = 00:00:41 ; elapsed = 00:00:29 . Memory (MB): peak = 2042.605 ; gain = 0.000

Phase 3.7 Re-assign LUT pins
Phase 3.7 Re-assign LUT pins | Checksum: 19d640eb7

Time (s): cpu = 00:00:41 ; elapsed = 00:00:30 . Memory (MB): peak = 2042.605 ; gain = 0.000

Phase 3.8 Pipeline Register Optimization
Phase 3.8 Pipeline Register Optimization | Checksum: 1bedee1a9

Time (s): cpu = 00:00:41 ; elapsed = 00:00:30 . Memory (MB): peak = 2042.605 ; gain = 0.000

Phase 3.9 Fast Optimization
Phase 3.9 Fast Optimization | Checksum: 217120deb

Time (s): cpu = 00:00:48 ; elapsed = 00:00:35 . Memory (MB): peak = 2042.605 ; gain = 0.000
Phase 3 Detail Placement | Checksum: 217120deb

Time (s): cpu = 00:00:48 ; elapsed = 00:00:36 . Memory (MB): peak = 2042.605 ; gain = 0.000

Phase 4 Post Placement Optimization and Clean-Up

Phase 4.1 Post Commit Optimization
INFO: [Timing 38-35] Done setting XDC timing constraints.

Phase 4.1.1 Post Placement Optimization
Post Placement Optimization Initialization | Checksum: 2573930a6

Phase 4.1.1.1 BUFG Insertion

Starting Physical Synthesis Task

Phase 1 Physical Synthesis Initialization
INFO: [Physopt 32-721] Multithreading enabled for phys_opt_design using a maximum of 2 CPUs
INFO: [Physopt 32-619] Estimated Timing Summary | WNS=-3.309 | TNS=-236.129 |
Phase 1 Physical Synthesis Initialization | Checksum: 11db235a5

Time (s): cpu = 00:00:01 ; elapsed = 00:00:00.772 . Memory (MB): peak = 2042.605 ; gain = 0.000
INFO: [Place 46-33] Processed net fpga_mnist_i/mnist_accel_0/inst/mnist_accel_slave_lite_v1_0_S_AXI_inst/top_mnist_fpga_instance/u_fsm/s_axi_aresetn_0, BUFG insertion was skipped due to placement/routing conflicts.
INFO: [Place 46-56] BUFG insertion identified 1 candidate nets. Inserted BUFG: 0, Replicated BUFG Driver: 0, Skipped due to Placement/Routing Conflicts: 1, Skipped due to Timing Degradation: 0, Skipped due to netlist editing failed: 0.
Ending Physical Synthesis Task | Checksum: 238669f60

Time (s): cpu = 00:00:01 ; elapsed = 00:00:01 . Memory (MB): peak = 2042.605 ; gain = 0.000
Phase 4.1.1.1 BUFG Insertion | Checksum: 2573930a6

Time (s): cpu = 00:00:55 ; elapsed = 00:00:40 . Memory (MB): peak = 2042.605 ; gain = 0.000

Phase 4.1.1.2 Post Placement Timing Optimization
INFO: [Place 30-746] Post Placement Timing Summary WNS=-2.463. For the most accurate timing information please run report_timing.
Phase 4.1.1.2 Post Placement Timing Optimization | Checksum: 196dd98aa

Time (s): cpu = 00:01:07 ; elapsed = 00:00:49 . Memory (MB): peak = 2042.605 ; gain = 0.000

Time (s): cpu = 00:01:07 ; elapsed = 00:00:49 . Memory (MB): peak = 2042.605 ; gain = 0.000
Phase 4.1 Post Commit Optimization | Checksum: 196dd98aa

Time (s): cpu = 00:01:07 ; elapsed = 00:00:49 . Memory (MB): peak = 2042.605 ; gain = 0.000

Phase 4.2 Post Placement Cleanup
Phase 4.2 Post Placement Cleanup | Checksum: 196dd98aa

Time (s): cpu = 00:01:07 ; elapsed = 00:00:50 . Memory (MB): peak = 2042.605 ; gain = 0.000

Phase 4.3 Placer Reporting

Phase 4.3.1 Print Estimated Congestion
INFO: [Place 30-612] Post-Placement Estimated Congestion 
 ____________________________________________________
|           | Global Congestion | Short Congestion  |
| Direction | Region Size       | Region Size       |
|___________|___________________|___________________|
|      North|                1x1|                1x1|
|___________|___________________|___________________|
|      South|                1x1|                1x1|
|___________|___________________|___________________|
|       East|                1x1|                1x1|
|___________|___________________|___________________|
|       West|                1x1|                1x1|
|___________|___________________|___________________|

Phase 4.3.1 Print Estimated Congestion | Checksum: 196dd98aa

Time (s): cpu = 00:01:07 ; elapsed = 00:00:50 . Memory (MB): peak = 2042.605 ; gain = 0.000
Phase 4.3 Placer Reporting | Checksum: 196dd98aa

Time (s): cpu = 00:01:07 ; elapsed = 00:00:50 . Memory (MB): peak = 2042.605 ; gain = 0.000

Phase 4.4 Final Placement Cleanup
Netlist sorting complete. Time (s): cpu = 00:00:00 ; elapsed = 00:00:00.014 . Memory (MB): peak = 2042.605 ; gain = 0.000

Time (s): cpu = 00:01:07 ; elapsed = 00:00:50 . Memory (MB): peak = 2042.605 ; gain = 0.000
Phase 4 Post Placement Optimization and Clean-Up | Checksum: 137282e49

Time (s): cpu = 00:01:07 ; elapsed = 00:00:50 . Memory (MB): peak = 2042.605 ; gain = 0.000
Ending Placer Task | Checksum: 11617e6eb

Time (s): cpu = 00:01:07 ; elapsed = 00:00:50 . Memory (MB): peak = 2042.605 ; gain = 0.000
114 Infos, 2 Warnings, 1 Critical Warnings and 0 Errors encountered.
place_design completed successfully
place_design: Time (s): cpu = 00:01:13 ; elapsed = 00:00:53 . Memory (MB): peak = 2042.605 ; gain = 0.000
INFO: [Vivado 12-24838] Running report commands "report_control_sets, report_io, report_utilization" in parallel.
Running report generation with 2 threads.
INFO: [Vivado 12-24828] Executing command : report_io -file fpga_mnist_wrapper_io_placed.rpt
report_io: Time (s): cpu = 00:00:00 ; elapsed = 00:00:00.051 . Memory (MB): peak = 2042.605 ; gain = 0.000
INFO: [Vivado 12-24828] Executing command : report_control_sets -verbose -file fpga_mnist_wrapper_control_sets_placed.rpt
report_control_sets: Time (s): cpu = 00:00:00 ; elapsed = 00:00:00.068 . Memory (MB): peak = 2042.605 ; gain = 0.000
INFO: [Vivado 12-24828] Executing command : report_utilization -file fpga_mnist_wrapper_utilization_placed.rpt -pb fpga_mnist_wrapper_utilization_placed.pb
INFO: [Timing 38-480] Writing timing data to binary archive.
Write ShapeDB Complete: Time (s): cpu = 00:00:00 ; elapsed = 00:00:00.056 . Memory (MB): peak = 2042.605 ; gain = 0.000
Wrote PlaceDB: Time (s): cpu = 00:00:04 ; elapsed = 00:00:01 . Memory (MB): peak = 2042.605 ; gain = 0.000
Wrote PulsedLatchDB: Time (s): cpu = 00:00:00 ; elapsed = 00:00:00 . Memory (MB): peak = 2042.605 ; gain = 0.000
Writing XDEF routing.
Writing XDEF routing logical nets.
Writing XDEF routing special nets.
Wrote RouteStorage: Time (s): cpu = 00:00:00 ; elapsed = 00:00:00.029 . Memory (MB): peak = 2042.605 ; gain = 0.000
Wrote Netlist Cache: Time (s): cpu = 00:00:00 ; elapsed = 00:00:00.034 . Memory (MB): peak = 2042.605 ; gain = 0.000
Wrote Device Cache: Time (s): cpu = 00:00:00 ; elapsed = 00:00:00.010 . Memory (MB): peak = 2042.605 ; gain = 0.000
Write Physdb Complete: Time (s): cpu = 00:00:04 ; elapsed = 00:00:02 . Memory (MB): peak = 2042.605 ; gain = 0.000
INFO: [Common 17-1381] The checkpoint 'C:/vitis_mnist/clean_build/clean_build.runs/impl_1/fpga_mnist_wrapper_placed.dcp' has been generated.
Command: phys_opt_design
Attempting to get a license for feature 'Implementation' and/or device 'xc7a35t'
INFO: [Common 17-349] Got license for feature 'Implementation' and/or device 'xc7a35t'

Starting Initial Update Timing Task

Time (s): cpu = 00:00:04 ; elapsed = 00:00:02 . Memory (MB): peak = 2042.605 ; gain = 0.000
INFO: [Vivado_Tcl 4-1435] PhysOpt_Tcl_Interface Runtime Before Starting Physical Synthesis Task | CPU: 4.00s |  WALL: 2.31s
Netlist sorting complete. Time (s): cpu = 00:00:00 ; elapsed = 00:00:00.008 . Memory (MB): peak = 2042.605 ; gain = 0.000

Starting Physical Synthesis Task

Phase 1 Physical Synthesis Initialization
INFO: [Physopt 32-721] Multithreading enabled for phys_opt_design using a maximum of 2 CPUs
INFO: [Physopt 32-619] Estimated Timing Summary | WNS=-2.806 | TNS=-229.422 |
Phase 1 Physical Synthesis Initialization | Checksum: 1a5e4feae

Time (s): cpu = 00:00:02 ; elapsed = 00:00:01 . Memory (MB): peak = 2042.605 ; gain = 0.000
INFO: [Physopt 32-619] Estimated Timing Summary | WNS=-2.806 | TNS=-229.422 |

Phase 2 DSP Register Optimization
INFO: [Physopt 32-456] No candidate cells for DSP register optimization found in the design.
INFO: [Physopt 32-775] End 2 Pass. Optimized 0 net or cell. Created 0 new cell, deleted 0 existing cell and moved 0 existing cell
Phase 2 DSP Register Optimization | Checksum: 1a5e4feae

Time (s): cpu = 00:00:02 ; elapsed = 00:00:01 . Memory (MB): peak = 2042.605 ; gain = 0.000

Phase 3 Critical Path Optimization
INFO: [Physopt 32-619] Estimated Timing Summary | WNS=-2.806 | TNS=-229.422 |
INFO: [Physopt 32-702] Processed net fpga_mnist_i/mnist_accel_0/inst/mnist_accel_slave_lite_v1_0_S_AXI_inst/top_mnist_fpga_instance/u_mac/accum_out[30]. Optimizations did not improve timing on the net.
INFO: [Physopt 32-702] Processed net fpga_mnist_i/clk_wiz_0/inst/clk_out1_fpga_mnist_clk_wiz_0_0. Optimizations did not improve timing on the net.
INFO: [Physopt 32-702] Processed net fpga_mnist_i/mnist_accel_0/inst/mnist_accel_slave_lite_v1_0_S_AXI_inst/top_mnist_fpga_instance/u_mac/accum_out_reg[29]_0[2]. Optimizations did not improve timing on the net.
INFO: [Physopt 32-702] Processed net fpga_mnist_i/mnist_accel_0/inst/mnist_accel_slave_lite_v1_0_S_AXI_inst/top_mnist_fpga_instance/u_mac/dbg_result_valid[24]_INST_0_n_0. Optimizations did not improve timing on the net.
INFO: [Physopt 32-702] Processed net fpga_mnist_i/mnist_accel_0/inst/mnist_accel_slave_lite_v1_0_S_AXI_inst/top_mnist_fpga_instance/u_mac/dbg_result_valid[20]_INST_0_n_0. Optimizations did not improve timing on the net.
INFO: [Physopt 32-702] Processed net fpga_mnist_i/mnist_accel_0/inst/mnist_accel_slave_lite_v1_0_S_AXI_inst/top_mnist_fpga_instance/u_mac/dbg_result_valid[16]_INST_0_n_0. Optimizations did not improve timing on the net.
INFO: [Physopt 32-702] Processed net fpga_mnist_i/mnist_accel_0/inst/mnist_accel_slave_lite_v1_0_S_AXI_inst/top_mnist_fpga_instance/u_fsm/dbg_result_valid[12]_INST_0_i_8_1[0]. Optimizations did not improve timing on the net.
INFO: [Physopt 32-608] Optimized 1 net.  Swapped 20 pins.
INFO: [Physopt 32-735] Processed net fpga_mnist_i/mnist_accel_0/inst/mnist_accel_slave_lite_v1_0_S_AXI_inst/top_mnist_fpga_instance/u_fsm/dbg_result_valid[12]_INST_0_i_5_n_0. Optimization improves timing on the net.
INFO: [Physopt 32-619] Estimated Timing Summary | WNS=-2.463 | TNS=-193.101 |
INFO: [Physopt 32-702] Processed net fpga_mnist_i/mnist_accel_0/inst/mnist_accel_slave_lite_v1_0_S_AXI_inst/top_mnist_fpga_instance/u_mac/dbg_result_valid[20]_INST_0_i_4_n_0. Optimizations did not improve timing on the net.
INFO: [Physopt 32-702] Processed net fpga_mnist_i/mnist_accel_0/inst/mnist_accel_slave_lite_v1_0_S_AXI_inst/top_mnist_fpga_instance/u_mac/dbg_result_valid[24]_INST_0_i_1_n_6. Optimizations did not improve timing on the net.
INFO: [Physopt 32-702] Processed net fpga_mnist_i/mnist_accel_0/inst/mnist_accel_slave_lite_v1_0_S_AXI_inst/top_mnist_fpga_instance/u_mac/dbg_result_valid[20]_INST_0_i_1_n_0. Optimizations did not improve timing on the net.
INFO: [Physopt 32-702] Processed net fpga_mnist_i/mnist_accel_0/inst/mnist_accel_slave_lite_v1_0_S_AXI_inst/top_mnist_fpga_instance/u_fsm/CO[0]. Optimizations did not improve timing on the net.
INFO: [Physopt 32-608] Optimized 1 net.  Swapped 27 pins.
INFO: [Physopt 32-735] Processed net fpga_mnist_i/mnist_accel_0/inst/mnist_accel_slave_lite_v1_0_S_AXI_inst/top_mnist_fpga_instance/u_fsm/dbg_result_valid[20]_INST_0_i_16_n_0. Optimization improves timing on the net.
INFO: [Physopt 32-619] Estimated Timing Summary | WNS=-2.349 | TNS=-183.343 |
INFO: [Physopt 32-702] Processed net fpga_mnist_i/mnist_accel_0/inst/mnist_accel_slave_lite_v1_0_S_AXI_inst/top_mnist_fpga_instance/u_fsm/dbg_result_valid[20]_INST_0_i_18_n_0. Optimizations did not improve timing on the net.
INFO: [Physopt 32-608] Optimized 1 net.  Swapped 27 pins.
INFO: [Physopt 32-735] Processed net fpga_mnist_i/mnist_accel_0/inst/mnist_accel_slave_lite_v1_0_S_AXI_inst/top_mnist_fpga_instance/u_fsm/dbg_result_valid[20]_INST_0_i_14_n_0. Optimization improves timing on the net.
INFO: [Physopt 32-619] Estimated Timing Summary | WNS=-2.158 | TNS=-166.823 |
INFO: [Physopt 32-702] Processed net fpga_mnist_i/mnist_accel_0/inst/mnist_accel_slave_lite_v1_0_S_AXI_inst/top_mnist_fpga_instance/u_fsm/dbg_result_valid[20]_INST_0_i_14_n_0. Optimizations did not improve timing on the net.
INFO: [Physopt 32-702] Processed net fpga_mnist_i/mnist_accel_0/inst/mnist_accel_slave_lite_v1_0_S_AXI_inst/top_mnist_fpga_instance/u_fsm/u_mac/p_1_in[12]. Optimizations did not improve timing on the net.
INFO: [Physopt 32-702] Processed net fpga_mnist_i/mnist_accel_0/inst/mnist_accel_slave_lite_v1_0_S_AXI_inst/top_mnist_fpga_instance/u_fsm/dbg_result_valid[20]_INST_0_i_23_n_0. Optimizations did not improve timing on the net.
INFO: [Physopt 32-608] Optimized 1 net.  Swapped 27 pins.
INFO: [Physopt 32-735] Processed net fpga_mnist_i/mnist_accel_0/inst/mnist_accel_slave_lite_v1_0_S_AXI_inst/top_mnist_fpga_instance/u_fsm/dbg_result_valid[20]_INST_0_i_50_n_0. Optimization improves timing on the net.
INFO: [Physopt 32-619] Estimated Timing Summary | WNS=-2.132 | TNS=-164.105 |
INFO: [Physopt 32-702] Processed net fpga_mnist_i/mnist_accel_0/inst/mnist_accel_slave_lite_v1_0_S_AXI_inst/top_mnist_fpga_instance/u_fsm/dbg_result_valid[12]_INST_0_i_7_n_0. Optimizations did not improve timing on the net.
INFO: [Physopt 32-710] Processed net fpga_mnist_i/mnist_accel_0/inst/mnist_accel_slave_lite_v1_0_S_AXI_inst/top_mnist_fpga_instance/u_fsm/dbg_result_valid[12]_INST_0_i_7_n_0. Critical path length was reduced through logic transformation on cell fpga_mnist_i/mnist_accel_0/inst/mnist_accel_slave_lite_v1_0_S_AXI_inst/top_mnist_fpga_instance/u_fsm/dbg_result_valid[12]_INST_0_i_7_comp.
INFO: [Physopt 32-735] Processed net fpga_mnist_i/mnist_accel_0/inst/mnist_accel_slave_lite_v1_0_S_AXI_inst/top_mnist_fpga_instance/u_fsm/dbg_result_valid[12]_INST_0_i_3_n_0. Optimization improves timing on the net.
INFO: [Physopt 32-619] Estimated Timing Summary | WNS=-2.124 | TNS=-163.229 |
INFO: [Physopt 32-702] Processed net fpga_mnist_i/mnist_accel_0/inst/mnist_accel_slave_lite_v1_0_S_AXI_inst/top_mnist_fpga_instance/u_fsm/dbg_result_valid[20]_INST_0_i_20_n_7. Optimizations did not improve timing on the net.
INFO: [Physopt 32-702] Processed net fpga_mnist_i/mnist_accel_0/inst/mnist_accel_slave_lite_v1_0_S_AXI_inst/top_mnist_fpga_instance/u_fsm/dbg_result_valid[20]_INST_0_i_22_n_0. Optimizations did not improve timing on the net.
INFO: [Physopt 32-608] Optimized 1 net.  Swapped 27 pins.
INFO: [Physopt 32-735] Processed net fpga_mnist_i/mnist_accel_0/inst/mnist_accel_slave_lite_v1_0_S_AXI_inst/top_mnist_fpga_instance/u_fsm/dbg_result_valid[20]_INST_0_i_42_n_0. Optimization improves timing on the net.
INFO: [Physopt 32-619] Estimated Timing Summary | WNS=-2.116 | TNS=-162.605 |
INFO: [Physopt 32-702] Processed net fpga_mnist_i/mnist_accel_0/inst/mnist_accel_slave_lite_v1_0_S_AXI_inst/top_mnist_fpga_instance/u_fsm/dbg_result_valid[8]_INST_0_n_0. Optimizations did not improve timing on the net.
INFO: [Physopt 32-702] Processed net fpga_mnist_i/mnist_accel_0/inst/mnist_accel_slave_lite_v1_0_S_AXI_inst/top_mnist_fpga_instance/u_fsm/dbg_result_valid[8]_INST_0_i_5_n_0. Optimizations did not improve timing on the net.
INFO: [Physopt 32-702] Processed net fpga_mnist_i/mnist_accel_0/inst/mnist_accel_slave_lite_v1_0_S_AXI_inst/top_mnist_fpga_instance/u_fsm/dbg_result_valid[8]_INST_0_i_1_n_0. Optimizations did not improve timing on the net.
INFO: [Physopt 32-702] Processed net fpga_mnist_i/mnist_accel_0/inst/mnist_accel_slave_lite_v1_0_S_AXI_inst/top_mnist_fpga_instance/u_fsm/dbg_result_valid[12]_INST_0_i_9_n_5. Optimizations did not improve timing on the net.
INFO: [Physopt 32-702] Processed net fpga_mnist_i/mnist_accel_0/inst/mnist_accel_slave_lite_v1_0_S_AXI_inst/top_mnist_fpga_instance/u_fsm/dbg_result_valid[12]_INST_0_i_17_n_0. Optimizations did not improve timing on the net.
INFO: [Physopt 32-608] Optimized 1 net.  Swapped 14 pins.
INFO: [Physopt 32-735] Processed net fpga_mnist_i/mnist_accel_0/inst/mnist_accel_slave_lite_v1_0_S_AXI_inst/top_mnist_fpga_instance/u_fsm/dbg_result_valid[12]_INST_0_i_13_n_0. Optimization improves timing on the net.
INFO: [Physopt 32-619] Estimated Timing Summary | WNS=-2.110 | TNS=-161.915 |
INFO: [Physopt 32-608] Optimized 1 net.  Swapped 19 pins.
INFO: [Physopt 32-735] Processed net fpga_mnist_i/mnist_accel_0/inst/mnist_accel_slave_lite_v1_0_S_AXI_inst/top_mnist_fpga_instance/u_fsm/dbg_result_valid[12]_INST_0_i_19_n_0. Optimization improves timing on the net.
INFO: [Physopt 32-619] Estimated Timing Summary | WNS=-2.049 | TNS=-153.500 |
INFO: [Physopt 32-702] Processed net fpga_mnist_i/mnist_accel_0/inst/mnist_accel_slave_lite_v1_0_S_AXI_inst/top_mnist_fpga_instance/u_fsm/dbg_result_valid[20]_INST_0_i_19_n_0. Optimizations did not improve timing on the net.
INFO: [Physopt 32-608] Optimized 1 net.  Swapped 10 pins.
INFO: [Physopt 32-735] Processed net fpga_mnist_i/mnist_accel_0/inst/mnist_accel_slave_lite_v1_0_S_AXI_inst/top_mnist_fpga_instance/u_fsm/dbg_result_valid[20]_INST_0_i_15_n_0. Optimization improves timing on the net.
INFO: [Physopt 32-619] Estimated Timing Summary | WNS=-2.021 | TNS=-151.638 |
INFO: [Physopt 32-702] Processed net fpga_mnist_i/mnist_accel_0/inst/mnist_accel_slave_lite_v1_0_S_AXI_inst/top_mnist_fpga_instance/u_fsm/dbg_result_valid[12]_INST_0_i_19_n_0. Optimizations did not improve timing on the net.
INFO: [Physopt 32-571] Net fpga_mnist_i/mnist_accel_0/inst/mnist_accel_slave_lite_v1_0_S_AXI_inst/top_mnist_fpga_instance/u_fsm/dbg_result_valid[12]_INST_0_i_15_n_0 was not replicated.
INFO: [Physopt 32-702] Processed net fpga_mnist_i/mnist_accel_0/inst/mnist_accel_slave_lite_v1_0_S_AXI_inst/top_mnist_fpga_instance/u_fsm/dbg_result_valid[12]_INST_0_i_15_n_0. Optimizations did not improve timing on the net.
INFO: [Physopt 32-702] Processed net fpga_mnist_i/mnist_accel_0/inst/mnist_accel_slave_lite_v1_0_S_AXI_inst/top_mnist_fpga_instance/u_fsm/dbg_result_valid[12]_INST_0_i_36_n_4. Optimizations did not improve timing on the net.
INFO: [Physopt 32-702] Processed net fpga_mnist_i/mnist_accel_0/inst/mnist_accel_slave_lite_v1_0_S_AXI_inst/top_mnist_fpga_instance/u_fsm/dbg_result_valid[12]_INST_0_i_48_n_0. Optimizations did not improve timing on the net.
INFO: [Physopt 32-663] Processed net fpga_mnist_i/mnist_accel_0/inst/mnist_accel_slave_lite_v1_0_S_AXI_inst/top_mnist_fpga_instance/u_fsm/dbg_result_valid[12]_INST_0_i_44_n_0.  Re-placed instance fpga_mnist_i/mnist_accel_0/inst/mnist_accel_slave_lite_v1_0_S_AXI_inst/top_mnist_fpga_instance/u_fsm/dbg_result_valid[12]_INST_0_i_44
INFO: [Physopt 32-735] Processed net fpga_mnist_i/mnist_accel_0/inst/mnist_accel_slave_lite_v1_0_S_AXI_inst/top_mnist_fpga_instance/u_fsm/dbg_result_valid[12]_INST_0_i_44_n_0. Optimization improves timing on the net.
INFO: [Physopt 32-619] Estimated Timing Summary | WNS=-2.013 | TNS=-147.732 |
INFO: [Physopt 32-702] Processed net fpga_mnist_i/mnist_accel_0/inst/mnist_accel_slave_lite_v1_0_S_AXI_inst/top_mnist_fpga_instance/u_fsm/dbg_result_valid[20]_INST_0_i_50_n_0. Optimizations did not improve timing on the net.
INFO: [Physopt 32-702] Processed net fpga_mnist_i/mnist_accel_0/inst/mnist_accel_slave_lite_v1_0_S_AXI_inst/top_mnist_fpga_instance/u_fsm/dbg_result_valid[20]_INST_0_i_46_n_0. Optimizations did not improve timing on the net.
INFO: [Physopt 32-702] Processed net fpga_mnist_i/mnist_accel_0/inst/mnist_accel_slave_lite_v1_0_S_AXI_inst/top_mnist_fpga_instance/u_fsm/dbg_result_valid[20]_INST_0_i_60_n_5. Optimizations did not improve timing on the net.
INFO: [Physopt 32-702] Processed net fpga_mnist_i/mnist_accel_0/inst/mnist_accel_slave_lite_v1_0_S_AXI_inst/top_mnist_fpga_instance/u_fsm/dbg_result_valid[20]_INST_0_i_67_n_0. Optimizations did not improve timing on the net.
INFO: [Physopt 32-702] Processed net fpga_mnist_i/mnist_accel_0/inst/mnist_accel_slave_lite_v1_0_S_AXI_inst/top_mnist_fpga_instance/u_fsm/dbg_result_valid[20]_INST_0_i_154_n_0. Optimizations did not improve timing on the net.
INFO: [Physopt 32-601] Processed net fpga_mnist_i/mnist_accel_0/inst/mnist_accel_slave_lite_v1_0_S_AXI_inst/top_mnist_fpga_instance/u_fsm/dbg_result_valid[20]_INST_0_i_150_n_0. Net driver fpga_mnist_i/mnist_accel_0/inst/mnist_accel_slave_lite_v1_0_S_AXI_inst/top_mnist_fpga_instance/u_fsm/dbg_result_valid[20]_INST_0_i_150 was replaced.
INFO: [Physopt 32-735] Processed net fpga_mnist_i/mnist_accel_0/inst/mnist_accel_slave_lite_v1_0_S_AXI_inst/top_mnist_fpga_instance/u_fsm/dbg_result_valid[20]_INST_0_i_150_n_0. Optimization improves timing on the net.
INFO: [Physopt 32-619] Estimated Timing Summary | WNS=-2.006 | TNS=-147.067 |
INFO: [Physopt 32-601] Processed net fpga_mnist_i/mnist_accel_0/inst/mnist_accel_slave_lite_v1_0_S_AXI_inst/top_mnist_fpga_instance/u_fsm/dbg_result_valid[20]_INST_0_i_150_n_0. Net driver fpga_mnist_i/mnist_accel_0/inst/mnist_accel_slave_lite_v1_0_S_AXI_inst/top_mnist_fpga_instance/u_fsm/dbg_result_valid[20]_INST_0_i_150 was replaced.
INFO: [Physopt 32-735] Processed net fpga_mnist_i/mnist_accel_0/inst/mnist_accel_slave_lite_v1_0_S_AXI_inst/top_mnist_fpga_instance/u_fsm/dbg_result_valid[20]_INST_0_i_150_n_0. Optimization improves timing on the net.
INFO: [Physopt 32-619] Estimated Timing Summary | WNS=-1.994 | TNS=-146.021 |
INFO: [Physopt 32-702] Processed net fpga_mnist_i/mnist_accel_0/inst/mnist_accel_slave_lite_v1_0_S_AXI_inst/top_mnist_fpga_instance/u_fsm/dbg_result_valid[20]_INST_0_i_150_n_0. Optimizations did not improve timing on the net.
INFO: [Physopt 32-663] Processed net fpga_mnist_i/mnist_accel_0/inst/mnist_accel_slave_lite_v1_0_S_AXI_inst/top_mnist_fpga_instance/u_mac/accum_out[30]_i_1_n_0.  Re-placed instance fpga_mnist_i/mnist_accel_0/inst/mnist_accel_slave_lite_v1_0_S_AXI_inst/top_mnist_fpga_instance/u_mac/accum_out[30]_i_1
INFO: [Physopt 32-735] Processed net fpga_mnist_i/mnist_accel_0/inst/mnist_accel_slave_lite_v1_0_S_AXI_inst/top_mnist_fpga_instance/u_mac/accum_out[30]_i_1_n_0. Optimization improves timing on the net.
INFO: [Physopt 32-619] Estimated Timing Summary | WNS=-1.969 | TNS=-145.482 |
INFO: [Physopt 32-663] Processed net fpga_mnist_i/mnist_accel_0/inst/mnist_accel_slave_lite_v1_0_S_AXI_inst/top_mnist_fpga_instance/u_mac/accum_out[28].  Re-placed instance fpga_mnist_i/mnist_accel_0/inst/mnist_accel_slave_lite_v1_0_S_AXI_inst/top_mnist_fpga_instance/u_mac/accum_out_reg[28]
INFO: [Physopt 32-735] Processed net fpga_mnist_i/mnist_accel_0/inst/mnist_accel_slave_lite_v1_0_S_AXI_inst/top_mnist_fpga_instance/u_mac/accum_out[28]. Optimization improves timing on the net.
INFO: [Physopt 32-619] Estimated Timing Summary | WNS=-1.962 | TNS=-145.345 |
INFO: [Physopt 32-663] Processed net fpga_mnist_i/mnist_accel_0/inst/mnist_accel_slave_lite_v1_0_S_AXI_inst/top_mnist_fpga_instance/u_mac/accum_out[25].  Re-placed instance fpga_mnist_i/mnist_accel_0/inst/mnist_accel_slave_lite_v1_0_S_AXI_inst/top_mnist_fpga_instance/u_mac/accum_out_reg[25]
INFO: [Physopt 32-735] Processed net fpga_mnist_i/mnist_accel_0/inst/mnist_accel_slave_lite_v1_0_S_AXI_inst/top_mnist_fpga_instance/u_mac/accum_out[25]. Optimization improves timing on the net.
INFO: [Physopt 32-619] Estimated Timing Summary | WNS=-1.954 | TNS=-145.359 |
INFO: [Physopt 32-663] Processed net fpga_mnist_i/mnist_accel_0/inst/mnist_accel_slave_lite_v1_0_S_AXI_inst/top_mnist_fpga_instance/u_mac/accum_out[27].  Re-placed instance fpga_mnist_i/mnist_accel_0/inst/mnist_accel_slave_lite_v1_0_S_AXI_inst/top_mnist_fpga_instance/u_mac/accum_out_reg[27]
INFO: [Physopt 32-735] Processed net fpga_mnist_i/mnist_accel_0/inst/mnist_accel_slave_lite_v1_0_S_AXI_inst/top_mnist_fpga_instance/u_mac/accum_out[27]. Optimization improves timing on the net.
INFO: [Physopt 32-619] Estimated Timing Summary | WNS=-1.952 | TNS=-145.215 |
INFO: [Physopt 32-702] Processed net fpga_mnist_i/mnist_accel_0/inst/mnist_accel_slave_lite_v1_0_S_AXI_inst/top_mnist_fpga_instance/u_mac/accum_out[29]. Optimizations did not improve timing on the net.
INFO: [Physopt 32-702] Processed net fpga_mnist_i/mnist_accel_0/inst/mnist_accel_slave_lite_v1_0_S_AXI_inst/top_mnist_fpga_instance/u_mac/accum_out_reg[29]_0[1]. Optimizations did not improve timing on the net.
INFO: [Physopt 32-663] Processed net fpga_mnist_i/mnist_accel_0/inst/mnist_accel_slave_lite_v1_0_S_AXI_inst/top_mnist_fpga_instance/u_mac/accum_out[29]_i_1_n_0.  Re-placed instance fpga_mnist_i/mnist_accel_0/inst/mnist_accel_slave_lite_v1_0_S_AXI_inst/top_mnist_fpga_instance/u_mac/accum_out[29]_i_1
INFO: [Physopt 32-735] Processed net fpga_mnist_i/mnist_accel_0/inst/mnist_accel_slave_lite_v1_0_S_AXI_inst/top_mnist_fpga_instance/u_mac/accum_out[29]_i_1_n_0. Optimization improves timing on the net.
INFO: [Physopt 32-619] Estimated Timing Summary | WNS=-1.917 | TNS=-144.898 |
INFO: [Physopt 32-663] Processed net fpga_mnist_i/mnist_accel_0/inst/mnist_accel_slave_lite_v1_0_S_AXI_inst/top_mnist_fpga_instance/u_mac/accum_out[21].  Re-placed instance fpga_mnist_i/mnist_accel_0/inst/mnist_accel_slave_lite_v1_0_S_AXI_inst/top_mnist_fpga_instance/u_mac/accum_out_reg[21]
INFO: [Physopt 32-735] Processed net fpga_mnist_i/mnist_accel_0/inst/mnist_accel_slave_lite_v1_0_S_AXI_inst/top_mnist_fpga_instance/u_mac/accum_out[21]. Optimization improves timing on the net.
INFO: [Physopt 32-619] Estimated Timing Summary | WNS=-1.896 | TNS=-144.903 |
INFO: [Physopt 32-702] Processed net fpga_mnist_i/mnist_accel_0/inst/mnist_accel_slave_lite_v1_0_S_AXI_inst/top_mnist_fpga_instance/u_mac/accum_out[21]. Optimizations did not improve timing on the net.
INFO: [Physopt 32-702] Processed net fpga_mnist_i/mnist_accel_0/inst/mnist_accel_slave_lite_v1_0_S_AXI_inst/top_mnist_fpga_instance/u_mac/accum_out_reg[22]_0[1]. Optimizations did not improve timing on the net.
INFO: [Physopt 32-608] Optimized 1 net.  Swapped 16 pins.
INFO: [Physopt 32-735] Processed net fpga_mnist_i/mnist_accel_0/inst/mnist_accel_slave_lite_v1_0_S_AXI_inst/top_mnist_fpga_instance/u_mac/dbg_result_valid[16]_INST_0_i_4_n_0. Optimization improves timing on the net.
INFO: [Physopt 32-619] Estimated Timing Summary | WNS=-1.877 | TNS=-143.552 |
INFO: [Physopt 32-663] Processed net fpga_mnist_i/mnist_accel_0/inst/mnist_accel_slave_lite_v1_0_S_AXI_inst/top_mnist_fpga_instance/u_mac/accum_out[18].  Re-placed instance fpga_mnist_i/mnist_accel_0/inst/mnist_accel_slave_lite_v1_0_S_AXI_inst/top_mnist_fpga_instance/u_mac/accum_out_reg[18]
INFO: [Physopt 32-735] Processed net fpga_mnist_i/mnist_accel_0/inst/mnist_accel_slave_lite_v1_0_S_AXI_inst/top_mnist_fpga_instance/u_mac/accum_out[18]. Optimization improves timing on the net.
INFO: [Physopt 32-619] Estimated Timing Summary | WNS=-1.862 | TNS=-143.414 |
INFO: [Physopt 32-663] Processed net fpga_mnist_i/mnist_accel_0/inst/mnist_accel_slave_lite_v1_0_S_AXI_inst/top_mnist_fpga_instance/u_mac/accum_out[16].  Re-placed instance fpga_mnist_i/mnist_accel_0/inst/mnist_accel_slave_lite_v1_0_S_AXI_inst/top_mnist_fpga_instance/u_mac/accum_out_reg[16]
INFO: [Physopt 32-735] Processed net fpga_mnist_i/mnist_accel_0/inst/mnist_accel_slave_lite_v1_0_S_AXI_inst/top_mnist_fpga_instance/u_mac/accum_out[16]. Optimization improves timing on the net.
INFO: [Physopt 32-619] Estimated Timing Summary | WNS=-1.842 | TNS=-143.101 |
INFO: [Physopt 32-702] Processed net fpga_mnist_i/mnist_accel_0/inst/mnist_accel_slave_lite_v1_0_S_AXI_inst/top_mnist_fpga_instance/u_mac/accum_out[25]. Optimizations did not improve timing on the net.
INFO: [Physopt 32-702] Processed net fpga_mnist_i/mnist_accel_0/inst/mnist_accel_slave_lite_v1_0_S_AXI_inst/top_mnist_fpga_instance/u_mac/accum_out_reg[26]_0[1]. Optimizations did not improve timing on the net.
INFO: [Physopt 32-663] Processed net fpga_mnist_i/mnist_accel_0/inst/mnist_accel_slave_lite_v1_0_S_AXI_inst/top_mnist_fpga_instance/u_mac/accum_out[25]_i_1_n_0.  Re-placed instance fpga_mnist_i/mnist_accel_0/inst/mnist_accel_slave_lite_v1_0_S_AXI_inst/top_mnist_fpga_instance/u_mac/accum_out[25]_i_1
INFO: [Physopt 32-735] Processed net fpga_mnist_i/mnist_accel_0/inst/mnist_accel_slave_lite_v1_0_S_AXI_inst/top_mnist_fpga_instance/u_mac/accum_out[25]_i_1_n_0. Optimization improves timing on the net.
INFO: [Physopt 32-619] Estimated Timing Summary | WNS=-1.832 | TNS=-142.392 |
INFO: [Physopt 32-702] Processed net fpga_mnist_i/mnist_accel_0/inst/mnist_accel_slave_lite_v1_0_S_AXI_inst/top_mnist_fpga_instance/u_mac/accum_out[28]. Optimizations did not improve timing on the net.
INFO: [Physopt 32-702] Processed net fpga_mnist_i/mnist_accel_0/inst/mnist_accel_slave_lite_v1_0_S_AXI_inst/top_mnist_fpga_instance/u_mac/accum_out_reg[29]_0[0]. Optimizations did not improve timing on the net.
INFO: [Physopt 32-663] Processed net fpga_mnist_i/mnist_accel_0/inst/mnist_accel_slave_lite_v1_0_S_AXI_inst/top_mnist_fpga_instance/u_mac/accum_out[28]_i_1_n_0.  Re-placed instance fpga_mnist_i/mnist_accel_0/inst/mnist_accel_slave_lite_v1_0_S_AXI_inst/top_mnist_fpga_instance/u_mac/accum_out[28]_i_1
INFO: [Physopt 32-735] Processed net fpga_mnist_i/mnist_accel_0/inst/mnist_accel_slave_lite_v1_0_S_AXI_inst/top_mnist_fpga_instance/u_mac/accum_out[28]_i_1_n_0. Optimization improves timing on the net.
INFO: [Physopt 32-619] Estimated Timing Summary | WNS=-1.825 | TNS=-141.732 |
INFO: [Physopt 32-663] Processed net fpga_mnist_i/mnist_accel_0/inst/mnist_accel_slave_lite_v1_0_S_AXI_inst/top_mnist_fpga_instance/u_mac/accum_out[17].  Re-placed instance fpga_mnist_i/mnist_accel_0/inst/mnist_accel_slave_lite_v1_0_S_AXI_inst/top_mnist_fpga_instance/u_mac/accum_out_reg[17]
INFO: [Physopt 32-735] Processed net fpga_mnist_i/mnist_accel_0/inst/mnist_accel_slave_lite_v1_0_S_AXI_inst/top_mnist_fpga_instance/u_mac/accum_out[17]. Optimization improves timing on the net.
INFO: [Physopt 32-619] Estimated Timing Summary | WNS=-1.818 | TNS=-141.589 |
INFO: [Physopt 32-663] Processed net fpga_mnist_i/mnist_accel_0/inst/mnist_accel_slave_lite_v1_0_S_AXI_inst/top_mnist_fpga_instance/u_fsm/dbg_result_valid[12]_INST_0_i_45_n_0.  Re-placed instance fpga_mnist_i/mnist_accel_0/inst/mnist_accel_slave_lite_v1_0_S_AXI_inst/top_mnist_fpga_instance/u_fsm/dbg_result_valid[12]_INST_0_i_45
INFO: [Physopt 32-735] Processed net fpga_mnist_i/mnist_accel_0/inst/mnist_accel_slave_lite_v1_0_S_AXI_inst/top_mnist_fpga_instance/u_fsm/dbg_result_valid[12]_INST_0_i_45_n_0. Optimization improves timing on the net.
INFO: [Physopt 32-619] Estimated Timing Summary | WNS=-1.814 | TNS=-141.191 |
INFO: [Physopt 32-702] Processed net fpga_mnist_i/mnist_accel_0/inst/mnist_accel_slave_lite_v1_0_S_AXI_inst/top_mnist_fpga_instance/u_fsm/dbg_result_valid[12]_INST_0_i_5_n_0. Optimizations did not improve timing on the net.
INFO: [Physopt 32-710] Processed net fpga_mnist_i/mnist_accel_0/inst/mnist_accel_slave_lite_v1_0_S_AXI_inst/top_mnist_fpga_instance/u_fsm/dbg_result_valid[12]_INST_0_i_5_n_0. Critical path length was reduced through logic transformation on cell fpga_mnist_i/mnist_accel_0/inst/mnist_accel_slave_lite_v1_0_S_AXI_inst/top_mnist_fpga_instance/u_fsm/dbg_result_valid[12]_INST_0_i_5_comp.
INFO: [Physopt 32-735] Processed net fpga_mnist_i/mnist_accel_0/inst/mnist_accel_slave_lite_v1_0_S_AXI_inst/top_mnist_fpga_instance/u_fsm/dbg_result_valid[12]_INST_0_i_1_n_0. Optimization improves timing on the net.
INFO: [Physopt 32-619] Estimated Timing Summary | WNS=-1.810 | TNS=-140.871 |
INFO: [Physopt 32-702] Processed net fpga_mnist_i/mnist_accel_0/inst/mnist_accel_slave_lite_v1_0_S_AXI_inst/top_mnist_fpga_instance/u_mac/dbg_result_valid[16]_INST_0_i_3_n_0. Optimizations did not improve timing on the net.
INFO: [Physopt 32-702] Processed net fpga_mnist_i/mnist_accel_0/inst/mnist_accel_slave_lite_v1_0_S_AXI_inst/top_mnist_fpga_instance/u_mac/dbg_result_valid[20]_INST_0_i_1_n_6. Optimizations did not improve timing on the net.
INFO: [Physopt 32-663] Processed net fpga_mnist_i/mnist_accel_0/inst/mnist_accel_slave_lite_v1_0_S_AXI_inst/top_mnist_fpga_instance/u_mac/accum_out[21]_i_1_n_0.  Re-placed instance fpga_mnist_i/mnist_accel_0/inst/mnist_accel_slave_lite_v1_0_S_AXI_inst/top_mnist_fpga_instance/u_mac/accum_out[21]_i_1
INFO: [Physopt 32-735] Processed net fpga_mnist_i/mnist_accel_0/inst/mnist_accel_slave_lite_v1_0_S_AXI_inst/top_mnist_fpga_instance/u_mac/accum_out[21]_i_1_n_0. Optimization improves timing on the net.
INFO: [Physopt 32-619] Estimated Timing Summary | WNS=-1.810 | TNS=-140.485 |
INFO: [Physopt 32-702] Processed net fpga_mnist_i/mnist_accel_0/inst/mnist_accel_slave_lite_v1_0_S_AXI_inst/top_mnist_fpga_instance/u_mac/accum_out[27]. Optimizations did not improve timing on the net.
INFO: [Physopt 32-702] Processed net fpga_mnist_i/mnist_accel_0/inst/mnist_accel_slave_lite_v1_0_S_AXI_inst/top_mnist_fpga_instance/u_mac/accum_out_reg[26]_0[3]. Optimizations did not improve timing on the net.
INFO: [Physopt 32-663] Processed net fpga_mnist_i/mnist_accel_0/inst/mnist_accel_slave_lite_v1_0_S_AXI_inst/top_mnist_fpga_instance/u_mac/accum_out[27]_i_1_n_0.  Re-placed instance fpga_mnist_i/mnist_accel_0/inst/mnist_accel_slave_lite_v1_0_S_AXI_inst/top_mnist_fpga_instance/u_mac/accum_out[27]_i_1
INFO: [Physopt 32-735] Processed net fpga_mnist_i/mnist_accel_0/inst/mnist_accel_slave_lite_v1_0_S_AXI_inst/top_mnist_fpga_instance/u_mac/accum_out[27]_i_1_n_0. Optimization improves timing on the net.
INFO: [Physopt 32-619] Estimated Timing Summary | WNS=-1.764 | TNS=-139.872 |
INFO: [Physopt 32-702] Processed net fpga_mnist_i/mnist_accel_0/inst/mnist_accel_slave_lite_v1_0_S_AXI_inst/top_mnist_fpga_instance/u_mac/accum_out[23]. Optimizations did not improve timing on the net.
INFO: [Physopt 32-702] Processed net fpga_mnist_i/mnist_accel_0/inst/mnist_accel_slave_lite_v1_0_S_AXI_inst/top_mnist_fpga_instance/u_mac/accum_out_reg[22]_0[3]. Optimizations did not improve timing on the net.
INFO: [Physopt 32-663] Processed net fpga_mnist_i/mnist_accel_0/inst/mnist_accel_slave_lite_v1_0_S_AXI_inst/top_mnist_fpga_instance/u_mac/accum_out[23]_i_1_n_0.  Re-placed instance fpga_mnist_i/mnist_accel_0/inst/mnist_accel_slave_lite_v1_0_S_AXI_inst/top_mnist_fpga_instance/u_mac/accum_out[23]_i_1
INFO: [Physopt 32-735] Processed net fpga_mnist_i/mnist_accel_0/inst/mnist_accel_slave_lite_v1_0_S_AXI_inst/top_mnist_fpga_instance/u_mac/accum_out[23]_i_1_n_0. Optimization improves timing on the net.
INFO: [Physopt 32-619] Estimated Timing Summary | WNS=-1.759 | TNS=-139.418 |
INFO: [Physopt 32-702] Processed net fpga_mnist_i/mnist_accel_0/inst/mnist_accel_slave_lite_v1_0_S_AXI_inst/top_mnist_fpga_instance/u_mac/accum_out[22]. Optimizations did not improve timing on the net.
INFO: [Physopt 32-702] Processed net fpga_mnist_i/mnist_accel_0/inst/mnist_accel_slave_lite_v1_0_S_AXI_inst/top_mnist_fpga_instance/u_mac/accum_out_reg[22]_0[2]. Optimizations did not improve timing on the net.
INFO: [Physopt 32-663] Processed net fpga_mnist_i/mnist_accel_0/inst/mnist_accel_slave_lite_v1_0_S_AXI_inst/top_mnist_fpga_instance/u_mac/accum_out[22]_i_1_n_0.  Re-placed instance fpga_mnist_i/mnist_accel_0/inst/mnist_accel_slave_lite_v1_0_S_AXI_inst/top_mnist_fpga_instance/u_mac/accum_out[22]_i_1
INFO: [Physopt 32-735] Processed net fpga_mnist_i/mnist_accel_0/inst/mnist_accel_slave_lite_v1_0_S_AXI_inst/top_mnist_fpga_instance/u_mac/accum_out[22]_i_1_n_0. Optimization improves timing on the net.
INFO: [Physopt 32-619] Estimated Timing Summary | WNS=-1.751 | TNS=-138.533 |
INFO: [Physopt 32-702] Processed net fpga_mnist_i/axi_smc/inst/switchboards/i_nodes/i_r_node/inst/inst_mi_handler/gen_normal_area.inst_fifo_node_payld/gen_reg_fifo.inst_reg_fifo/m_sc_payld[28]. Optimizations did not improve timing on the net.
INFO: [Physopt 32-710] Processed net fpga_mnist_i/axi_smc/inst/switchboards/r_la_out_swbd/inst/m_sc_payld[48]. Critical path length was reduced through logic transformation on cell fpga_mnist_i/axi_smc/inst/switchboards/r_la_out_swbd/inst/m_sc_payld[48]_INST_0_comp.
INFO: [Physopt 32-735] Processed net fpga_mnist_i/mnist_accel_0/inst/mnist_accel_slave_lite_v1_0_S_AXI_inst/top_mnist_fpga_instance/u_mac/s_axi_rdata[9]. Optimization improves timing on the net.
INFO: [Physopt 32-619] Estimated Timing Summary | WNS=-1.741 | TNS=-138.094 |
INFO: [Physopt 32-702] Processed net fpga_mnist_i/axi_smc/inst/switchboards/i_nodes/i_r_node/inst/inst_mi_handler/gen_normal_area.inst_fifo_node_payld/gen_reg_fifo.inst_reg_fifo/m_sc_payld[34]. Optimizations did not improve timing on the net.
INFO: [Physopt 32-710] Processed net fpga_mnist_i/axi_smc/inst/switchboards/r_la_out_swbd/inst/m_sc_payld[54]. Critical path length was reduced through logic transformation on cell fpga_mnist_i/axi_smc/inst/switchboards/r_la_out_swbd/inst/m_sc_payld[54]_INST_0_comp.
INFO: [Physopt 32-735] Processed net fpga_mnist_i/mnist_accel_0/inst/mnist_accel_slave_lite_v1_0_S_AXI_inst/top_mnist_fpga_instance/u_mac/s_axi_rdata[15]. Optimization improves timing on the net.
INFO: [Physopt 32-619] Estimated Timing Summary | WNS=-1.741 | TNS=-137.643 |
INFO: [Physopt 32-702] Processed net fpga_mnist_i/mnist_accel_0/inst/mnist_accel_slave_lite_v1_0_S_AXI_inst/top_mnist_fpga_instance/u_mac/accum_out[26]. Optimizations did not improve timing on the net.
INFO: [Physopt 32-702] Processed net fpga_mnist_i/mnist_accel_0/inst/mnist_accel_slave_lite_v1_0_S_AXI_inst/top_mnist_fpga_instance/u_mac/accum_out_reg[26]_0[2]. Optimizations did not improve timing on the net.
INFO: [Physopt 32-663] Processed net fpga_mnist_i/mnist_accel_0/inst/mnist_accel_slave_lite_v1_0_S_AXI_inst/top_mnist_fpga_instance/u_mac/accum_out[26]_i_1_n_0.  Re-placed instance fpga_mnist_i/mnist_accel_0/inst/mnist_accel_slave_lite_v1_0_S_AXI_inst/top_mnist_fpga_instance/u_mac/accum_out[26]_i_1
INFO: [Physopt 32-735] Processed net fpga_mnist_i/mnist_accel_0/inst/mnist_accel_slave_lite_v1_0_S_AXI_inst/top_mnist_fpga_instance/u_mac/accum_out[26]_i_1_n_0. Optimization improves timing on the net.
INFO: [Physopt 32-619] Estimated Timing Summary | WNS=-1.738 | TNS=-137.118 |
INFO: [Physopt 32-702] Processed net fpga_mnist_i/axi_smc/inst/switchboards/i_nodes/i_r_node/inst/inst_mi_handler/gen_normal_area.inst_fifo_node_payld/gen_reg_fifo.inst_reg_fifo/m_sc_payld[31]. Optimizations did not improve timing on the net.
INFO: [Physopt 32-663] Processed net fpga_mnist_i/mnist_accel_0/inst/mnist_accel_slave_lite_v1_0_S_AXI_inst/top_mnist_fpga_instance/u_mac/s_axi_rdata[12].  Re-placed instance fpga_mnist_i/mnist_accel_0/inst/mnist_accel_slave_lite_v1_0_S_AXI_inst/top_mnist_fpga_instance/u_mac/s_axi_rdata[28]_INST_0
INFO: [Physopt 32-735] Processed net fpga_mnist_i/mnist_accel_0/inst/mnist_accel_slave_lite_v1_0_S_AXI_inst/top_mnist_fpga_instance/u_mac/s_axi_rdata[12]. Optimization improves timing on the net.
INFO: [Physopt 32-619] Estimated Timing Summary | WNS=-1.736 | TNS=-137.113 |
INFO: [Physopt 32-702] Processed net fpga_mnist_i/mnist_accel_0/inst/mnist_accel_slave_lite_v1_0_S_AXI_inst/top_mnist_fpga_instance/u_mac/accum_out[24]. Optimizations did not improve timing on the net.
INFO: [Physopt 32-702] Processed net fpga_mnist_i/mnist_accel_0/inst/mnist_accel_slave_lite_v1_0_S_AXI_inst/top_mnist_fpga_instance/u_mac/accum_out_reg[26]_0[0]. Optimizations did not improve timing on the net.
INFO: [Physopt 32-663] Processed net fpga_mnist_i/mnist_accel_0/inst/mnist_accel_slave_lite_v1_0_S_AXI_inst/top_mnist_fpga_instance/u_mac/accum_out[24]_i_1_n_0.  Re-placed instance fpga_mnist_i/mnist_accel_0/inst/mnist_accel_slave_lite_v1_0_S_AXI_inst/top_mnist_fpga_instance/u_mac/accum_out[24]_i_1
INFO: [Physopt 32-735] Processed net fpga_mnist_i/mnist_accel_0/inst/mnist_accel_slave_lite_v1_0_S_AXI_inst/top_mnist_fpga_instance/u_mac/accum_out[24]_i_1_n_0. Optimization improves timing on the net.
INFO: [Physopt 32-619] Estimated Timing Summary | WNS=-1.733 | TNS=-136.406 |
INFO: [Physopt 32-710] Processed net fpga_mnist_i/axi_smc/inst/switchboards/r_la_out_swbd/inst/m_sc_payld[51]. Critical path length was reduced through logic transformation on cell fpga_mnist_i/axi_smc/inst/switchboards/r_la_out_swbd/inst/m_sc_payld[51]_INST_0_comp.
INFO: [Physopt 32-735] Processed net fpga_mnist_i/mnist_accel_0/inst/mnist_accel_slave_lite_v1_0_S_AXI_inst/top_mnist_fpga_instance/u_mac/s_axi_rdata[12]. Optimization improves timing on the net.
INFO: [Physopt 32-619] Estimated Timing Summary | WNS=-1.719 | TNS=-135.958 |
INFO: [Physopt 32-702] Processed net fpga_mnist_i/mnist_accel_0/inst/mnist_accel_slave_lite_v1_0_S_AXI_inst/top_mnist_fpga_instance/u_mac/accum_out[18]. Optimizations did not improve timing on the net.
INFO: [Physopt 32-702] Processed net fpga_mnist_i/mnist_accel_0/inst/mnist_accel_slave_lite_v1_0_S_AXI_inst/top_mnist_fpga_instance/u_mac/accum_out_reg[18]_0[2]. Optimizations did not improve timing on the net.
INFO: [Physopt 32-702] Processed net fpga_mnist_i/mnist_accel_0/inst/mnist_accel_slave_lite_v1_0_S_AXI_inst/top_mnist_fpga_instance/u_fsm/dbg_result_valid[12]_INST_0_i_49_n_0. Optimizations did not improve timing on the net.
INFO: [Physopt 32-710] Processed net fpga_mnist_i/mnist_accel_0/inst/mnist_accel_slave_lite_v1_0_S_AXI_inst/top_mnist_fpga_instance/u_fsm/dbg_result_valid[12]_INST_0_i_49_n_0. Critical path length was reduced through logic transformation on cell fpga_mnist_i/mnist_accel_0/inst/mnist_accel_slave_lite_v1_0_S_AXI_inst/top_mnist_fpga_instance/u_fsm/dbg_result_valid[12]_INST_0_i_49_comp.
INFO: [Physopt 32-735] Processed net fpga_mnist_i/mnist_accel_0/inst/mnist_accel_slave_lite_v1_0_S_AXI_inst/top_mnist_fpga_instance/u_fsm/dbg_result_valid[12]_INST_0_i_45_n_0. Optimization improves timing on the net.
INFO: [Physopt 32-619] Estimated Timing Summary | WNS=-1.704 | TNS=-135.030 |
INFO: [Physopt 32-702] Processed net fpga_mnist_i/mnist_accel_0/inst/mnist_accel_slave_lite_v1_0_S_AXI_inst/top_mnist_fpga_instance/u_fsm/dbg_result_valid[12]_INST_0_i_44_n_0. Optimizations did not improve timing on the net.
INFO: [Physopt 32-702] Processed net fpga_mnist_i/mnist_accel_0/inst/mnist_accel_slave_lite_v1_0_S_AXI_inst/top_mnist_fpga_instance/u_fsm/dbg_result_valid[20]_INST_0_i_64_n_5. Optimizations did not improve timing on the net.
INFO: [Physopt 32-702] Processed net fpga_mnist_i/mnist_accel_0/inst/mnist_accel_slave_lite_v1_0_S_AXI_inst/top_mnist_fpga_instance/u_fsm/dbg_result_valid[20]_INST_0_i_131_n_0. Optimizations did not improve timing on the net.
INFO: [Physopt 32-608] Optimized 1 net.  Swapped 15 pins.
INFO: [Physopt 32-735] Processed net fpga_mnist_i/mnist_accel_0/inst/mnist_accel_slave_lite_v1_0_S_AXI_inst/top_mnist_fpga_instance/u_fsm/dbg_result_valid[20]_INST_0_i_127_n_0. Optimization improves timing on the net.
INFO: [Physopt 32-619] Estimated Timing Summary | WNS=-1.700 | TNS=-135.033 |
INFO: [Physopt 32-702] Processed net fpga_mnist_i/axi_smc/inst/switchboards/i_nodes/i_r_node/inst/inst_mi_handler/gen_normal_area.inst_fifo_node_payld/gen_reg_fifo.inst_reg_fifo/m_sc_payld[32]. Optimizations did not improve timing on the net.
INFO: [Physopt 32-710] Processed net fpga_mnist_i/axi_smc/inst/switchboards/r_la_out_swbd/inst/m_sc_payld[52]. Critical path length was reduced through logic transformation on cell fpga_mnist_i/axi_smc/inst/switchboards/r_la_out_swbd/inst/m_sc_payld[52]_INST_0_comp.
INFO: [Physopt 32-735] Processed net fpga_mnist_i/mnist_accel_0/inst/mnist_accel_slave_lite_v1_0_S_AXI_inst/top_mnist_fpga_instance/u_mac/s_axi_rdata[13]. Optimization improves timing on the net.
INFO: [Physopt 32-619] Estimated Timing Summary | WNS=-1.697 | TNS=-134.585 |
INFO: [Physopt 32-702] Processed net fpga_mnist_i/mnist_accel_0/inst/mnist_accel_slave_lite_v1_0_S_AXI_inst/top_mnist_fpga_instance/u_fsm/dbg_result_valid[20]_INST_0_i_127_n_0. Optimizations did not improve timing on the net.
INFO: [Physopt 32-663] Processed net fpga_mnist_i/mnist_accel_0/inst/mnist_accel_slave_lite_v1_0_S_AXI_inst/top_mnist_fpga_instance/u_mac/accum_out[18]_i_1_n_0.  Re-placed instance fpga_mnist_i/mnist_accel_0/inst/mnist_accel_slave_lite_v1_0_S_AXI_inst/top_mnist_fpga_instance/u_mac/accum_out[18]_i_1
INFO: [Physopt 32-735] Processed net fpga_mnist_i/mnist_accel_0/inst/mnist_accel_slave_lite_v1_0_S_AXI_inst/top_mnist_fpga_instance/u_mac/accum_out[18]_i_1_n_0. Optimization improves timing on the net.
INFO: [Physopt 32-619] Estimated Timing Summary | WNS=-1.677 | TNS=-134.635 |
INFO: [Physopt 32-663] Processed net fpga_mnist_i/mnist_accel_0/inst/mnist_accel_slave_lite_v1_0_S_AXI_inst/top_mnist_fpga_instance/u_mac/accum_out[20].  Re-placed instance fpga_mnist_i/mnist_accel_0/inst/mnist_accel_slave_lite_v1_0_S_AXI_inst/top_mnist_fpga_instance/u_mac/accum_out_reg[20]
INFO: [Physopt 32-735] Processed net fpga_mnist_i/mnist_accel_0/inst/mnist_accel_slave_lite_v1_0_S_AXI_inst/top_mnist_fpga_instance/u_mac/accum_out[20]. Optimization improves timing on the net.
INFO: [Physopt 32-619] Estimated Timing Summary | WNS=-1.666 | TNS=-134.499 |
INFO: [Physopt 32-702] Processed net fpga_mnist_i/mnist_accel_0/inst/mnist_accel_slave_lite_v1_0_S_AXI_inst/top_mnist_fpga_instance/u_mac/accum_out[17]. Optimizations did not improve timing on the net.
INFO: [Physopt 32-702] Processed net fpga_mnist_i/mnist_accel_0/inst/mnist_accel_slave_lite_v1_0_S_AXI_inst/top_mnist_fpga_instance/u_mac/accum_out_reg[18]_0[1]. Optimizations did not improve timing on the net.
INFO: [Physopt 32-663] Processed net fpga_mnist_i/mnist_accel_0/inst/mnist_accel_slave_lite_v1_0_S_AXI_inst/top_mnist_fpga_instance/u_mac/accum_out[17]_i_1_n_0.  Re-placed instance fpga_mnist_i/mnist_accel_0/inst/mnist_accel_slave_lite_v1_0_S_AXI_inst/top_mnist_fpga_instance/u_mac/accum_out[17]_i_1
INFO: [Physopt 32-735] Processed net fpga_mnist_i/mnist_accel_0/inst/mnist_accel_slave_lite_v1_0_S_AXI_inst/top_mnist_fpga_instance/u_mac/accum_out[17]_i_1_n_0. Optimization improves timing on the net.
INFO: [Physopt 32-619] Estimated Timing Summary | WNS=-1.661 | TNS=-134.416 |
INFO: [Physopt 32-702] Processed net fpga_mnist_i/axi_smc/inst/switchboards/i_nodes/i_r_node/inst/inst_mi_handler/gen_normal_area.inst_fifo_node_payld/gen_reg_fifo.inst_reg_fifo/m_sc_payld[29]. Optimizations did not improve timing on the net.
INFO: [Physopt 32-710] Processed net fpga_mnist_i/axi_smc/inst/switchboards/r_la_out_swbd/inst/m_sc_payld[49]. Critical path length was reduced through logic transformation on cell fpga_mnist_i/axi_smc/inst/switchboards/r_la_out_swbd/inst/m_sc_payld[49]_INST_0_comp.
INFO: [Physopt 32-735] Processed net fpga_mnist_i/mnist_accel_0/inst/mnist_accel_slave_lite_v1_0_S_AXI_inst/top_mnist_fpga_instance/u_mac/s_axi_rdata[10]. Optimization improves timing on the net.
INFO: [Physopt 32-619] Estimated Timing Summary | WNS=-1.627 | TNS=-133.796 |
INFO: [Physopt 32-702] Processed net fpga_mnist_i/mnist_accel_0/inst/mnist_accel_slave_lite_v1_0_S_AXI_inst/top_mnist_fpga_instance/u_mac/dbg_result_valid[24]_INST_0_i_4_n_0. Optimizations did not improve timing on the net.
INFO: [Physopt 32-702] Processed net fpga_mnist_i/mnist_accel_0/inst/mnist_accel_slave_lite_v1_0_S_AXI_inst/top_mnist_fpga_instance/u_mac/dbg_result_valid[28]_INST_0_i_2_n_6. Optimizations did not improve timing on the net.
INFO: [Physopt 32-702] Processed net fpga_mnist_i/mnist_accel_0/inst/mnist_accel_slave_lite_v1_0_S_AXI_inst/top_mnist_fpga_instance/u_mac/dbg_result_valid[24]_INST_0_i_1_n_0. Optimizations did not improve timing on the net.
INFO: [Physopt 32-608] Optimized 1 net.  Swapped 14 pins.
INFO: [Physopt 32-735] Processed net fpga_mnist_i/mnist_accel_0/inst/mnist_accel_slave_lite_v1_0_S_AXI_inst/top_mnist_fpga_instance/u_mac/accum_out[29]_i_1_n_0. Optimization improves timing on the net.
INFO: [Physopt 32-619] Estimated Timing Summary | WNS=-1.626 | TNS=-133.617 |
INFO: [Physopt 32-663] Processed net fpga_mnist_i/mnist_accel_0/inst/mnist_accel_slave_lite_v1_0_S_AXI_inst/top_mnist_fpga_instance/u_fsm/result_value[17].  Re-placed instance fpga_mnist_i/mnist_accel_0/inst/mnist_accel_slave_lite_v1_0_S_AXI_inst/top_mnist_fpga_instance/u_fsm/result_value_reg[17]
INFO: [Physopt 32-735] Processed net fpga_mnist_i/mnist_accel_0/inst/mnist_accel_slave_lite_v1_0_S_AXI_inst/top_mnist_fpga_instance/u_fsm/result_value[17]. Optimization improves timing on the net.
INFO: [Physopt 32-619] Estimated Timing Summary | WNS=-1.625 | TNS=-133.599 |
INFO: [Physopt 32-663] Processed net fpga_mnist_i/mnist_accel_0/inst/mnist_accel_slave_lite_v1_0_S_AXI_inst/top_mnist_fpga_instance/u_fsm/result_value[18].  Re-placed instance fpga_mnist_i/mnist_accel_0/inst/mnist_accel_slave_lite_v1_0_S_AXI_inst/top_mnist_fpga_instance/u_fsm/result_value_reg[18]
INFO: [Physopt 32-735] Processed net fpga_mnist_i/mnist_accel_0/inst/mnist_accel_slave_lite_v1_0_S_AXI_inst/top_mnist_fpga_instance/u_fsm/result_value[18]. Optimization improves timing on the net.
INFO: [Physopt 32-619] Estimated Timing Summary | WNS=-1.625 | TNS=-133.566 |
INFO: [Physopt 32-663] Processed net fpga_mnist_i/mnist_accel_0/inst/mnist_accel_slave_lite_v1_0_S_AXI_inst/top_mnist_fpga_instance/u_mac/accum_out[19].  Re-placed instance fpga_mnist_i/mnist_accel_0/inst/mnist_accel_slave_lite_v1_0_S_AXI_inst/top_mnist_fpga_instance/u_mac/accum_out_reg[19]
INFO: [Physopt 32-735] Processed net fpga_mnist_i/mnist_accel_0/inst/mnist_accel_slave_lite_v1_0_S_AXI_inst/top_mnist_fpga_instance/u_mac/accum_out[19]. Optimization improves timing on the net.
INFO: [Physopt 32-619] Estimated Timing Summary | WNS=-1.611 | TNS=-133.548 |
INFO: [Physopt 32-702] Processed net fpga_mnist_i/axi_smc/inst/switchboards/i_nodes/i_r_node/inst/inst_mi_handler/gen_normal_area.inst_fifo_node_payld/gen_reg_fifo.inst_reg_fifo/m_sc_payld[24]. Optimizations did not improve timing on the net.
INFO: [Physopt 32-663] Processed net fpga_mnist_i/mnist_accel_0/inst/mnist_accel_slave_lite_v1_0_S_AXI_inst/top_mnist_fpga_instance/u_mac/s_axi_rdata[5].  Re-placed instance fpga_mnist_i/mnist_accel_0/inst/mnist_accel_slave_lite_v1_0_S_AXI_inst/top_mnist_fpga_instance/u_mac/s_axi_rdata[21]_INST_0
INFO: [Physopt 32-735] Processed net fpga_mnist_i/mnist_accel_0/inst/mnist_accel_slave_lite_v1_0_S_AXI_inst/top_mnist_fpga_instance/u_mac/s_axi_rdata[5]. Optimization improves timing on the net.
INFO: [Physopt 32-619] Estimated Timing Summary | WNS=-1.611 | TNS=-133.487 |
INFO: [Physopt 32-702] Processed net fpga_mnist_i/axi_smc/inst/switchboards/i_nodes/i_r_node/inst/inst_mi_handler/gen_normal_area.inst_fifo_node_payld/gen_reg_fifo.inst_reg_fifo/m_sc_payld[33]. Optimizations did not improve timing on the net.
INFO: [Physopt 32-710] Processed net fpga_mnist_i/axi_smc/inst/switchboards/r_la_out_swbd/inst/m_sc_payld[53]. Critical path length was reduced through logic transformation on cell fpga_mnist_i/axi_smc/inst/switchboards/r_la_out_swbd/inst/m_sc_payld[53]_INST_0_comp.
INFO: [Physopt 32-735] Processed net fpga_mnist_i/mnist_accel_0/inst/mnist_accel_slave_lite_v1_0_S_AXI_inst/top_mnist_fpga_instance/u_mac/s_axi_rdata[14]. Optimization improves timing on the net.
INFO: [Physopt 32-619] Estimated Timing Summary | WNS=-1.610 | TNS=-132.903 |
INFO: [Physopt 32-702] Processed net fpga_mnist_i/mnist_accel_0/inst/mnist_accel_slave_lite_v1_0_S_AXI_inst/top_mnist_fpga_instance/u_mac/accum_out[30]_i_1_n_0. Optimizations did not improve timing on the net.
INFO: [Physopt 32-81] Processed net fpga_mnist_i/mnist_accel_0/inst/mnist_accel_slave_lite_v1_0_S_AXI_inst/top_mnist_fpga_instance/u_fsm/mac_weight_vec[2]. Replicated 1 times.
INFO: [Physopt 32-735] Processed net fpga_mnist_i/mnist_accel_0/inst/mnist_accel_slave_lite_v1_0_S_AXI_inst/top_mnist_fpga_instance/u_fsm/mac_weight_vec[2]. Optimization improves timing on the net.
INFO: [Physopt 32-619] Estimated Timing Summary | WNS=-1.607 | TNS=-131.797 |
INFO: [Physopt 32-702] Processed net fpga_mnist_i/mnist_accel_0/inst/mnist_accel_slave_lite_v1_0_S_AXI_inst/top_mnist_fpga_instance/u_mac/accum_out[19]. Optimizations did not improve timing on the net.
INFO: [Physopt 32-702] Processed net fpga_mnist_i/mnist_accel_0/inst/mnist_accel_slave_lite_v1_0_S_AXI_inst/top_mnist_fpga_instance/u_mac/accum_out_reg[18]_0[3]. Optimizations did not improve timing on the net.
INFO: [Physopt 32-663] Processed net fpga_mnist_i/mnist_accel_0/inst/mnist_accel_slave_lite_v1_0_S_AXI_inst/top_mnist_fpga_instance/u_mac/accum_out[19]_i_1_n_0.  Re-placed instance fpga_mnist_i/mnist_accel_0/inst/mnist_accel_slave_lite_v1_0_S_AXI_inst/top_mnist_fpga_instance/u_mac/accum_out[19]_i_1
INFO: [Physopt 32-735] Processed net fpga_mnist_i/mnist_accel_0/inst/mnist_accel_slave_lite_v1_0_S_AXI_inst/top_mnist_fpga_instance/u_mac/accum_out[19]_i_1_n_0. Optimization improves timing on the net.
INFO: [Physopt 32-619] Estimated Timing Summary | WNS=-1.596 | TNS=-131.208 |
INFO: [Physopt 32-702] Processed net fpga_mnist_i/mnist_accel_0/inst/mnist_accel_slave_lite_v1_0_S_AXI_inst/top_mnist_fpga_instance/u_fsm/mac_weight_vec[2]. Optimizations did not improve timing on the net.
INFO: [Physopt 32-702] Processed net fpga_mnist_i/mnist_accel_0/inst/mnist_accel_slave_lite_v1_0_S_AXI_inst/top_mnist_fpga_instance/u_mac/accum_out[30]. Optimizations did not improve timing on the net.
INFO: [Physopt 32-702] Processed net fpga_mnist_i/clk_wiz_0/inst/clk_out1_fpga_mnist_clk_wiz_0_0. Optimizations did not improve timing on the net.
INFO: [Physopt 32-702] Processed net fpga_mnist_i/mnist_accel_0/inst/mnist_accel_slave_lite_v1_0_S_AXI_inst/top_mnist_fpga_instance/u_mac/accum_out_reg[29]_0[2]. Optimizations did not improve timing on the net.
INFO: [Physopt 32-702] Processed net fpga_mnist_i/mnist_accel_0/inst/mnist_accel_slave_lite_v1_0_S_AXI_inst/top_mnist_fpga_instance/u_mac/dbg_result_valid[24]_INST_0_i_4_n_0. Optimizations did not improve timing on the net.
INFO: [Physopt 32-702] Processed net fpga_mnist_i/mnist_accel_0/inst/mnist_accel_slave_lite_v1_0_S_AXI_inst/top_mnist_fpga_instance/u_mac/dbg_result_valid[28]_INST_0_i_2_n_6. Optimizations did not improve timing on the net.
INFO: [Physopt 32-702] Processed net fpga_mnist_i/mnist_accel_0/inst/mnist_accel_slave_lite_v1_0_S_AXI_inst/top_mnist_fpga_instance/u_fsm/dbg_result_valid[20]_INST_0_i_18_n_0. Optimizations did not improve timing on the net.
INFO: [Physopt 32-702] Processed net fpga_mnist_i/mnist_accel_0/inst/mnist_accel_slave_lite_v1_0_S_AXI_inst/top_mnist_fpga_instance/u_fsm/dbg_result_valid[20]_INST_0_i_14_n_0. Optimizations did not improve timing on the net.
INFO: [Physopt 32-702] Processed net fpga_mnist_i/mnist_accel_0/inst/mnist_accel_slave_lite_v1_0_S_AXI_inst/top_mnist_fpga_instance/u_fsm/u_mac/p_1_in[12]. Optimizations did not improve timing on the net.
INFO: [Physopt 32-702] Processed net fpga_mnist_i/mnist_accel_0/inst/mnist_accel_slave_lite_v1_0_S_AXI_inst/top_mnist_fpga_instance/u_fsm/dbg_result_valid[20]_INST_0_i_50_n_0. Optimizations did not improve timing on the net.
INFO: [Physopt 32-702] Processed net fpga_mnist_i/mnist_accel_0/inst/mnist_accel_slave_lite_v1_0_S_AXI_inst/top_mnist_fpga_instance/u_fsm/dbg_result_valid[20]_INST_0_i_46_n_0. Optimizations did not improve timing on the net.
INFO: [Physopt 32-702] Processed net fpga_mnist_i/mnist_accel_0/inst/mnist_accel_slave_lite_v1_0_S_AXI_inst/top_mnist_fpga_instance/u_fsm/dbg_result_valid[20]_INST_0_i_60_n_5. Optimizations did not improve timing on the net.
INFO: [Physopt 32-702] Processed net fpga_mnist_i/mnist_accel_0/inst/mnist_accel_slave_lite_v1_0_S_AXI_inst/top_mnist_fpga_instance/u_fsm/dbg_result_valid[20]_INST_0_i_154_n_0. Optimizations did not improve timing on the net.
INFO: [Physopt 32-702] Processed net fpga_mnist_i/mnist_accel_0/inst/mnist_accel_slave_lite_v1_0_S_AXI_inst/top_mnist_fpga_instance/u_fsm/dbg_result_valid[20]_INST_0_i_150_n_0. Optimizations did not improve timing on the net.
INFO: [Physopt 32-702] Processed net fpga_mnist_i/mnist_accel_0/inst/mnist_accel_slave_lite_v1_0_S_AXI_inst/top_mnist_fpga_instance/u_mac/accum_out[30]_i_1_n_0. Optimizations did not improve timing on the net.
INFO: [Physopt 32-702] Processed net fpga_mnist_i/mnist_accel_0/inst/mnist_accel_slave_lite_v1_0_S_AXI_inst/top_mnist_fpga_instance/u_fsm/mac_weight_vec[2]. Optimizations did not improve timing on the net.
INFO: [Physopt 32-619] Estimated Timing Summary | WNS=-1.596 | TNS=-131.208 |
Netlist sorting complete. Time (s): cpu = 00:00:00 ; elapsed = 00:00:00.050 . Memory (MB): peak = 2042.605 ; gain = 0.000
Phase 3 Critical Path Optimization | Checksum: 1a5e4feae

Time (s): cpu = 00:00:13 ; elapsed = 00:00:08 . Memory (MB): peak = 2042.605 ; gain = 0.000

Phase 4 Critical Path Optimization
INFO: [Physopt 32-619] Estimated Timing Summary | WNS=-1.596 | TNS=-131.208 |
INFO: [Physopt 32-702] Processed net fpga_mnist_i/mnist_accel_0/inst/mnist_accel_slave_lite_v1_0_S_AXI_inst/top_mnist_fpga_instance/u_mac/accum_out[30]. Optimizations did not improve timing on the net.
INFO: [Physopt 32-702] Processed net fpga_mnist_i/clk_wiz_0/inst/clk_out1_fpga_mnist_clk_wiz_0_0. Optimizations did not improve timing on the net.
INFO: [Physopt 32-702] Processed net fpga_mnist_i/mnist_accel_0/inst/mnist_accel_slave_lite_v1_0_S_AXI_inst/top_mnist_fpga_instance/u_mac/accum_out_reg[29]_0[2]. Optimizations did not improve timing on the net.
INFO: [Physopt 32-702] Processed net fpga_mnist_i/mnist_accel_0/inst/mnist_accel_slave_lite_v1_0_S_AXI_inst/top_mnist_fpga_instance/u_mac/dbg_result_valid[24]_INST_0_n_0. Optimizations did not improve timing on the net.
INFO: [Physopt 32-702] Processed net fpga_mnist_i/mnist_accel_0/inst/mnist_accel_slave_lite_v1_0_S_AXI_inst/top_mnist_fpga_instance/u_mac/dbg_result_valid[24]_INST_0_i_4_n_0. Optimizations did not improve timing on the net.
INFO: [Physopt 32-702] Processed net fpga_mnist_i/mnist_accel_0/inst/mnist_accel_slave_lite_v1_0_S_AXI_inst/top_mnist_fpga_instance/u_mac/dbg_result_valid[28]_INST_0_i_2_n_6. Optimizations did not improve timing on the net.
INFO: [Physopt 32-702] Processed net fpga_mnist_i/mnist_accel_0/inst/mnist_accel_slave_lite_v1_0_S_AXI_inst/top_mnist_fpga_instance/u_mac/dbg_result_valid[24]_INST_0_i_1_n_0. Optimizations did not improve timing on the net.
INFO: [Physopt 32-702] Processed net fpga_mnist_i/mnist_accel_0/inst/mnist_accel_slave_lite_v1_0_S_AXI_inst/top_mnist_fpga_instance/u_mac/dbg_result_valid[20]_INST_0_i_1_n_0. Optimizations did not improve timing on the net.
INFO: [Physopt 32-702] Processed net fpga_mnist_i/mnist_accel_0/inst/mnist_accel_slave_lite_v1_0_S_AXI_inst/top_mnist_fpga_instance/u_fsm/CO[0]. Optimizations did not improve timing on the net.
INFO: [Physopt 32-702] Processed net fpga_mnist_i/mnist_accel_0/inst/mnist_accel_slave_lite_v1_0_S_AXI_inst/top_mnist_fpga_instance/u_fsm/dbg_result_valid[20]_INST_0_i_18_n_0. Optimizations did not improve timing on the net.
INFO: [Physopt 32-702] Processed net fpga_mnist_i/mnist_accel_0/inst/mnist_accel_slave_lite_v1_0_S_AXI_inst/top_mnist_fpga_instance/u_fsm/dbg_result_valid[20]_INST_0_i_14_n_0. Optimizations did not improve timing on the net.
INFO: [Physopt 32-702] Processed net fpga_mnist_i/mnist_accel_0/inst/mnist_accel_slave_lite_v1_0_S_AXI_inst/top_mnist_fpga_instance/u_fsm/u_mac/p_1_in[12]. Optimizations did not improve timing on the net.
INFO: [Physopt 32-702] Processed net fpga_mnist_i/mnist_accel_0/inst/mnist_accel_slave_lite_v1_0_S_AXI_inst/top_mnist_fpga_instance/u_fsm/dbg_result_valid[20]_INST_0_i_23_n_0. Optimizations did not improve timing on the net.
INFO: [Physopt 32-702] Processed net fpga_mnist_i/mnist_accel_0/inst/mnist_accel_slave_lite_v1_0_S_AXI_inst/top_mnist_fpga_instance/u_fsm/dbg_result_valid[20]_INST_0_i_50_n_0. Optimizations did not improve timing on the net.
INFO: [Physopt 32-702] Processed net fpga_mnist_i/mnist_accel_0/inst/mnist_accel_slave_lite_v1_0_S_AXI_inst/top_mnist_fpga_instance/u_fsm/dbg_result_valid[20]_INST_0_i_46_n_0. Optimizations did not improve timing on the net.
INFO: [Physopt 32-702] Processed net fpga_mnist_i/mnist_accel_0/inst/mnist_accel_slave_lite_v1_0_S_AXI_inst/top_mnist_fpga_instance/u_fsm/dbg_result_valid[20]_INST_0_i_60_n_5. Optimizations did not improve timing on the net.
INFO: [Physopt 32-702] Processed net fpga_mnist_i/mnist_accel_0/inst/mnist_accel_slave_lite_v1_0_S_AXI_inst/top_mnist_fpga_instance/u_fsm/dbg_result_valid[20]_INST_0_i_67_n_0. Optimizations did not improve timing on the net.
INFO: [Physopt 32-702] Processed net fpga_mnist_i/mnist_accel_0/inst/mnist_accel_slave_lite_v1_0_S_AXI_inst/top_mnist_fpga_instance/u_fsm/dbg_result_valid[20]_INST_0_i_154_n_0. Optimizations did not improve timing on the net.
INFO: [Physopt 32-702] Processed net fpga_mnist_i/mnist_accel_0/inst/mnist_accel_slave_lite_v1_0_S_AXI_inst/top_mnist_fpga_instance/u_fsm/dbg_result_valid[20]_INST_0_i_150_n_0. Optimizations did not improve timing on the net.
INFO: [Physopt 32-702] Processed net fpga_mnist_i/mnist_accel_0/inst/mnist_accel_slave_lite_v1_0_S_AXI_inst/top_mnist_fpga_instance/u_mac/accum_out[30]_i_1_n_0. Optimizations did not improve timing on the net.
INFO: [Physopt 32-702] Processed net fpga_mnist_i/mnist_accel_0/inst/mnist_accel_slave_lite_v1_0_S_AXI_inst/top_mnist_fpga_instance/u_fsm/mac_weight_vec[2]. Optimizations did not improve timing on the net.
INFO: [Physopt 32-702] Processed net fpga_mnist_i/mnist_accel_0/inst/mnist_accel_slave_lite_v1_0_S_AXI_inst/top_mnist_fpga_instance/u_mac/accum_out[30]. Optimizations did not improve timing on the net.
INFO: [Physopt 32-702] Processed net fpga_mnist_i/clk_wiz_0/inst/clk_out1_fpga_mnist_clk_wiz_0_0. Optimizations did not improve timing on the net.
INFO: [Physopt 32-702] Processed net fpga_mnist_i/mnist_accel_0/inst/mnist_accel_slave_lite_v1_0_S_AXI_inst/top_mnist_fpga_instance/u_mac/accum_out_reg[29]_0[2]. Optimizations did not improve timing on the net.
INFO: [Physopt 32-702] Processed net fpga_mnist_i/mnist_accel_0/inst/mnist_accel_slave_lite_v1_0_S_AXI_inst/top_mnist_fpga_instance/u_mac/dbg_result_valid[24]_INST_0_i_4_n_0. Optimizations did not improve timing on the net.
INFO: [Physopt 32-702] Processed net fpga_mnist_i/mnist_accel_0/inst/mnist_accel_slave_lite_v1_0_S_AXI_inst/top_mnist_fpga_instance/u_mac/dbg_result_valid[28]_INST_0_i_2_n_6. Optimizations did not improve timing on the net.
INFO: [Physopt 32-702] Processed net fpga_mnist_i/mnist_accel_0/inst/mnist_accel_slave_lite_v1_0_S_AXI_inst/top_mnist_fpga_instance/u_fsm/dbg_result_valid[20]_INST_0_i_18_n_0. Optimizations did not improve timing on the net.
INFO: [Physopt 32-702] Processed net fpga_mnist_i/mnist_accel_0/inst/mnist_accel_slave_lite_v1_0_S_AXI_inst/top_mnist_fpga_instance/u_fsm/dbg_result_valid[20]_INST_0_i_14_n_0. Optimizations did not improve timing on the net.
INFO: [Physopt 32-702] Processed net fpga_mnist_i/mnist_accel_0/inst/mnist_accel_slave_lite_v1_0_S_AXI_inst/top_mnist_fpga_instance/u_fsm/u_mac/p_1_in[12]. Optimizations did not improve timing on the net.
INFO: [Physopt 32-702] Processed net fpga_mnist_i/mnist_accel_0/inst/mnist_accel_slave_lite_v1_0_S_AXI_inst/top_mnist_fpga_instance/u_fsm/dbg_result_valid[20]_INST_0_i_50_n_0. Optimizations did not improve timing on the net.
INFO: [Physopt 32-702] Processed net fpga_mnist_i/mnist_accel_0/inst/mnist_accel_slave_lite_v1_0_S_AXI_inst/top_mnist_fpga_instance/u_fsm/dbg_result_valid[20]_INST_0_i_46_n_0. Optimizations did not improve timing on the net.
INFO: [Physopt 32-702] Processed net fpga_mnist_i/mnist_accel_0/inst/mnist_accel_slave_lite_v1_0_S_AXI_inst/top_mnist_fpga_instance/u_fsm/dbg_result_valid[20]_INST_0_i_60_n_5. Optimizations did not improve timing on the net.
INFO: [Physopt 32-702] Processed net fpga_mnist_i/mnist_accel_0/inst/mnist_accel_slave_lite_v1_0_S_AXI_inst/top_mnist_fpga_instance/u_fsm/dbg_result_valid[20]_INST_0_i_154_n_0. Optimizations did not improve timing on the net.
INFO: [Physopt 32-702] Processed net fpga_mnist_i/mnist_accel_0/inst/mnist_accel_slave_lite_v1_0_S_AXI_inst/top_mnist_fpga_instance/u_fsm/dbg_result_valid[20]_INST_0_i_150_n_0. Optimizations did not improve timing on the net.
INFO: [Physopt 32-702] Processed net fpga_mnist_i/mnist_accel_0/inst/mnist_accel_slave_lite_v1_0_S_AXI_inst/top_mnist_fpga_instance/u_mac/accum_out[30]_i_1_n_0. Optimizations did not improve timing on the net.
INFO: [Physopt 32-702] Processed net fpga_mnist_i/mnist_accel_0/inst/mnist_accel_slave_lite_v1_0_S_AXI_inst/top_mnist_fpga_instance/u_fsm/mac_weight_vec[2]. Optimizations did not improve timing on the net.
INFO: [Physopt 32-619] Estimated Timing Summary | WNS=-1.596 | TNS=-131.208 |
Netlist sorting complete. Time (s): cpu = 00:00:00 ; elapsed = 00:00:00.017 . Memory (MB): peak = 2042.605 ; gain = 0.000
Phase 4 Critical Path Optimization | Checksum: 1a5e4feae

Time (s): cpu = 00:00:15 ; elapsed = 00:00:09 . Memory (MB): peak = 2042.605 ; gain = 0.000
Netlist sorting complete. Time (s): cpu = 00:00:00 ; elapsed = 00:00:00.012 . Memory (MB): peak = 2042.605 ; gain = 0.000
INFO: [Physopt 32-603] Post Physical Optimization Timing Summary | WNS=-1.596 | TNS=-131.208 |

Summary of Physical Synthesis Optimizations
============================================


-------------------------------------------------------------------------------------------------------------------------------------------------------------
|  Optimization   |  WNS Gain (ns)  |  TNS Gain (ns)  |  Added Cells  |  Removed Cells  |  Optimized Cells/Nets  |  Dont Touch  |  Iterations  |  Elapsed   |
-------------------------------------------------------------------------------------------------------------------------------------------------------------
|  DSP Register   |          0.000  |          0.000  |            0  |              0  |                     0  |           0  |           1  |  00:00:00  |
|  Critical Path  |          1.210  |         98.215  |            1  |              0  |                    51  |           0  |           2  |  00:00:08  |
|  Total          |          1.210  |         98.215  |            1  |              0  |                    51  |           0  |           3  |  00:00:08  |
-------------------------------------------------------------------------------------------------------------------------------------------------------------


Netlist sorting complete. Time (s): cpu = 00:00:00 ; elapsed = 00:00:00.009 . Memory (MB): peak = 2042.605 ; gain = 0.000
Ending Physical Synthesis Task | Checksum: 278e91a10

Time (s): cpu = 00:00:16 ; elapsed = 00:00:09 . Memory (MB): peak = 2042.605 ; gain = 0.000
INFO: [Common 17-83] Releasing license: Implementation
416 Infos, 2 Warnings, 1 Critical Warnings and 0 Errors encountered.
phys_opt_design completed successfully
phys_opt_design: Time (s): cpu = 00:00:20 ; elapsed = 00:00:12 . Memory (MB): peak = 2042.605 ; gain = 0.000
INFO: [Timing 38-480] Writing timing data to binary archive.
Write ShapeDB Complete: Time (s): cpu = 00:00:00 ; elapsed = 00:00:00.047 . Memory (MB): peak = 2042.605 ; gain = 0.000
Wrote PlaceDB: Time (s): cpu = 00:00:03 ; elapsed = 00:00:01 . Memory (MB): peak = 2042.605 ; gain = 0.000
Wrote PulsedLatchDB: Time (s): cpu = 00:00:00 ; elapsed = 00:00:00 . Memory (MB): peak = 2042.605 ; gain = 0.000
Writing XDEF routing.
Writing XDEF routing logical nets.
Writing XDEF routing special nets.
Wrote RouteStorage: Time (s): cpu = 00:00:00 ; elapsed = 00:00:00.032 . Memory (MB): peak = 2042.605 ; gain = 0.000
Wrote Netlist Cache: Time (s): cpu = 00:00:01 ; elapsed = 00:00:00.025 . Memory (MB): peak = 2042.605 ; gain = 0.000
Wrote Device Cache: Time (s): cpu = 00:00:00 ; elapsed = 00:00:00.007 . Memory (MB): peak = 2042.605 ; gain = 0.000
Write Physdb Complete: Time (s): cpu = 00:00:04 ; elapsed = 00:00:01 . Memory (MB): peak = 2042.605 ; gain = 0.000
INFO: [Common 17-1381] The checkpoint 'C:/vitis_mnist/clean_build/clean_build.runs/impl_1/fpga_mnist_wrapper_physopt.dcp' has been generated.
Command: route_design
Attempting to get a license for feature 'Implementation' and/or device 'xc7a35t'
INFO: [Common 17-349] Got license for feature 'Implementation' and/or device 'xc7a35t'
INFO: [DRC 23-27] Running DRC with 2 threads
INFO: [Vivado_Tcl 4-198] DRC finished with 0 Errors
INFO: [Vivado_Tcl 4-199] Please refer to the DRC report (report_drc) for more information.


Starting Routing Task
INFO: [Route 35-254] Multithreading enabled for route_design using a maximum of 2 CPUs

Phase 1 Build RT Design
Checksum: PlaceDB: c0146456 ConstDB: 0 ShapeSum: adf80134 RouteDB: a0815c57
Post Restoration Checksum: NetGraph: 8dbb6083 | NumContArr: 188b3254 | Constraints: c2a8fa9d | Timing: c2a8fa9d
Phase 1 Build RT Design | Checksum: 22b988811

Time (s): cpu = 00:00:29 ; elapsed = 00:00:25 . Memory (MB): peak = 2103.125 ; gain = 60.520

Phase 2 Router Initialization

Phase 2.1 Fix Topology Constraints
Phase 2.1 Fix Topology Constraints | Checksum: 22b988811

Time (s): cpu = 00:00:29 ; elapsed = 00:00:25 . Memory (MB): peak = 2103.441 ; gain = 60.836

Phase 2.2 Pre Route Cleanup
Phase 2.2 Pre Route Cleanup | Checksum: 22b988811

Time (s): cpu = 00:00:29 ; elapsed = 00:00:25 . Memory (MB): peak = 2103.441 ; gain = 60.836
 Number of Nodes with overlaps = 0

Phase 2.3 Update Timing
Phase 2.3 Update Timing | Checksum: 264b0bb1a

Time (s): cpu = 00:00:36 ; elapsed = 00:00:29 . Memory (MB): peak = 2151.527 ; gain = 108.922
INFO: [Route 35-416] Intermediate Timing Summary | WNS=-1.536 | TNS=-115.580| WHS=-0.358 | THS=-186.354|


Phase 2.4 Update Timing for Bus Skew

Phase 2.4.1 Update Timing
Phase 2.4.1 Update Timing | Checksum: 2464518a9

Time (s): cpu = 00:00:42 ; elapsed = 00:00:33 . Memory (MB): peak = 2152.348 ; gain = 109.742
INFO: [Route 35-416] Intermediate Timing Summary | WNS=-1.536 | TNS=-131.208| WHS=-0.100 | THS=-2.510 |

Phase 2.4 Update Timing for Bus Skew | Checksum: 2c978057e

Time (s): cpu = 00:00:42 ; elapsed = 00:00:33 . Memory (MB): peak = 2165.555 ; gain = 122.949

Router Utilization Summary
  Global Vertical Routing Utilization    = 0.00334848 %
  Global Horizontal Routing Utilization  = 0.000650703 %
  Routable Net Status*
  *Does not include unroutable nets such as driverless and loadless.
  Run report_route_status for detailed report.
  Number of Failed Nets               = 12910
    (Failed Nets is the sum of unrouted and partially routed nets)
  Number of Unrouted Nets             = 12910
  Number of Partially Routed Nets     = 0
  Number of Node Overlaps             = 0

Phase 2 Router Initialization | Checksum: 2dd1c9f04

Time (s): cpu = 00:00:42 ; elapsed = 00:00:33 . Memory (MB): peak = 2165.555 ; gain = 122.949

Phase 3 Global Routing
Phase 3 Global Routing | Checksum: 2dd1c9f04

Time (s): cpu = 00:00:42 ; elapsed = 00:00:33 . Memory (MB): peak = 2165.555 ; gain = 122.949

Phase 4 Initial Routing

Phase 4.1 Initial Net Routing Pass
Phase 4.1 Initial Net Routing Pass | Checksum: 2beb9eae8

Time (s): cpu = 00:00:47 ; elapsed = 00:00:35 . Memory (MB): peak = 2165.812 ; gain = 123.207
Phase 4 Initial Routing | Checksum: 2beb9eae8

Time (s): cpu = 00:00:47 ; elapsed = 00:00:35 . Memory (MB): peak = 2165.812 ; gain = 123.207

Phase 5 Rip-up And Reroute

Phase 5.1 Global Iteration 0
 Number of Nodes with overlaps = 1325
 Number of Nodes with overlaps = 257
 Number of Nodes with overlaps = 72
 Number of Nodes with overlaps = 38
 Number of Nodes with overlaps = 23
 Number of Nodes with overlaps = 7
 Number of Nodes with overlaps = 2
 Number of Nodes with overlaps = 0
INFO: [Route 35-416] Intermediate Timing Summary | WNS=-2.344 | TNS=-215.121| WHS=N/A    | THS=N/A    |

Phase 5.1 Global Iteration 0 | Checksum: 2f593402b

Time (s): cpu = 00:01:05 ; elapsed = 00:00:49 . Memory (MB): peak = 2206.910 ; gain = 164.305

Phase 5.2 Global Iteration 1
 Number of Nodes with overlaps = 329
 Number of Nodes with overlaps = 85
 Number of Nodes with overlaps = 30
 Number of Nodes with overlaps = 11
 Number of Nodes with overlaps = 3
 Number of Nodes with overlaps = 2
 Number of Nodes with overlaps = 0
INFO: [Route 35-416] Intermediate Timing Summary | WNS=-2.539 | TNS=-223.108| WHS=N/A    | THS=N/A    |

Phase 5.2 Global Iteration 1 | Checksum: 17ce8ba93

Time (s): cpu = 00:01:13 ; elapsed = 00:00:55 . Memory (MB): peak = 2206.910 ; gain = 164.305
Phase 5 Rip-up And Reroute | Checksum: 17ce8ba93

Time (s): cpu = 00:01:13 ; elapsed = 00:00:55 . Memory (MB): peak = 2206.910 ; gain = 164.305

Phase 6 Delay and Skew Optimization

Phase 6.1 Delay CleanUp

Phase 6.1.1 Update Timing
Phase 6.1.1 Update Timing | Checksum: 1d285ec7f

Time (s): cpu = 00:01:14 ; elapsed = 00:00:56 . Memory (MB): peak = 2206.910 ; gain = 164.305
INFO: [Route 35-416] Intermediate Timing Summary | WNS=-2.264 | TNS=-205.809| WHS=N/A    | THS=N/A    |

 Number of Nodes with overlaps = 0
Phase 6.1 Delay CleanUp | Checksum: 270ba91a0

Time (s): cpu = 00:01:15 ; elapsed = 00:00:56 . Memory (MB): peak = 2206.910 ; gain = 164.305

Phase 6.2 Clock Skew Optimization
Phase 6.2 Clock Skew Optimization | Checksum: 270ba91a0

Time (s): cpu = 00:01:15 ; elapsed = 00:00:56 . Memory (MB): peak = 2206.910 ; gain = 164.305
Phase 6 Delay and Skew Optimization | Checksum: 270ba91a0

Time (s): cpu = 00:01:15 ; elapsed = 00:00:56 . Memory (MB): peak = 2206.910 ; gain = 164.305

Phase 7 Post Hold Fix

Phase 7.1 Hold Fix Iter
INFO: [Route 35-416] Intermediate Timing Summary | WNS=-2.264 | TNS=-205.093| WHS=-0.039 | THS=-0.039 |


Phase 7.1.1 Lut RouteThru Assignment for hold
Phase 7.1.1 Lut RouteThru Assignment for hold | Checksum: 1a3f75e6b

Time (s): cpu = 00:01:17 ; elapsed = 00:00:57 . Memory (MB): peak = 2206.910 ; gain = 164.305
Phase 7.1 Hold Fix Iter | Checksum: 1a3f75e6b

Time (s): cpu = 00:01:17 ; elapsed = 00:00:57 . Memory (MB): peak = 2206.910 ; gain = 164.305

Phase 7.2 Non Free Resource Hold Fix Iter
Phase 7.2 Non Free Resource Hold Fix Iter | Checksum: 256398cb8

Time (s): cpu = 00:01:17 ; elapsed = 00:00:58 . Memory (MB): peak = 2206.910 ; gain = 164.305
Phase 7 Post Hold Fix | Checksum: 256398cb8

Time (s): cpu = 00:01:17 ; elapsed = 00:00:58 . Memory (MB): peak = 2206.910 ; gain = 164.305

Phase 8 Route finalize

Router Utilization Summary
  Global Vertical Routing Utilization    = 3.49709 %
  Global Horizontal Routing Utilization  = 4.76002 %
  Routable Net Status*
  *Does not include unroutable nets such as driverless and loadless.
  Run report_route_status for detailed report.
  Number of Failed Nets               = 0
    (Failed Nets is the sum of unrouted and partially routed nets)
  Number of Unrouted Nets             = 0
  Number of Partially Routed Nets     = 0
  Number of Node Overlaps             = 0


--GLOBAL Congestion:
Utilization threshold used for congestion level computation: 0.85
Congestion Report
North Dir 1x1 Area, Max Cong = 63.964%, No Congested Regions.
South Dir 1x1 Area, Max Cong = 54.955%, No Congested Regions.
East Dir 1x1 Area, Max Cong = 58.8235%, No Congested Regions.
West Dir 1x1 Area, Max Cong = 55.8824%, No Congested Regions.

------------------------------
Reporting congestion hotspots
------------------------------
Direction: North
----------------
Congested clusters found at Level 0
Effective congestion level: 0 Aspect Ratio: 1 Sparse Ratio: 0
Direction: South
----------------
Congested clusters found at Level 0
Effective congestion level: 0 Aspect Ratio: 1 Sparse Ratio: 0
Direction: East
----------------
Congested clusters found at Level 0
Effective congestion level: 0 Aspect Ratio: 1 Sparse Ratio: 0
Direction: West
----------------
Congested clusters found at Level 0
Effective congestion level: 0 Aspect Ratio: 1 Sparse Ratio: 0

Phase 8 Route finalize | Checksum: 256398cb8

Time (s): cpu = 00:01:17 ; elapsed = 00:00:58 . Memory (MB): peak = 2206.910 ; gain = 164.305

Phase 9 Verifying routed nets

 Verification completed successfully
Phase 9 Verifying routed nets | Checksum: 256398cb8

Time (s): cpu = 00:01:17 ; elapsed = 00:00:58 . Memory (MB): peak = 2206.910 ; gain = 164.305

Phase 10 Depositing Routes
Phase 10 Depositing Routes | Checksum: 292ab1588

Time (s): cpu = 00:01:18 ; elapsed = 00:00:59 . Memory (MB): peak = 2206.910 ; gain = 164.305

Phase 11 Post Process Routing
Phase 11 Post Process Routing | Checksum: 292ab1588

Time (s): cpu = 00:01:18 ; elapsed = 00:00:59 . Memory (MB): peak = 2206.910 ; gain = 164.305

Phase 12 Post Router Timing

Phase 12.1 Update Timing
Phase 12.1 Update Timing | Checksum: 292ab1588

Time (s): cpu = 00:01:20 ; elapsed = 00:01:00 . Memory (MB): peak = 2206.910 ; gain = 164.305
INFO: [Route 35-57] Estimated Timing Summary | WNS=-2.264 | TNS=-205.093| WHS=0.051  | THS=0.000  |

WARNING: [Route 35-328] Router estimated timing not met.
Resolution: For a complete and accurate timing signoff, report_timing_summary must be run after route_design. Alternatively, route_design can be run with the -timing_summary option to enable a complete timing signoff at the end of route_design.
Phase 12 Post Router Timing | Checksum: 292ab1588

Time (s): cpu = 00:01:20 ; elapsed = 00:01:00 . Memory (MB): peak = 2206.910 ; gain = 164.305
Total Elapsed time in route_design: 59.647 secs

Phase 13 Post-Route Event Processing
Phase 13 Post-Route Event Processing | Checksum: 126e8be30

Time (s): cpu = 00:01:20 ; elapsed = 00:01:00 . Memory (MB): peak = 2206.910 ; gain = 164.305
INFO: [Route 35-16] Router Completed Successfully
Ending Routing Task | Checksum: 126e8be30

Time (s): cpu = 00:01:21 ; elapsed = 00:01:00 . Memory (MB): peak = 2206.910 ; gain = 164.305

Routing Is Done.
INFO: [Common 17-83] Releasing license: Implementation
432 Infos, 3 Warnings, 1 Critical Warnings and 0 Errors encountered.
route_design completed successfully
route_design: Time (s): cpu = 00:01:23 ; elapsed = 00:01:01 . Memory (MB): peak = 2206.910 ; gain = 164.305
INFO: [Vivado 12-24828] Executing command : report_drc -file fpga_mnist_wrapper_drc_routed.rpt -pb fpga_mnist_wrapper_drc_routed.pb -rpx fpga_mnist_wrapper_drc_routed.rpx
Command: report_drc -file fpga_mnist_wrapper_drc_routed.rpt -pb fpga_mnist_wrapper_drc_routed.pb -rpx fpga_mnist_wrapper_drc_routed.rpx
INFO: [IP_Flow 19-1839] IP Catalog is up to date.
INFO: [DRC 23-27] Running DRC with 2 threads
INFO: [Vivado_Tcl 2-168] The results of DRC are in file C:/vitis_mnist/clean_build/clean_build.runs/impl_1/fpga_mnist_wrapper_drc_routed.rpt.
report_drc completed successfully
report_drc: Time (s): cpu = 00:00:10 ; elapsed = 00:00:06 . Memory (MB): peak = 2206.910 ; gain = 0.000
INFO: [Vivado 12-24828] Executing command : report_methodology -file fpga_mnist_wrapper_methodology_drc_routed.rpt -pb fpga_mnist_wrapper_methodology_drc_routed.pb -rpx fpga_mnist_wrapper_methodology_drc_routed.rpx
Command: report_methodology -file fpga_mnist_wrapper_methodology_drc_routed.rpt -pb fpga_mnist_wrapper_methodology_drc_routed.pb -rpx fpga_mnist_wrapper_methodology_drc_routed.rpx
INFO: [Timing 38-35] Done setting XDC timing constraints.
INFO: [DRC 23-133] Running Methodology with 2 threads
INFO: [Vivado_Tcl 2-1520] The results of Report Methodology are in file C:/vitis_mnist/clean_build/clean_build.runs/impl_1/fpga_mnist_wrapper_methodology_drc_routed.rpt.
report_methodology completed successfully
report_methodology: Time (s): cpu = 00:00:17 ; elapsed = 00:00:09 . Memory (MB): peak = 2235.520 ; gain = 28.609
INFO: [Vivado 12-24828] Executing command : report_timing_summary -max_paths 10 -report_unconstrained -file fpga_mnist_wrapper_timing_summary_routed.rpt -pb fpga_mnist_wrapper_timing_summary_routed.pb -rpx fpga_mnist_wrapper_timing_summary_routed.rpx -warn_on_violation 
INFO: [Timing 38-35] Done setting XDC timing constraints.
INFO: [Timing 38-91] UpdateTimingParams: Speed grade: -1, Delay Type: min_max.
INFO: [Timing 38-191] Multithreading enabled for timing update using a maximum of 2 CPUs
CRITICAL WARNING: [Timing 38-282] The design failed to meet the timing requirements. Please see the timing summary report for details on the timing violations.
WARNING: [Timing 38-436] There are set_bus_skew constraint(s) in this design. Please run report_bus_skew to ensure that bus skew requirements are met.
INFO: [Vivado 12-24838] Running report commands "report_incremental_reuse, report_route_status" in parallel.
Running report generation with 2 threads.
INFO: [Vivado 12-24828] Executing command : report_incremental_reuse -file fpga_mnist_wrapper_incremental_reuse_routed.rpt
INFO: [Vivado_Tcl 4-1062] Incremental flow is disabled. No incremental reuse Info to report.
INFO: [Vivado 12-24828] Executing command : report_route_status -file fpga_mnist_wrapper_route_status.rpt -pb fpga_mnist_wrapper_route_status.pb
INFO: [Vivado 12-24828] Executing command : report_power -file fpga_mnist_wrapper_power_routed.rpt -pb fpga_mnist_wrapper_power_summary_routed.pb -rpx fpga_mnist_wrapper_power_routed.rpx
Command: report_power -file fpga_mnist_wrapper_power_routed.rpt -pb fpga_mnist_wrapper_power_summary_routed.pb -rpx fpga_mnist_wrapper_power_routed.rpx
Running Vector-less Activity Propagation...

Finished Running Vector-less Activity Propagation
WARNING: [Power 33-332] Found switching activity that implies high-fanout reset nets being asserted for excessive periods of time which may result in inaccurate power analysis.
Resolution: To review and fix problems, please run Power Constraints Advisor in the GUI from Tools > Power Constraints Advisor or run report_power with the -advisory option to generate a text report.
449 Infos, 5 Warnings, 2 Critical Warnings and 0 Errors encountered.
report_power completed successfully
INFO: [Vivado 12-24828] Executing command : report_clock_utilization -file fpga_mnist_wrapper_clock_utilization_routed.rpt
INFO: [Vivado 12-24828] Executing command : report_bus_skew -warn_on_violation -file fpga_mnist_wrapper_bus_skew_routed.rpt -pb fpga_mnist_wrapper_bus_skew_routed.pb -rpx fpga_mnist_wrapper_bus_skew_routed.rpx
INFO: [Timing 38-91] UpdateTimingParams: Speed grade: -1, Delay Type: min_max.
INFO: [Timing 38-191] Multithreading enabled for timing update using a maximum of 2 CPUs
generate_parallel_reports: Time (s): cpu = 00:00:38 ; elapsed = 00:00:23 . Memory (MB): peak = 2269.223 ; gain = 62.312
INFO: [Timing 38-480] Writing timing data to binary archive.
Write ShapeDB Complete: Time (s): cpu = 00:00:01 ; elapsed = 00:00:00.056 . Memory (MB): peak = 2295.121 ; gain = 8.891
Wrote PlaceDB: Time (s): cpu = 00:00:05 ; elapsed = 00:00:02 . Memory (MB): peak = 2307.117 ; gain = 20.887
Wrote PulsedLatchDB: Time (s): cpu = 00:00:00 ; elapsed = 00:00:00 . Memory (MB): peak = 2307.117 ; gain = 0.000
Writing XDEF routing.
Writing XDEF routing logical nets.
Writing XDEF routing special nets.
Wrote RouteStorage: Time (s): cpu = 00:00:01 ; elapsed = 00:00:00.268 . Memory (MB): peak = 2307.117 ; gain = 0.000
Wrote Netlist Cache: Time (s): cpu = 00:00:00 ; elapsed = 00:00:00.042 . Memory (MB): peak = 2307.117 ; gain = 0.000
Wrote Device Cache: Time (s): cpu = 00:00:00 ; elapsed = 00:00:00.011 . Memory (MB): peak = 2307.117 ; gain = 0.000
Write Physdb Complete: Time (s): cpu = 00:00:06 ; elapsed = 00:00:02 . Memory (MB): peak = 2307.117 ; gain = 20.887
INFO: [Common 17-1381] The checkpoint 'C:/vitis_mnist/clean_build/clean_build.runs/impl_1/fpga_mnist_wrapper_routed.dcp' has been generated.
INFO: [Common 17-206] Exiting Vivado at Fri Jan 30 12:33:24 2026...

*** Running vivado
    with args -log fpga_mnist_wrapper.vdi -applog -m64 -product Vivado -messageDb vivado.pb -mode batch -source fpga_mnist_wrapper.tcl -notrace



****** Vivado v2024.2 (64-bit)
  **** SW Build 5239630 on Fri Nov 08 22:35:27 MST 2024
  **** IP Build 5239520 on Sun Nov 10 16:12:51 MST 2024
  **** SharedData Build 5239561 on Fri Nov 08 14:39:27 MST 2024
  **** Start of session at: Fri Jan 30 12:33:45 2026
    ** Copyright 1986-2022 Xilinx, Inc. All Rights Reserved.
    ** Copyright 2022-2024 Advanced Micro Devices, Inc. All Rights Reserved.

source fpga_mnist_wrapper.tcl -notrace
Command: open_checkpoint fpga_mnist_wrapper_routed.dcp
INFO: [Device 21-403] Loading part xc7a35tcpg236-1
Netlist sorting complete. Time (s): cpu = 00:00:01 ; elapsed = 00:00:00.434 . Memory (MB): peak = 629.355 ; gain = 0.000
INFO: [Netlist 29-17] Analyzing 889 Unisim elements for replacement
INFO: [Netlist 29-28] Unisim Transformation completed in 0 CPU seconds
INFO: [Project 1-479] Netlist was created with Vivado 2024.2
INFO: [Project 1-570] Preparing netlist for logic optimization
Read ShapeDB Complete: Time (s): cpu = 00:00:00 ; elapsed = 00:00:00.033 . Memory (MB): peak = 793.602 ; gain = 0.992
INFO: [Timing 38-478] Restoring timing data from binary archive.
INFO: [Timing 38-479] Binary timing data restore complete.
INFO: [Project 1-856] Restoring constraints from binary archive.
INFO: [Project 1-853] Binary constraint restore complete.
INFO: [Designutils 20-5722] Start Reading Physical Databases.
Reading placement.
Read Netlist Cache: Time (s): cpu = 00:00:00 ; elapsed = 00:00:00.019 . Memory (MB): peak = 1382.500 ; gain = 0.000
Reading placer database...
Read Device Cache: Time (s): cpu = 00:00:00 ; elapsed = 00:00:00.006 . Memory (MB): peak = 1382.500 ; gain = 0.000
Read PlaceDB: Time (s): cpu = 00:00:01 ; elapsed = 00:00:00.768 . Memory (MB): peak = 1382.500 ; gain = 0.000
Read PulsedLatchDB: Time (s): cpu = 00:00:00 ; elapsed = 00:00:00.001 . Memory (MB): peak = 1382.500 ; gain = 0.000
Reading routing.
Read RouteStorage: Time (s): cpu = 00:00:00 ; elapsed = 00:00:00.232 . Memory (MB): peak = 1382.500 ; gain = 0.000
Read Physdb Files: Time (s): cpu = 00:00:01 ; elapsed = 00:00:01 . Memory (MB): peak = 1382.500 ; gain = 0.000
Restored from archive | CPU: 1.000000 secs | Memory: 0.000000 MB |
Finished XDEF File Restore: Time (s): cpu = 00:00:01 ; elapsed = 00:00:01 . Memory (MB): peak = 1382.500 ; gain = 0.578
Netlist sorting complete. Time (s): cpu = 00:00:00 ; elapsed = 00:00:00.011 . Memory (MB): peak = 1382.500 ; gain = 0.000
INFO: [Project 1-111] Unisim Transformation Summary:
  A total of 243 instances were transformed.
  CFGLUT5 => CFGLUT5 (SRL16E, SRLC32E): 124 instances
  LUT6_2 => LUT6_2 (LUT5, LUT6): 95 instances
  RAM16X1D => RAM32X1D (RAMD32(x2)): 1 instance 
  RAM32M => RAM32M (RAMD32(x6), RAMS32(x2)): 22 instances
  SRLC16E => SRL16E: 1 instance 

INFO: [Project 1-604] Checkpoint was created with Vivado v2024.2 (64-bit) build 5239630
open_checkpoint: Time (s): cpu = 00:00:18 ; elapsed = 00:00:21 . Memory (MB): peak = 1383.789 ; gain = 1081.145
INFO: [Memdata 28-167] Found XPM memory block fpga_mnist_i/axi_smc/inst/switchboards/i_nodes/i_w_node/inst/inst_si_handler/gen_si_handler.gen_request_fifos.gen_req_fifo[0].inst_req_fifo/gen_xpm_memory_fifo.inst_fifo/gen_mem_rep[0].inst_xpm_memory/xpm_memory_base_inst with a P_MEMORY_PRIMITIVE property set to distributed. A value of block is required. You will not be able to use the updatemem program to update the bitstream with new data for the fpga_mnist_i/axi_smc/inst/switchboards/i_nodes/i_w_node/inst/inst_si_handler/gen_si_handler.gen_request_fifos.gen_req_fifo[0].inst_req_fifo/gen_xpm_memory_fifo.inst_fifo/gen_mem_rep[0].inst_xpm_memory/xpm_memory_base_inst block.
Command: write_bitstream -force fpga_mnist_wrapper.bit
Attempting to get a license for feature 'Implementation' and/or device 'xc7a35t'
INFO: [Common 17-349] Got license for feature 'Implementation' and/or device 'xc7a35t'
Running DRC as a precondition to command write_bitstream
INFO: [IP_Flow 19-234] Refreshing IP repositories
INFO: [IP_Flow 19-1704] No user IP repositories specified
INFO: [IP_Flow 19-2313] Loaded Vivado IP repository 'C:/Xilinx/Vivado/2024.2/data/ip'.
INFO: [DRC 23-27] Running DRC with 2 threads
INFO: [Vivado 12-3199] DRC finished with 0 Errors
INFO: [Vivado 12-3200] Please refer to the DRC report (report_drc) for more information.
INFO: [Designutils 20-2272] Running write_bitstream with 2 threads.
Loading data files...
Loading site data...
Loading route data...
Processing options...
Creating bitmap...
Creating bitstream...
Writing bitstream ./fpga_mnist_wrapper.bit...
INFO: [Vivado 12-1842] Bitgen Completed Successfully.
INFO: [Project 1-1876] WebTalk data collection is mandatory when using a ULT device. To see the specific WebTalk data collected for your design, open the usage_statistics_webtalk.html or usage_statistics_webtalk.xml file in the implementation directory.
INFO: [Common 17-83] Releasing license: Implementation
24 Infos, 0 Warnings, 0 Critical Warnings and 0 Errors encountered.
write_bitstream completed successfully
write_bitstream: Time (s): cpu = 00:00:32 ; elapsed = 00:00:22 . Memory (MB): peak = 1981.535 ; gain = 582.871
INFO: [Common 17-206] Exiting Vivado at Fri Jan 30 12:34:31 2026...
